TimeQuest Timing Analyzer report for Processador_GUI_MIPS
Mon Jul 28 22:23:37 2025
Quartus Prime Version 17.1.0 Build 590 10/25/2017 SJ Lite Edition


---------------------
; Table of Contents ;
---------------------
  1. Legal Notice
  2. TimeQuest Timing Analyzer Summary
  3. Parallel Compilation
  4. Clocks
  5. Slow 1200mV 85C Model Fmax Summary
  6. Timing Closure Recommendations
  7. Slow 1200mV 85C Model Setup Summary
  8. Slow 1200mV 85C Model Hold Summary
  9. Slow 1200mV 85C Model Recovery Summary
 10. Slow 1200mV 85C Model Removal Summary
 11. Slow 1200mV 85C Model Minimum Pulse Width Summary
 12. Slow 1200mV 85C Model Setup: 'CLOCK_50'
 13. Slow 1200mV 85C Model Hold: 'CLOCK_50'
 14. Slow 1200mV 85C Model Metastability Summary
 15. Slow 1200mV 0C Model Fmax Summary
 16. Slow 1200mV 0C Model Setup Summary
 17. Slow 1200mV 0C Model Hold Summary
 18. Slow 1200mV 0C Model Recovery Summary
 19. Slow 1200mV 0C Model Removal Summary
 20. Slow 1200mV 0C Model Minimum Pulse Width Summary
 21. Slow 1200mV 0C Model Setup: 'CLOCK_50'
 22. Slow 1200mV 0C Model Hold: 'CLOCK_50'
 23. Slow 1200mV 0C Model Metastability Summary
 24. Fast 1200mV 0C Model Setup Summary
 25. Fast 1200mV 0C Model Hold Summary
 26. Fast 1200mV 0C Model Recovery Summary
 27. Fast 1200mV 0C Model Removal Summary
 28. Fast 1200mV 0C Model Minimum Pulse Width Summary
 29. Fast 1200mV 0C Model Setup: 'CLOCK_50'
 30. Fast 1200mV 0C Model Hold: 'CLOCK_50'
 31. Fast 1200mV 0C Model Metastability Summary
 32. Multicorner Timing Analysis Summary
 33. Board Trace Model Assignments
 34. Input Transition Times
 35. Signal Integrity Metrics (Slow 1200mv 0c Model)
 36. Signal Integrity Metrics (Slow 1200mv 85c Model)
 37. Signal Integrity Metrics (Fast 1200mv 0c Model)
 38. Setup Transfers
 39. Hold Transfers
 40. Report TCCS
 41. Report RSKM
 42. Unconstrained Paths Summary
 43. Clock Status Summary
 44. Unconstrained Input Ports
 45. Unconstrained Output Ports
 46. Unconstrained Input Ports
 47. Unconstrained Output Ports
 48. TimeQuest Timing Analyzer Messages



----------------
; Legal Notice ;
----------------
Copyright (C) 2017  Intel Corporation. All rights reserved.
Your use of Intel Corporation's design tools, logic functions 
and other software and tools, and its AMPP partner logic 
functions, and any output files from any of the foregoing 
(including device programming or simulation files), and any 
associated documentation or information are expressly subject 
to the terms and conditions of the Intel Program License 
Subscription Agreement, the Intel Quartus Prime License Agreement,
the Intel FPGA IP License Agreement, or other applicable license
agreement, including, without limitation, that your use is for
the sole purpose of programming logic devices manufactured by
Intel and sold by Intel or its authorized distributors.  Please
refer to the applicable agreement for further details.



+-----------------------------------------------------------------------------+
; TimeQuest Timing Analyzer Summary                                           ;
+-----------------------+-----------------------------------------------------+
; Quartus Prime Version ; Version 17.1.0 Build 590 10/25/2017 SJ Lite Edition ;
; Timing Analyzer       ; TimeQuest                                           ;
; Revision Name         ; Processador_GUI_MIPS                                ;
; Device Family         ; Cyclone IV E                                        ;
; Device Name           ; EP4CE115F29C7                                       ;
; Timing Models         ; Final                                               ;
; Delay Model           ; Combined                                            ;
; Rise/Fall Delays      ; Enabled                                             ;
+-----------------------+-----------------------------------------------------+


+------------------------------------------+
; Parallel Compilation                     ;
+----------------------------+-------------+
; Processors                 ; Number      ;
+----------------------------+-------------+
; Number detected on machine ; 12          ;
; Maximum allowed            ; 6           ;
;                            ;             ;
; Average used               ; 1.06        ;
; Maximum used               ; 6           ;
;                            ;             ;
; Usage by Processor         ; % Time Used ;
;     Processor 1            ; 100.0%      ;
;     Processor 2            ;   1.3%      ;
;     Processor 3            ;   1.3%      ;
;     Processor 4            ;   1.2%      ;
;     Processors 5-6         ;   0.9%      ;
+----------------------------+-------------+


+--------------------------------------------------------------------------------------------------------------------------------------------------------------------------------------+
; Clocks                                                                                                                                                                               ;
+------------+------+--------+------------+-------+-------+------------+-----------+-------------+-------+--------+-----------+------------+----------+--------+--------+--------------+
; Clock Name ; Type ; Period ; Frequency  ; Rise  ; Fall  ; Duty Cycle ; Divide by ; Multiply by ; Phase ; Offset ; Edge List ; Edge Shift ; Inverted ; Master ; Source ; Targets      ;
+------------+------+--------+------------+-------+-------+------------+-----------+-------------+-------+--------+-----------+------------+----------+--------+--------+--------------+
; CLOCK_50   ; Base ; 1.000  ; 1000.0 MHz ; 0.000 ; 0.500 ;            ;           ;             ;       ;        ;           ;            ;          ;        ;        ; { CLOCK_50 } ;
+------------+------+--------+------------+-------+-------+------------+-----------+-------------+-------+--------+-----------+------------+----------+--------+--------+--------------+


+------------------------------------------------+
; Slow 1200mV 85C Model Fmax Summary             ;
+----------+-----------------+------------+------+
; Fmax     ; Restricted Fmax ; Clock Name ; Note ;
+----------+-----------------+------------+------+
; 7.12 MHz ; 7.12 MHz        ; CLOCK_50   ;      ;
+----------+-----------------+------------+------+
This panel reports FMAX for every clock in the design, regardless of the user-specified clock periods.  FMAX is only computed for paths where the source and destination registers or ports are driven by the same clock.  Paths of different clocks, including generated clocks, are ignored.  For paths between a clock and its inversion, FMAX is computed as if the rising and falling edges are scaled along with FMAX, such that the duty cycle (in terms of a percentage) is maintained. Altera recommends that you always use clock constraints and other slack reports for sign-off analysis.


----------------------------------
; Timing Closure Recommendations ;
----------------------------------
HTML report is unavailable in plain text report export.


+-------------------------------------+
; Slow 1200mV 85C Model Setup Summary ;
+----------+----------+---------------+
; Clock    ; Slack    ; End Point TNS ;
+----------+----------+---------------+
; CLOCK_50 ; -139.525 ; -4428253.982  ;
+----------+----------+---------------+


+------------------------------------+
; Slow 1200mV 85C Model Hold Summary ;
+----------+-------+-----------------+
; Clock    ; Slack ; End Point TNS   ;
+----------+-------+-----------------+
; CLOCK_50 ; 0.878 ; 0.000           ;
+----------+-------+-----------------+


------------------------------------------
; Slow 1200mV 85C Model Recovery Summary ;
------------------------------------------
No paths to report.


-----------------------------------------
; Slow 1200mV 85C Model Removal Summary ;
-----------------------------------------
No paths to report.


+---------------------------------------------------+
; Slow 1200mV 85C Model Minimum Pulse Width Summary ;
+----------+--------+-------------------------------+
; Clock    ; Slack  ; End Point TNS                 ;
+----------+--------+-------------------------------+
; CLOCK_50 ; -3.000 ; -43436.492                    ;
+----------+--------+-------------------------------+


+--------------------------------------------------------------------------------------------------------------------------------------------------------------------------------------------------------------------+
; Slow 1200mV 85C Model Setup: 'CLOCK_50'                                                                                                                                                                            ;
+----------+---------------------------------------------------------------------------------------------------------+-------------------------+--------------+-------------+--------------+------------+------------+
; Slack    ; From Node                                                                                               ; To Node                 ; Launch Clock ; Latch Clock ; Relationship ; Clock Skew ; Data Delay ;
+----------+---------------------------------------------------------------------------------------------------------+-------------------------+--------------+-------------+--------------+------------+------------+
; -139.525 ; single_port_rom:ROM|altsyncram:rom_rtl_0|altsyncram_ec91:auto_generated|ram_block1a0~porta_address_reg0 ; regfile64:RF|rf[14][24] ; CLOCK_50     ; CLOCK_50    ; 1.000        ; -0.433     ; 140.090    ;
; -138.908 ; single_port_rom:ROM|altsyncram:rom_rtl_0|altsyncram_ec91:auto_generated|ram_block1a0~porta_address_reg0 ; regfile64:RF|rf[28][31] ; CLOCK_50     ; CLOCK_50    ; 1.000        ; -0.008     ; 139.898    ;
; -138.829 ; single_port_rom:ROM|altsyncram:rom_rtl_0|altsyncram_ec91:auto_generated|ram_block1a0~porta_address_reg0 ; regfile64:RF|rf[6][24]  ; CLOCK_50     ; CLOCK_50    ; 1.000        ; -0.075     ; 139.752    ;
; -138.794 ; single_port_rom:ROM|altsyncram:rom_rtl_0|altsyncram_ec91:auto_generated|ram_block1a0~porta_address_reg0 ; regfile64:RF|rf[3][24]  ; CLOCK_50     ; CLOCK_50    ; 1.000        ; -0.043     ; 139.749    ;
; -138.786 ; single_port_rom:ROM|altsyncram:rom_rtl_0|altsyncram_ec91:auto_generated|ram_block1a0~porta_address_reg0 ; regfile64:RF|rf[11][24] ; CLOCK_50     ; CLOCK_50    ; 1.000        ; -0.032     ; 139.752    ;
; -138.774 ; single_port_rom:ROM|altsyncram:rom_rtl_0|altsyncram_ec91:auto_generated|ram_block1a0~porta_address_reg0 ; regfile64:RF|rf[5][0]   ; CLOCK_50     ; CLOCK_50    ; 1.000        ; -0.036     ; 139.736    ;
; -138.753 ; single_port_rom:ROM|altsyncram:rom_rtl_0|altsyncram_ec91:auto_generated|ram_block1a0~porta_address_reg0 ; regfile64:RF|rf[8][24]  ; CLOCK_50     ; CLOCK_50    ; 1.000        ; 0.001      ; 139.752    ;
; -138.748 ; single_port_rom:ROM|altsyncram:rom_rtl_0|altsyncram_ec91:auto_generated|ram_block1a0~porta_address_reg0 ; regfile64:RF|rf[7][0]   ; CLOCK_50     ; CLOCK_50    ; 1.000        ; -0.022     ; 139.724    ;
; -138.715 ; single_port_rom:ROM|altsyncram:rom_rtl_0|altsyncram_ec91:auto_generated|ram_block1a0~porta_address_reg0 ; regfile64:RF|rf[4][0]   ; CLOCK_50     ; CLOCK_50    ; 1.000        ; 0.011      ; 139.724    ;
; -138.704 ; single_port_rom:ROM|altsyncram:rom_rtl_0|altsyncram_ec91:auto_generated|ram_block1a0~porta_address_reg0 ; regfile64:RF|rf[1][0]   ; CLOCK_50     ; CLOCK_50    ; 1.000        ; -0.023     ; 139.679    ;
; -138.671 ; single_port_rom:ROM|altsyncram:rom_rtl_0|altsyncram_ec91:auto_generated|ram_block1a0~porta_address_reg0 ; regfile64:RF|rf[2][0]   ; CLOCK_50     ; CLOCK_50    ; 1.000        ; 0.011      ; 139.680    ;
; -138.662 ; single_port_rom:ROM|altsyncram:rom_rtl_0|altsyncram_ec91:auto_generated|ram_block1a0~porta_address_reg0 ; regfile64:RF|rf[1][31]  ; CLOCK_50     ; CLOCK_50    ; 1.000        ; -0.061     ; 139.599    ;
; -138.652 ; single_port_rom:ROM|altsyncram:rom_rtl_0|altsyncram_ec91:auto_generated|ram_block1a0~porta_address_reg0 ; regfile64:RF|rf[11][31] ; CLOCK_50     ; CLOCK_50    ; 1.000        ; -0.027     ; 139.623    ;
; -138.645 ; single_port_rom:ROM|altsyncram:rom_rtl_0|altsyncram_ec91:auto_generated|ram_block1a0~porta_address_reg0 ; regfile64:RF|rf[24][31] ; CLOCK_50     ; CLOCK_50    ; 1.000        ; -0.046     ; 139.597    ;
; -138.644 ; single_port_rom:ROM|altsyncram:rom_rtl_0|altsyncram_ec91:auto_generated|ram_block1a0~porta_address_reg0 ; regfile64:RF|rf[10][24] ; CLOCK_50     ; CLOCK_50    ; 1.000        ; -0.072     ; 139.570    ;
; -138.632 ; single_port_rom:ROM|altsyncram:rom_rtl_0|altsyncram_ec91:auto_generated|ram_block1a0~porta_address_reg0 ; regfile64:RF|rf[2][31]  ; CLOCK_50     ; CLOCK_50    ; 1.000        ; -0.032     ; 139.598    ;
; -138.612 ; single_port_rom:ROM|altsyncram:rom_rtl_0|altsyncram_ec91:auto_generated|ram_block1a0~porta_address_reg0 ; regfile64:RF|rf[20][31] ; CLOCK_50     ; CLOCK_50    ; 1.000        ; -0.013     ; 139.597    ;
; -138.592 ; single_port_rom:ROM|altsyncram:rom_rtl_0|altsyncram_ec91:auto_generated|ram_block1a0~porta_address_reg0 ; regfile64:RF|rf[9][24]  ; CLOCK_50     ; CLOCK_50    ; 1.000        ; -0.039     ; 139.551    ;
; -138.572 ; single_port_rom:ROM|altsyncram:rom_rtl_0|altsyncram_ec91:auto_generated|ram_block1a0~porta_address_reg0 ; pc[5]                   ; CLOCK_50     ; CLOCK_50    ; 1.000        ; -0.444     ; 139.126    ;
; -138.569 ; single_port_rom:ROM|altsyncram:rom_rtl_0|altsyncram_ec91:auto_generated|ram_block1a0~porta_address_reg0 ; pc[10]                  ; CLOCK_50     ; CLOCK_50    ; 1.000        ; -0.444     ; 139.123    ;
; -138.543 ; single_port_rom:ROM|altsyncram:rom_rtl_0|altsyncram_ec91:auto_generated|ram_block1a0~porta_address_reg0 ; regfile64:RF|rf[16][5]  ; CLOCK_50     ; CLOCK_50    ; 1.000        ; -0.037     ; 139.504    ;
; -138.537 ; single_port_rom:ROM|altsyncram:rom_rtl_0|altsyncram_ec91:auto_generated|ram_block1a0~porta_address_reg0 ; regfile64:RF|rf[19][24] ; CLOCK_50     ; CLOCK_50    ; 1.000        ; -0.041     ; 139.494    ;
; -138.517 ; single_port_rom:ROM|altsyncram:rom_rtl_0|altsyncram_ec91:auto_generated|ram_block1a0~porta_address_reg0 ; regfile64:RF|rf[27][24] ; CLOCK_50     ; CLOCK_50    ; 1.000        ; -0.039     ; 139.476    ;
; -138.509 ; single_port_rom:ROM|altsyncram:rom_rtl_0|altsyncram_ec91:auto_generated|ram_block1a0~porta_address_reg0 ; regfile64:RF|rf[24][5]  ; CLOCK_50     ; CLOCK_50    ; 1.000        ; -0.004     ; 139.503    ;
; -138.499 ; single_port_rom:ROM|altsyncram:rom_rtl_0|altsyncram_ec91:auto_generated|ram_block1a0~porta_address_reg0 ; regfile64:RF|rf[23][24] ; CLOCK_50     ; CLOCK_50    ; 1.000        ; -0.007     ; 139.490    ;
; -138.490 ; single_port_rom:ROM|altsyncram:rom_rtl_0|altsyncram_ec91:auto_generated|ram_block1a0~porta_address_reg0 ; pc[12]                  ; CLOCK_50     ; CLOCK_50    ; 1.000        ; -0.451     ; 139.037    ;
; -138.490 ; single_port_rom:ROM|altsyncram:rom_rtl_0|altsyncram_ec91:auto_generated|ram_block1a0~porta_address_reg0 ; pc[14]                  ; CLOCK_50     ; CLOCK_50    ; 1.000        ; -0.451     ; 139.037    ;
; -138.487 ; single_port_rom:ROM|altsyncram:rom_rtl_0|altsyncram_ec91:auto_generated|ram_block1a0~porta_address_reg0 ; regfile64:RF|rf[17][5]  ; CLOCK_50     ; CLOCK_50    ; 1.000        ; -0.008     ; 139.477    ;
; -138.465 ; single_port_rom:ROM|altsyncram:rom_rtl_0|altsyncram_ec91:auto_generated|ram_block1a0~porta_address_reg0 ; regfile64:RF|rf[29][31] ; CLOCK_50     ; CLOCK_50    ; 1.000        ; -0.071     ; 139.392    ;
; -138.463 ; single_port_rom:ROM|altsyncram:rom_rtl_0|altsyncram_ec91:auto_generated|ram_block1a0~porta_address_reg0 ; regfile64:RF|rf[12][31] ; CLOCK_50     ; CLOCK_50    ; 1.000        ; -0.034     ; 139.427    ;
; -138.460 ; single_port_rom:ROM|altsyncram:rom_rtl_0|altsyncram_ec91:auto_generated|ram_block1a0~porta_address_reg0 ; regfile64:RF|rf[12][24] ; CLOCK_50     ; CLOCK_50    ; 1.000        ; -0.064     ; 139.394    ;
; -138.457 ; single_port_rom:ROM|altsyncram:rom_rtl_0|altsyncram_ec91:auto_generated|ram_block1a0~porta_address_reg0 ; regfile64:RF|rf[7][13]  ; CLOCK_50     ; CLOCK_50    ; 1.000        ; -0.067     ; 139.388    ;
; -138.454 ; single_port_rom:ROM|altsyncram:rom_rtl_0|altsyncram_ec91:auto_generated|ram_block1a0~porta_address_reg0 ; regfile64:RF|rf[23][31] ; CLOCK_50     ; CLOCK_50    ; 1.000        ; -0.088     ; 139.364    ;
; -138.453 ; single_port_rom:ROM|altsyncram:rom_rtl_0|altsyncram_ec91:auto_generated|ram_block1a0~porta_address_reg0 ; regfile64:RF|rf[25][5]  ; CLOCK_50     ; CLOCK_50    ; 1.000        ; 0.025      ; 139.476    ;
; -138.442 ; single_port_rom:ROM|altsyncram:rom_rtl_0|altsyncram_ec91:auto_generated|ram_block1a0~porta_address_reg0 ; regfile64:RF|rf[1][13]  ; CLOCK_50     ; CLOCK_50    ; 1.000        ; -0.023     ; 139.417    ;
; -138.430 ; single_port_rom:ROM|altsyncram:rom_rtl_0|altsyncram_ec91:auto_generated|ram_block1a0~porta_address_reg0 ; regfile64:RF|rf[17][31] ; CLOCK_50     ; CLOCK_50    ; 1.000        ; -0.036     ; 139.392    ;
; -138.428 ; single_port_rom:ROM|altsyncram:rom_rtl_0|altsyncram_ec91:auto_generated|ram_block1a0~porta_address_reg0 ; regfile64:RF|rf[13][24] ; CLOCK_50     ; CLOCK_50    ; 1.000        ; -0.031     ; 139.395    ;
; -138.427 ; single_port_rom:ROM|altsyncram:rom_rtl_0|altsyncram_ec91:auto_generated|ram_block1a0~porta_address_reg0 ; pc[24]                  ; CLOCK_50     ; CLOCK_50    ; 1.000        ; -0.454     ; 138.971    ;
; -138.425 ; single_port_rom:ROM|altsyncram:rom_rtl_0|altsyncram_ec91:auto_generated|ram_block1a0~porta_address_reg0 ; pc[23]                  ; CLOCK_50     ; CLOCK_50    ; 1.000        ; -0.454     ; 138.969    ;
; -138.423 ; single_port_rom:ROM|altsyncram:rom_rtl_0|altsyncram_ec91:auto_generated|ram_block1a0~porta_address_reg0 ; pc[21]                  ; CLOCK_50     ; CLOCK_50    ; 1.000        ; -0.454     ; 138.967    ;
; -138.422 ; single_port_rom:ROM|altsyncram:rom_rtl_0|altsyncram_ec91:auto_generated|ram_block1a0~porta_address_reg0 ; regfile64:RF|rf[31][31] ; CLOCK_50     ; CLOCK_50    ; 1.000        ; -0.042     ; 139.378    ;
; -138.419 ; single_port_rom:ROM|altsyncram:rom_rtl_0|altsyncram_ec91:auto_generated|ram_block1a0~porta_address_reg0 ; regfile64:RF|rf[27][31] ; CLOCK_50     ; CLOCK_50    ; 1.000        ; -0.055     ; 139.362    ;
; -138.418 ; single_port_rom:ROM|altsyncram:rom_rtl_0|altsyncram_ec91:auto_generated|ram_block1a0~porta_address_reg0 ; regfile64:RF|rf[26][31] ; CLOCK_50     ; CLOCK_50    ; 1.000        ; -0.024     ; 139.392    ;
; -138.394 ; single_port_rom:ROM|altsyncram:rom_rtl_0|altsyncram_ec91:auto_generated|ram_block1a0~porta_address_reg0 ; regfile64:RF|rf[5][13]  ; CLOCK_50     ; CLOCK_50    ; 1.000        ; -0.003     ; 139.389    ;
; -138.394 ; single_port_rom:ROM|altsyncram:rom_rtl_0|altsyncram_ec91:auto_generated|ram_block1a0~porta_address_reg0 ; pc[7]                   ; CLOCK_50     ; CLOCK_50    ; 1.000        ; -0.444     ; 138.948    ;
; -138.393 ; single_port_rom:ROM|altsyncram:rom_rtl_0|altsyncram_ec91:auto_generated|ram_block1a0~porta_address_reg0 ; regfile64:RF|rf[2][13]  ; CLOCK_50     ; CLOCK_50    ; 1.000        ; -0.030     ; 139.361    ;
; -138.393 ; single_port_rom:ROM|altsyncram:rom_rtl_0|altsyncram_ec91:auto_generated|ram_block1a0~porta_address_reg0 ; pc[4]                   ; CLOCK_50     ; CLOCK_50    ; 1.000        ; -0.444     ; 138.947    ;
; -138.386 ; single_port_rom:ROM|altsyncram:rom_rtl_0|altsyncram_ec91:auto_generated|ram_block1a0~porta_address_reg0 ; regfile64:RF|rf[25][31] ; CLOCK_50     ; CLOCK_50    ; 1.000        ; -0.080     ; 139.304    ;
; -138.386 ; single_port_rom:ROM|altsyncram:rom_rtl_0|altsyncram_ec91:auto_generated|ram_block1a0~porta_address_reg0 ; regfile64:RF|rf[21][31] ; CLOCK_50     ; CLOCK_50    ; 1.000        ; -0.050     ; 139.334    ;
; -138.382 ; single_port_rom:ROM|altsyncram:rom_rtl_0|altsyncram_ec91:auto_generated|ram_block1a0~porta_address_reg0 ; regfile64:RF|rf[28][24] ; CLOCK_50     ; CLOCK_50    ; 1.000        ; -0.042     ; 139.338    ;
; -138.359 ; single_port_rom:ROM|altsyncram:rom_rtl_0|altsyncram_ec91:auto_generated|ram_block1a0~porta_address_reg0 ; regfile64:RF|rf[19][31] ; CLOCK_50     ; CLOCK_50    ; 1.000        ; -0.009     ; 139.348    ;
; -138.358 ; single_port_rom:ROM|altsyncram:rom_rtl_0|altsyncram_ec91:auto_generated|ram_block1a0~porta_address_reg0 ; regfile64:RF|rf[31][10] ; CLOCK_50     ; CLOCK_50    ; 1.000        ; -0.020     ; 139.336    ;
; -138.351 ; single_port_rom:ROM|altsyncram:rom_rtl_0|altsyncram_ec91:auto_generated|ram_block1a0~porta_address_reg0 ; regfile64:RF|rf[16][24] ; CLOCK_50     ; CLOCK_50    ; 1.000        ; -0.009     ; 139.340    ;
; -138.347 ; single_port_rom:ROM|altsyncram:rom_rtl_0|altsyncram_ec91:auto_generated|ram_block1a0~porta_address_reg0 ; pc[15]                  ; CLOCK_50     ; CLOCK_50    ; 1.000        ; -0.451     ; 138.894    ;
; -138.342 ; single_port_rom:ROM|altsyncram:rom_rtl_0|altsyncram_ec91:auto_generated|ram_block1a0~porta_address_reg0 ; pc[13]                  ; CLOCK_50     ; CLOCK_50    ; 1.000        ; -0.451     ; 138.889    ;
; -138.309 ; single_port_rom:ROM|altsyncram:rom_rtl_0|altsyncram_ec91:auto_generated|ram_block1a0~porta_address_reg0 ; regfile64:RF|rf[30][13] ; CLOCK_50     ; CLOCK_50    ; 1.000        ; 0.000      ; 139.307    ;
; -138.299 ; single_port_rom:ROM|altsyncram:rom_rtl_0|altsyncram_ec91:auto_generated|ram_block1a0~porta_address_reg0 ; regfile64:RF|rf[14][31] ; CLOCK_50     ; CLOCK_50    ; 1.000        ; -0.070     ; 139.227    ;
; -138.290 ; single_port_rom:ROM|altsyncram:rom_rtl_0|altsyncram_ec91:auto_generated|ram_block1a0~porta_address_reg0 ; pc[19]                  ; CLOCK_50     ; CLOCK_50    ; 1.000        ; -0.456     ; 138.832    ;
; -138.290 ; single_port_rom:ROM|altsyncram:rom_rtl_0|altsyncram_ec91:auto_generated|ram_block1a0~porta_address_reg0 ; pc[18]                  ; CLOCK_50     ; CLOCK_50    ; 1.000        ; -0.456     ; 138.832    ;
; -138.287 ; single_port_rom:ROM|altsyncram:rom_rtl_0|altsyncram_ec91:auto_generated|ram_block1a0~porta_address_reg0 ; regfile64:RF|rf[5][24]  ; CLOCK_50     ; CLOCK_50    ; 1.000        ; -0.003     ; 139.282    ;
; -138.287 ; single_port_rom:ROM|altsyncram:rom_rtl_0|altsyncram_ec91:auto_generated|ram_block1a0~porta_address_reg0 ; pc[2]                   ; CLOCK_50     ; CLOCK_50    ; 1.000        ; -0.442     ; 138.843    ;
; -138.267 ; single_port_rom:ROM|altsyncram:rom_rtl_0|altsyncram_ec91:auto_generated|ram_block1a0~porta_address_reg0 ; regfile64:RF|rf[30][31] ; CLOCK_50     ; CLOCK_50    ; 1.000        ; -0.037     ; 139.228    ;
; -138.266 ; single_port_rom:ROM|altsyncram:rom_rtl_0|altsyncram_ec91:auto_generated|ram_block1a0~porta_address_reg0 ; regfile64:RF|rf[13][31] ; CLOCK_50     ; CLOCK_50    ; 1.000        ; -0.037     ; 139.227    ;
; -138.263 ; single_port_rom:ROM|altsyncram:rom_rtl_0|altsyncram_ec91:auto_generated|ram_block1a0~porta_address_reg0 ; regfile64:RF|rf[6][31]  ; CLOCK_50     ; CLOCK_50    ; 1.000        ; -0.061     ; 139.200    ;
; -138.262 ; single_port_rom:ROM|altsyncram:rom_rtl_0|altsyncram_ec91:auto_generated|ram_block1a0~porta_address_reg0 ; regfile64:RF|rf[7][31]  ; CLOCK_50     ; CLOCK_50    ; 1.000        ; -0.063     ; 139.197    ;
; -138.259 ; single_port_rom:ROM|altsyncram:rom_rtl_0|altsyncram_ec91:auto_generated|ram_block1a0~porta_address_reg0 ; regfile64:RF|rf[22][31] ; CLOCK_50     ; CLOCK_50    ; 1.000        ; -0.066     ; 139.191    ;
; -138.258 ; single_port_rom:ROM|altsyncram:rom_rtl_0|altsyncram_ec91:auto_generated|ram_block1a0~porta_address_reg0 ; regfile64:RF|rf[24][24] ; CLOCK_50     ; CLOCK_50    ; 1.000        ; -0.039     ; 139.217    ;
; -138.252 ; single_port_rom:ROM|altsyncram:rom_rtl_0|altsyncram_ec91:auto_generated|ram_block1a0~porta_address_reg0 ; regfile64:RF|rf[4][28]  ; CLOCK_50     ; CLOCK_50    ; 1.000        ; -0.004     ; 139.246    ;
; -138.241 ; single_port_rom:ROM|altsyncram:rom_rtl_0|altsyncram_ec91:auto_generated|ram_block1a0~porta_address_reg0 ; regfile64:RF|rf[13][17] ; CLOCK_50     ; CLOCK_50    ; 1.000        ; -0.031     ; 139.208    ;
; -138.239 ; single_port_rom:ROM|altsyncram:rom_rtl_0|altsyncram_ec91:auto_generated|ram_block1a0~porta_address_reg0 ; pc[26]                  ; CLOCK_50     ; CLOCK_50    ; 1.000        ; -0.444     ; 138.793    ;
; -138.238 ; single_port_rom:ROM|altsyncram:rom_rtl_0|altsyncram_ec91:auto_generated|ram_block1a0~porta_address_reg0 ; pc[27]                  ; CLOCK_50     ; CLOCK_50    ; 1.000        ; -0.444     ; 138.792    ;
; -138.236 ; single_port_rom:ROM|altsyncram:rom_rtl_0|altsyncram_ec91:auto_generated|ram_block1a0~porta_address_reg0 ; regfile64:RF|rf[3][0]   ; CLOCK_50     ; CLOCK_50    ; 1.000        ; -0.043     ; 139.191    ;
; -138.235 ; single_port_rom:ROM|altsyncram:rom_rtl_0|altsyncram_ec91:auto_generated|ram_block1a0~porta_address_reg0 ; pc[25]                  ; CLOCK_50     ; CLOCK_50    ; 1.000        ; -0.444     ; 138.789    ;
; -138.235 ; single_port_rom:ROM|altsyncram:rom_rtl_0|altsyncram_ec91:auto_generated|ram_block1a0~porta_address_reg0 ; regfile64:RF|rf[18][31] ; CLOCK_50     ; CLOCK_50    ; 1.000        ; -0.004     ; 139.229    ;
; -138.232 ; single_port_rom:ROM|altsyncram:rom_rtl_0|altsyncram_ec91:auto_generated|ram_block1a0~porta_address_reg0 ; regfile64:RF|rf[4][31]  ; CLOCK_50     ; CLOCK_50    ; 1.000        ; -0.030     ; 139.200    ;
; -138.229 ; single_port_rom:ROM|altsyncram:rom_rtl_0|altsyncram_ec91:auto_generated|ram_block1a0~porta_address_reg0 ; regfile64:RF|rf[20][24] ; CLOCK_50     ; CLOCK_50    ; 1.000        ; -0.005     ; 139.222    ;
; -138.228 ; single_port_rom:ROM|altsyncram:rom_rtl_0|altsyncram_ec91:auto_generated|ram_block1a0~porta_address_reg0 ; regfile64:RF|rf[5][31]  ; CLOCK_50     ; CLOCK_50    ; 1.000        ; -0.028     ; 139.198    ;
; -138.227 ; single_port_rom:ROM|altsyncram:rom_rtl_0|altsyncram_ec91:auto_generated|ram_block1a0~porta_address_reg0 ; pc[6]                   ; CLOCK_50     ; CLOCK_50    ; 1.000        ; -0.444     ; 138.781    ;
; -138.223 ; single_port_rom:ROM|altsyncram:rom_rtl_0|altsyncram_ec91:auto_generated|ram_block1a0~porta_address_reg0 ; regfile64:RF|rf[6][26]  ; CLOCK_50     ; CLOCK_50    ; 1.000        ; 0.027      ; 139.248    ;
; -138.218 ; single_port_rom:ROM|altsyncram:rom_rtl_0|altsyncram_ec91:auto_generated|ram_block1a0~porta_address_reg0 ; regfile64:RF|rf[5][28]  ; CLOCK_50     ; CLOCK_50    ; 1.000        ; 0.029      ; 139.245    ;
; -138.208 ; single_port_rom:ROM|altsyncram:rom_rtl_0|altsyncram_ec91:auto_generated|ram_block1a0~porta_address_reg0 ; regfile64:RF|rf[27][10] ; CLOCK_50     ; CLOCK_50    ; 1.000        ; -0.064     ; 139.142    ;
; -138.195 ; single_port_rom:ROM|altsyncram:rom_rtl_0|altsyncram_ec91:auto_generated|ram_block1a0~porta_address_reg0 ; regfile64:RF|rf[29][24] ; CLOCK_50     ; CLOCK_50    ; 1.000        ; -0.046     ; 139.147    ;
; -138.192 ; single_port_rom:ROM|altsyncram:rom_rtl_0|altsyncram_ec91:auto_generated|ram_block1a0~porta_address_reg0 ; regfile64:RF|rf[13][13] ; CLOCK_50     ; CLOCK_50    ; 1.000        ; -0.434     ; 138.756    ;
; -138.191 ; single_port_rom:ROM|altsyncram:rom_rtl_0|altsyncram_ec91:auto_generated|ram_block1a0~porta_address_reg0 ; regfile64:RF|rf[15][13] ; CLOCK_50     ; CLOCK_50    ; 1.000        ; -0.434     ; 138.755    ;
; -138.175 ; single_port_rom:ROM|altsyncram:rom_rtl_0|altsyncram_ec91:auto_generated|ram_block1a0~porta_address_reg0 ; regfile64:RF|rf[10][31] ; CLOCK_50     ; CLOCK_50    ; 1.000        ; -0.037     ; 139.136    ;
; -138.172 ; single_port_rom:ROM|altsyncram:rom_rtl_0|altsyncram_ec91:auto_generated|ram_block1a0~porta_address_reg0 ; regfile64:RF|rf[1][10]  ; CLOCK_50     ; CLOCK_50    ; 1.000        ; -0.061     ; 139.109    ;
; -138.172 ; single_port_rom:ROM|altsyncram:rom_rtl_0|altsyncram_ec91:auto_generated|ram_block1a0~porta_address_reg0 ; regfile64:RF|rf[4][13]  ; CLOCK_50     ; CLOCK_50    ; 1.000        ; -0.061     ; 139.109    ;
; -138.167 ; single_port_rom:ROM|altsyncram:rom_rtl_0|altsyncram_ec91:auto_generated|ram_block1a0~porta_address_reg0 ; regfile64:RF|rf[3][13]  ; CLOCK_50     ; CLOCK_50    ; 1.000        ; -0.033     ; 139.132    ;
; -138.163 ; single_port_rom:ROM|altsyncram:rom_rtl_0|altsyncram_ec91:auto_generated|ram_block1a0~porta_address_reg0 ; pc[16]                  ; CLOCK_50     ; CLOCK_50    ; 1.000        ; -0.041     ; 139.120    ;
; -138.160 ; single_port_rom:ROM|altsyncram:rom_rtl_0|altsyncram_ec91:auto_generated|ram_block1a0~porta_address_reg0 ; regfile64:RF|rf[29][0]  ; CLOCK_50     ; CLOCK_50    ; 1.000        ; -0.071     ; 139.087    ;
; -138.158 ; single_port_rom:ROM|altsyncram:rom_rtl_0|altsyncram_ec91:auto_generated|ram_block1a0~porta_address_reg0 ; regfile64:RF|rf[21][24] ; CLOCK_50     ; CLOCK_50    ; 1.000        ; -0.011     ; 139.145    ;
; -138.157 ; single_port_rom:ROM|altsyncram:rom_rtl_0|altsyncram_ec91:auto_generated|ram_block1a0~porta_address_reg0 ; regfile64:RF|rf[13][8]  ; CLOCK_50     ; CLOCK_50    ; 1.000        ; -0.061     ; 139.094    ;
; -138.155 ; single_port_rom:ROM|altsyncram:rom_rtl_0|altsyncram_ec91:auto_generated|ram_block1a0~porta_address_reg0 ; pc[22]                  ; CLOCK_50     ; CLOCK_50    ; 1.000        ; -0.041     ; 139.112    ;
; -138.155 ; single_port_rom:ROM|altsyncram:rom_rtl_0|altsyncram_ec91:auto_generated|ram_block1a0~porta_address_reg0 ; pc[20]                  ; CLOCK_50     ; CLOCK_50    ; 1.000        ; -0.041     ; 139.112    ;
; -138.142 ; single_port_rom:ROM|altsyncram:rom_rtl_0|altsyncram_ec91:auto_generated|ram_block1a0~porta_address_reg0 ; regfile64:RF|rf[2][10]  ; CLOCK_50     ; CLOCK_50    ; 1.000        ; -0.032     ; 139.108    ;
; -138.137 ; single_port_rom:ROM|altsyncram:rom_rtl_0|altsyncram_ec91:auto_generated|ram_block1a0~porta_address_reg0 ; regfile64:RF|rf[12][0]  ; CLOCK_50     ; CLOCK_50    ; 1.000        ; -0.033     ; 139.102    ;
; -138.130 ; single_port_rom:ROM|altsyncram:rom_rtl_0|altsyncram_ec91:auto_generated|ram_block1a0~porta_address_reg0 ; regfile64:RF|rf[10][29] ; CLOCK_50     ; CLOCK_50    ; 1.000        ; -0.060     ; 139.068    ;
; -138.128 ; single_port_rom:ROM|altsyncram:rom_rtl_0|altsyncram_ec91:auto_generated|ram_block1a0~porta_address_reg0 ; regfile64:RF|rf[18][24] ; CLOCK_50     ; CLOCK_50    ; 1.000        ; -0.052     ; 139.074    ;
; -138.127 ; single_port_rom:ROM|altsyncram:rom_rtl_0|altsyncram_ec91:auto_generated|ram_block1a0~porta_address_reg0 ; regfile64:RF|rf[17][0]  ; CLOCK_50     ; CLOCK_50    ; 1.000        ; -0.036     ; 139.089    ;
; -138.126 ; single_port_rom:ROM|altsyncram:rom_rtl_0|altsyncram_ec91:auto_generated|ram_block1a0~porta_address_reg0 ; regfile64:RF|rf[1][24]  ; CLOCK_50     ; CLOCK_50    ; 1.000        ; -0.023     ; 139.101    ;
+----------+---------------------------------------------------------------------------------------------------------+-------------------------+--------------+-------------+--------------+------------+------------+


+------------------------------------------------------------------------------------------------------------------------------------------------------------------------------------------------------------------+
; Slow 1200mV 85C Model Hold: 'CLOCK_50'                                                                                                                                                                           ;
+-------+-------------------------+----------------------------------------------------------------------------------------------------------+--------------+-------------+--------------+------------+------------+
; Slack ; From Node               ; To Node                                                                                                  ; Launch Clock ; Latch Clock ; Relationship ; Clock Skew ; Data Delay ;
+-------+-------------------------+----------------------------------------------------------------------------------------------------------+--------------+-------------+--------------+------------+------------+
; 0.878 ; pc[5]                   ; single_port_rom:ROM|altsyncram:rom_rtl_0|altsyncram_ec91:auto_generated|ram_block1a1~porta_address_reg0  ; CLOCK_50     ; CLOCK_50    ; 0.000        ; 0.445      ; 1.545      ;
; 0.907 ; pc[3]                   ; single_port_rom:ROM|altsyncram:rom_rtl_0|altsyncram_ec91:auto_generated|ram_block1a1~porta_address_reg0  ; CLOCK_50     ; CLOCK_50    ; 0.000        ; 0.443      ; 1.572      ;
; 0.950 ; pc[6]                   ; single_port_rom:ROM|altsyncram:rom_rtl_0|altsyncram_ec91:auto_generated|ram_block1a1~porta_address_reg0  ; CLOCK_50     ; CLOCK_50    ; 0.000        ; 0.445      ; 1.617      ;
; 1.147 ; pc[6]                   ; single_port_rom:ROM|altsyncram:rom_rtl_0|altsyncram_ec91:auto_generated|ram_block1a4~porta_address_reg0  ; CLOCK_50     ; CLOCK_50    ; 0.000        ; 0.436      ; 1.805      ;
; 1.192 ; pc[3]                   ; single_port_rom:ROM|altsyncram:rom_rtl_0|altsyncram_ec91:auto_generated|ram_block1a4~porta_address_reg0  ; CLOCK_50     ; CLOCK_50    ; 0.000        ; 0.434      ; 1.848      ;
; 1.201 ; pc[10]                  ; single_port_rom:ROM|altsyncram:rom_rtl_0|altsyncram_ec91:auto_generated|ram_block1a4~porta_address_reg0  ; CLOCK_50     ; CLOCK_50    ; 0.000        ; 0.436      ; 1.859      ;
; 1.217 ; pc[5]                   ; single_port_rom:ROM|altsyncram:rom_rtl_0|altsyncram_ec91:auto_generated|ram_block1a0~porta_address_reg0  ; CLOCK_50     ; CLOCK_50    ; 0.000        ; 0.444      ; 1.883      ;
; 1.230 ; pc[3]                   ; single_port_rom:ROM|altsyncram:rom_rtl_0|altsyncram_ec91:auto_generated|ram_block1a0~porta_address_reg0  ; CLOCK_50     ; CLOCK_50    ; 0.000        ; 0.442      ; 1.894      ;
; 1.268 ; pc[5]                   ; single_port_rom:ROM|altsyncram:rom_rtl_0|altsyncram_ec91:auto_generated|ram_block1a21~porta_address_reg0 ; CLOCK_50     ; CLOCK_50    ; 0.000        ; 0.442      ; 1.932      ;
; 1.282 ; pc[5]                   ; single_port_rom:ROM|altsyncram:rom_rtl_0|altsyncram_ec91:auto_generated|ram_block1a4~porta_address_reg0  ; CLOCK_50     ; CLOCK_50    ; 0.000        ; 0.436      ; 1.940      ;
; 1.431 ; pc[11]                  ; single_port_rom:ROM|altsyncram:rom_rtl_0|altsyncram_ec91:auto_generated|ram_block1a0~porta_address_reg0  ; CLOCK_50     ; CLOCK_50    ; 0.000        ; 0.040      ; 1.693      ;
; 1.470 ; pc[2]                   ; single_port_rom:ROM|altsyncram:rom_rtl_0|altsyncram_ec91:auto_generated|ram_block1a4~porta_address_reg0  ; CLOCK_50     ; CLOCK_50    ; 0.000        ; 0.434      ; 2.126      ;
; 1.525 ; pc[6]                   ; single_port_rom:ROM|altsyncram:rom_rtl_0|altsyncram_ec91:auto_generated|ram_block1a0~porta_address_reg0  ; CLOCK_50     ; CLOCK_50    ; 0.000        ; 0.444      ; 2.191      ;
; 1.540 ; pc[3]                   ; single_port_rom:ROM|altsyncram:rom_rtl_0|altsyncram_ec91:auto_generated|ram_block1a21~porta_address_reg0 ; CLOCK_50     ; CLOCK_50    ; 0.000        ; 0.440      ; 2.202      ;
; 1.644 ; pc[11]                  ; single_port_rom:ROM|altsyncram:rom_rtl_0|altsyncram_ec91:auto_generated|ram_block1a21~porta_address_reg0 ; CLOCK_50     ; CLOCK_50    ; 0.000        ; 0.038      ; 1.904      ;
; 1.697 ; pc[11]                  ; single_port_rom:ROM|altsyncram:rom_rtl_0|altsyncram_ec91:auto_generated|ram_block1a1~porta_address_reg0  ; CLOCK_50     ; CLOCK_50    ; 0.000        ; 0.041      ; 1.960      ;
; 1.781 ; pc[6]                   ; single_port_rom:ROM|altsyncram:rom_rtl_0|altsyncram_ec91:auto_generated|ram_block1a21~porta_address_reg0 ; CLOCK_50     ; CLOCK_50    ; 0.000        ; 0.442      ; 2.445      ;
; 1.804 ; pc[10]                  ; single_port_rom:ROM|altsyncram:rom_rtl_0|altsyncram_ec91:auto_generated|ram_block1a21~porta_address_reg0 ; CLOCK_50     ; CLOCK_50    ; 0.000        ; 0.442      ; 2.468      ;
; 1.941 ; pc[11]                  ; single_port_rom:ROM|altsyncram:rom_rtl_0|altsyncram_ec91:auto_generated|ram_block1a4~porta_address_reg0  ; CLOCK_50     ; CLOCK_50    ; 0.000        ; 0.032      ; 2.195      ;
; 1.965 ; pc[9]                   ; single_port_rom:ROM|altsyncram:rom_rtl_0|altsyncram_ec91:auto_generated|ram_block1a0~porta_address_reg0  ; CLOCK_50     ; CLOCK_50    ; 0.000        ; 0.040      ; 2.227      ;
; 1.988 ; pc[21]                  ; pc[21]                                                                                                   ; CLOCK_50     ; CLOCK_50    ; 0.000        ; 0.081      ; 2.255      ;
; 1.997 ; pc[10]                  ; single_port_rom:ROM|altsyncram:rom_rtl_0|altsyncram_ec91:auto_generated|ram_block1a1~porta_address_reg0  ; CLOCK_50     ; CLOCK_50    ; 0.000        ; 0.445      ; 2.664      ;
; 2.001 ; pc[8]                   ; single_port_rom:ROM|altsyncram:rom_rtl_0|altsyncram_ec91:auto_generated|ram_block1a21~porta_address_reg0 ; CLOCK_50     ; CLOCK_50    ; 0.000        ; 0.038      ; 2.261      ;
; 2.014 ; pc[9]                   ; single_port_rom:ROM|altsyncram:rom_rtl_0|altsyncram_ec91:auto_generated|ram_block1a21~porta_address_reg0 ; CLOCK_50     ; CLOCK_50    ; 0.000        ; 0.038      ; 2.274      ;
; 2.038 ; pc[8]                   ; single_port_rom:ROM|altsyncram:rom_rtl_0|altsyncram_ec91:auto_generated|ram_block1a1~porta_address_reg0  ; CLOCK_50     ; CLOCK_50    ; 0.000        ; 0.041      ; 2.301      ;
; 2.047 ; pc[15]                  ; pc[15]                                                                                                   ; CLOCK_50     ; CLOCK_50    ; 0.000        ; 0.081      ; 2.314      ;
; 2.089 ; pc[19]                  ; pc[19]                                                                                                   ; CLOCK_50     ; CLOCK_50    ; 0.000        ; 0.081      ; 2.356      ;
; 2.103 ; pc[7]                   ; single_port_rom:ROM|altsyncram:rom_rtl_0|altsyncram_ec91:auto_generated|ram_block1a4~porta_address_reg0  ; CLOCK_50     ; CLOCK_50    ; 0.000        ; 0.436      ; 2.761      ;
; 2.106 ; pc[11]                  ; pc[11]                                                                                                   ; CLOCK_50     ; CLOCK_50    ; 0.000        ; 0.099      ; 2.391      ;
; 2.106 ; pc[7]                   ; single_port_rom:ROM|altsyncram:rom_rtl_0|altsyncram_ec91:auto_generated|ram_block1a21~porta_address_reg0 ; CLOCK_50     ; CLOCK_50    ; 0.000        ; 0.442      ; 2.770      ;
; 2.145 ; pc[8]                   ; single_port_rom:ROM|altsyncram:rom_rtl_0|altsyncram_ec91:auto_generated|ram_block1a4~porta_address_reg0  ; CLOCK_50     ; CLOCK_50    ; 0.000        ; 0.032      ; 2.399      ;
; 2.162 ; pc[23]                  ; pc[23]                                                                                                   ; CLOCK_50     ; CLOCK_50    ; 0.000        ; 0.081      ; 2.429      ;
; 2.164 ; pc[24]                  ; pc[24]                                                                                                   ; CLOCK_50     ; CLOCK_50    ; 0.000        ; 0.081      ; 2.431      ;
; 2.196 ; pc[10]                  ; single_port_rom:ROM|altsyncram:rom_rtl_0|altsyncram_ec91:auto_generated|ram_block1a0~porta_address_reg0  ; CLOCK_50     ; CLOCK_50    ; 0.000        ; 0.444      ; 2.862      ;
; 2.231 ; pc[0]                   ; pc[0]                                                                                                    ; CLOCK_50     ; CLOCK_50    ; 0.000        ; 0.082      ; 2.499      ;
; 2.270 ; pc[4]                   ; pc[9]                                                                                                    ; CLOCK_50     ; CLOCK_50    ; 0.000        ; 0.503      ; 2.959      ;
; 2.277 ; pc[2]                   ; single_port_rom:ROM|altsyncram:rom_rtl_0|altsyncram_ec91:auto_generated|ram_block1a21~porta_address_reg0 ; CLOCK_50     ; CLOCK_50    ; 0.000        ; 0.440      ; 2.939      ;
; 2.291 ; pc[5]                   ; pc[9]                                                                                                    ; CLOCK_50     ; CLOCK_50    ; 0.000        ; 0.503      ; 2.980      ;
; 2.314 ; pc[18]                  ; pc[18]                                                                                                   ; CLOCK_50     ; CLOCK_50    ; 0.000        ; 0.081      ; 2.581      ;
; 2.338 ; pc[9]                   ; pc[9]                                                                                                    ; CLOCK_50     ; CLOCK_50    ; 0.000        ; 0.099      ; 2.623      ;
; 2.360 ; pc[21]                  ; pc[23]                                                                                                   ; CLOCK_50     ; CLOCK_50    ; 0.000        ; 0.081      ; 2.627      ;
; 2.365 ; pc[14]                  ; pc[15]                                                                                                   ; CLOCK_50     ; CLOCK_50    ; 0.000        ; 0.081      ; 2.632      ;
; 2.378 ; pc[8]                   ; pc[9]                                                                                                    ; CLOCK_50     ; CLOCK_50    ; 0.000        ; 0.099      ; 2.663      ;
; 2.387 ; pc[19]                  ; pc[20]                                                                                                   ; CLOCK_50     ; CLOCK_50    ; 0.000        ; 0.514      ; 3.087      ;
; 2.393 ; pc[21]                  ; pc[24]                                                                                                   ; CLOCK_50     ; CLOCK_50    ; 0.000        ; 0.081      ; 2.660      ;
; 2.406 ; pc[19]                  ; pc[21]                                                                                                   ; CLOCK_50     ; CLOCK_50    ; 0.000        ; 0.083      ; 2.675      ;
; 2.417 ; pc[4]                   ; pc[11]                                                                                                   ; CLOCK_50     ; CLOCK_50    ; 0.000        ; 0.503      ; 3.106      ;
; 2.420 ; pc[18]                  ; pc[19]                                                                                                   ; CLOCK_50     ; CLOCK_50    ; 0.000        ; 0.081      ; 2.687      ;
; 2.423 ; pc[0]                   ; pc[1]                                                                                                    ; CLOCK_50     ; CLOCK_50    ; 0.000        ; 0.082      ; 2.691      ;
; 2.427 ; pc[18]                  ; pc[20]                                                                                                   ; CLOCK_50     ; CLOCK_50    ; 0.000        ; 0.514      ; 3.127      ;
; 2.430 ; pc[21]                  ; pc[22]                                                                                                   ; CLOCK_50     ; CLOCK_50    ; 0.000        ; 0.512      ; 3.128      ;
; 2.437 ; pc[2]                   ; pc[9]                                                                                                    ; CLOCK_50     ; CLOCK_50    ; 0.000        ; 0.501      ; 3.124      ;
; 2.438 ; pc[5]                   ; pc[11]                                                                                                   ; CLOCK_50     ; CLOCK_50    ; 0.000        ; 0.503      ; 3.127      ;
; 2.454 ; pc[18]                  ; pc[21]                                                                                                   ; CLOCK_50     ; CLOCK_50    ; 0.000        ; 0.083      ; 2.723      ;
; 2.454 ; pc[3]                   ; pc[9]                                                                                                    ; CLOCK_50     ; CLOCK_50    ; 0.000        ; 0.501      ; 3.141      ;
; 2.455 ; pc[20]                  ; pc[20]                                                                                                   ; CLOCK_50     ; CLOCK_50    ; 0.000        ; 0.099      ; 2.740      ;
; 2.462 ; pc[12]                  ; pc[15]                                                                                                   ; CLOCK_50     ; CLOCK_50    ; 0.000        ; 0.081      ; 2.729      ;
; 2.463 ; pc[4]                   ; single_port_rom:ROM|altsyncram:rom_rtl_0|altsyncram_ec91:auto_generated|ram_block1a4~porta_address_reg0  ; CLOCK_50     ; CLOCK_50    ; 0.000        ; 0.436      ; 3.121      ;
; 2.466 ; pc[13]                  ; pc[15]                                                                                                   ; CLOCK_50     ; CLOCK_50    ; 0.000        ; 0.081      ; 2.733      ;
; 2.472 ; pc[26]                  ; pc[26]                                                                                                   ; CLOCK_50     ; CLOCK_50    ; 0.000        ; 0.082      ; 2.740      ;
; 2.484 ; pc[19]                  ; pc[23]                                                                                                   ; CLOCK_50     ; CLOCK_50    ; 0.000        ; 0.083      ; 2.753      ;
; 2.490 ; pc[23]                  ; pc[24]                                                                                                   ; CLOCK_50     ; CLOCK_50    ; 0.000        ; 0.081      ; 2.757      ;
; 2.499 ; pc[10]                  ; pc[11]                                                                                                   ; CLOCK_50     ; CLOCK_50    ; 0.000        ; 0.503      ; 3.188      ;
; 2.525 ; pc[8]                   ; pc[11]                                                                                                   ; CLOCK_50     ; CLOCK_50    ; 0.000        ; 0.099      ; 2.810      ;
; 2.532 ; pc[18]                  ; pc[23]                                                                                                   ; CLOCK_50     ; CLOCK_50    ; 0.000        ; 0.083      ; 2.801      ;
; 2.533 ; pc[19]                  ; pc[24]                                                                                                   ; CLOCK_50     ; CLOCK_50    ; 0.000        ; 0.083      ; 2.802      ;
; 2.545 ; pc[12]                  ; pc[12]                                                                                                   ; CLOCK_50     ; CLOCK_50    ; 0.000        ; 0.081      ; 2.812      ;
; 2.546 ; pc[0]                   ; pc[9]                                                                                                    ; CLOCK_50     ; CLOCK_50    ; 0.000        ; 0.501      ; 3.233      ;
; 2.552 ; pc[8]                   ; single_port_rom:ROM|altsyncram:rom_rtl_0|altsyncram_ec91:auto_generated|ram_block1a0~porta_address_reg0  ; CLOCK_50     ; CLOCK_50    ; 0.000        ; 0.040      ; 2.814      ;
; 2.570 ; pc[19]                  ; pc[22]                                                                                                   ; CLOCK_50     ; CLOCK_50    ; 0.000        ; 0.514      ; 3.270      ;
; 2.573 ; pc[18]                  ; pc[24]                                                                                                   ; CLOCK_50     ; CLOCK_50    ; 0.000        ; 0.083      ; 2.842      ;
; 2.584 ; pc[2]                   ; pc[11]                                                                                                   ; CLOCK_50     ; CLOCK_50    ; 0.000        ; 0.501      ; 3.271      ;
; 2.589 ; pc[3]                   ; pc[3]                                                                                                    ; CLOCK_50     ; CLOCK_50    ; 0.000        ; 0.082      ; 2.857      ;
; 2.603 ; pc[3]                   ; pc[11]                                                                                                   ; CLOCK_50     ; CLOCK_50    ; 0.000        ; 0.501      ; 3.290      ;
; 2.610 ; pc[18]                  ; pc[22]                                                                                                   ; CLOCK_50     ; CLOCK_50    ; 0.000        ; 0.514      ; 3.310      ;
; 2.612 ; pc[9]                   ; single_port_rom:ROM|altsyncram:rom_rtl_0|altsyncram_ec91:auto_generated|ram_block1a1~porta_address_reg0  ; CLOCK_50     ; CLOCK_50    ; 0.000        ; 0.041      ; 2.875      ;
; 2.624 ; pc[8]                   ; pc[8]                                                                                                    ; CLOCK_50     ; CLOCK_50    ; 0.000        ; 0.099      ; 2.909      ;
; 2.627 ; pc[15]                  ; pc[19]                                                                                                   ; CLOCK_50     ; CLOCK_50    ; 0.000        ; 0.076      ; 2.889      ;
; 2.642 ; pc[15]                  ; pc[20]                                                                                                   ; CLOCK_50     ; CLOCK_50    ; 0.000        ; 0.509      ; 3.337      ;
; 2.656 ; pc[14]                  ; pc[19]                                                                                                   ; CLOCK_50     ; CLOCK_50    ; 0.000        ; 0.076      ; 2.918      ;
; 2.661 ; pc[15]                  ; pc[21]                                                                                                   ; CLOCK_50     ; CLOCK_50    ; 0.000        ; 0.078      ; 2.925      ;
; 2.662 ; pc[14]                  ; pc[20]                                                                                                   ; CLOCK_50     ; CLOCK_50    ; 0.000        ; 0.509      ; 3.357      ;
; 2.665 ; pc[7]                   ; single_port_rom:ROM|altsyncram:rom_rtl_0|altsyncram_ec91:auto_generated|ram_block1a1~porta_address_reg0  ; CLOCK_50     ; CLOCK_50    ; 0.000        ; 0.445      ; 3.332      ;
; 2.692 ; pc[7]                   ; single_port_rom:ROM|altsyncram:rom_rtl_0|altsyncram_ec91:auto_generated|ram_block1a0~porta_address_reg0  ; CLOCK_50     ; CLOCK_50    ; 0.000        ; 0.444      ; 3.358      ;
; 2.693 ; pc[0]                   ; pc[11]                                                                                                   ; CLOCK_50     ; CLOCK_50    ; 0.000        ; 0.501      ; 3.380      ;
; 2.694 ; pc[20]                  ; pc[21]                                                                                                   ; CLOCK_50     ; CLOCK_50    ; 0.000        ; -0.332     ; 2.548      ;
; 2.695 ; regfile64:RF|rf[11][29] ; pc[29]                                                                                                   ; CLOCK_50     ; CLOCK_50    ; 0.000        ; 0.094      ; 2.975      ;
; 2.695 ; pc[14]                  ; pc[21]                                                                                                   ; CLOCK_50     ; CLOCK_50    ; 0.000        ; 0.078      ; 2.959      ;
; 2.712 ; pc[6]                   ; pc[9]                                                                                                    ; CLOCK_50     ; CLOCK_50    ; 0.000        ; 0.503      ; 3.401      ;
; 2.723 ; pc[4]                   ; pc[8]                                                                                                    ; CLOCK_50     ; CLOCK_50    ; 0.000        ; 0.503      ; 3.412      ;
; 2.739 ; pc[9]                   ; pc[11]                                                                                                   ; CLOCK_50     ; CLOCK_50    ; 0.000        ; 0.099      ; 3.024      ;
; 2.739 ; pc[15]                  ; pc[23]                                                                                                   ; CLOCK_50     ; CLOCK_50    ; 0.000        ; 0.078      ; 3.003      ;
; 2.744 ; pc[15]                  ; pc[18]                                                                                                   ; CLOCK_50     ; CLOCK_50    ; 0.000        ; 0.076      ; 3.006      ;
; 2.744 ; pc[5]                   ; pc[8]                                                                                                    ; CLOCK_50     ; CLOCK_50    ; 0.000        ; 0.503      ; 3.433      ;
; 2.753 ; pc[15]                  ; pc[16]                                                                                                   ; CLOCK_50     ; CLOCK_50    ; 0.000        ; 0.509      ; 3.448      ;
; 2.753 ; pc[12]                  ; pc[19]                                                                                                   ; CLOCK_50     ; CLOCK_50    ; 0.000        ; 0.076      ; 3.015      ;
; 2.759 ; pc[12]                  ; pc[20]                                                                                                   ; CLOCK_50     ; CLOCK_50    ; 0.000        ; 0.509      ; 3.454      ;
; 2.763 ; pc[13]                  ; pc[19]                                                                                                   ; CLOCK_50     ; CLOCK_50    ; 0.000        ; 0.076      ; 3.025      ;
; 2.764 ; pc[14]                  ; pc[18]                                                                                                   ; CLOCK_50     ; CLOCK_50    ; 0.000        ; 0.076      ; 3.026      ;
; 2.768 ; pc[2]                   ; pc[2]                                                                                                    ; CLOCK_50     ; CLOCK_50    ; 0.000        ; 0.082      ; 3.036      ;
+-------+-------------------------+----------------------------------------------------------------------------------------------------------+--------------+-------------+--------------+------------+------------+


-----------------------------------------------
; Slow 1200mV 85C Model Metastability Summary ;
-----------------------------------------------
No synchronizer chains to report.


+------------------------------------------------+
; Slow 1200mV 0C Model Fmax Summary              ;
+----------+-----------------+------------+------+
; Fmax     ; Restricted Fmax ; Clock Name ; Note ;
+----------+-----------------+------------+------+
; 7.84 MHz ; 7.84 MHz        ; CLOCK_50   ;      ;
+----------+-----------------+------------+------+
This panel reports FMAX for every clock in the design, regardless of the user-specified clock periods.  FMAX is only computed for paths where the source and destination registers or ports are driven by the same clock.  Paths of different clocks, including generated clocks, are ignored.  For paths between a clock and its inversion, FMAX is computed as if the rising and falling edges are scaled along with FMAX, such that the duty cycle (in terms of a percentage) is maintained. Altera recommends that you always use clock constraints and other slack reports for sign-off analysis.


+-------------------------------------+
; Slow 1200mV 0C Model Setup Summary  ;
+----------+----------+---------------+
; Clock    ; Slack    ; End Point TNS ;
+----------+----------+---------------+
; CLOCK_50 ; -126.570 ; -4009923.448  ;
+----------+----------+---------------+


+-----------------------------------+
; Slow 1200mV 0C Model Hold Summary ;
+----------+-------+----------------+
; Clock    ; Slack ; End Point TNS  ;
+----------+-------+----------------+
; CLOCK_50 ; 0.803 ; 0.000          ;
+----------+-------+----------------+


-----------------------------------------
; Slow 1200mV 0C Model Recovery Summary ;
-----------------------------------------
No paths to report.


----------------------------------------
; Slow 1200mV 0C Model Removal Summary ;
----------------------------------------
No paths to report.


+--------------------------------------------------+
; Slow 1200mV 0C Model Minimum Pulse Width Summary ;
+----------+--------+------------------------------+
; Clock    ; Slack  ; End Point TNS                ;
+----------+--------+------------------------------+
; CLOCK_50 ; -3.000 ; -43436.316                   ;
+----------+--------+------------------------------+


+--------------------------------------------------------------------------------------------------------------------------------------------------------------------------------------------------------------------+
; Slow 1200mV 0C Model Setup: 'CLOCK_50'                                                                                                                                                                             ;
+----------+---------------------------------------------------------------------------------------------------------+-------------------------+--------------+-------------+--------------+------------+------------+
; Slack    ; From Node                                                                                               ; To Node                 ; Launch Clock ; Latch Clock ; Relationship ; Clock Skew ; Data Delay ;
+----------+---------------------------------------------------------------------------------------------------------+-------------------------+--------------+-------------+--------------+------------+------------+
; -126.570 ; single_port_rom:ROM|altsyncram:rom_rtl_0|altsyncram_ec91:auto_generated|ram_block1a0~porta_address_reg0 ; regfile64:RF|rf[14][24] ; CLOCK_50     ; CLOCK_50    ; 1.000        ; -0.385     ; 127.184    ;
; -125.903 ; single_port_rom:ROM|altsyncram:rom_rtl_0|altsyncram_ec91:auto_generated|ram_block1a0~porta_address_reg0 ; regfile64:RF|rf[28][31] ; CLOCK_50     ; CLOCK_50    ; 1.000        ; 0.004      ; 126.906    ;
; -125.898 ; single_port_rom:ROM|altsyncram:rom_rtl_0|altsyncram_ec91:auto_generated|ram_block1a0~porta_address_reg0 ; regfile64:RF|rf[6][24]  ; CLOCK_50     ; CLOCK_50    ; 1.000        ; -0.065     ; 126.832    ;
; -125.895 ; single_port_rom:ROM|altsyncram:rom_rtl_0|altsyncram_ec91:auto_generated|ram_block1a0~porta_address_reg0 ; regfile64:RF|rf[11][24] ; CLOCK_50     ; CLOCK_50    ; 1.000        ; -0.022     ; 126.872    ;
; -125.863 ; single_port_rom:ROM|altsyncram:rom_rtl_0|altsyncram_ec91:auto_generated|ram_block1a0~porta_address_reg0 ; regfile64:RF|rf[3][24]  ; CLOCK_50     ; CLOCK_50    ; 1.000        ; -0.032     ; 126.830    ;
; -125.862 ; single_port_rom:ROM|altsyncram:rom_rtl_0|altsyncram_ec91:auto_generated|ram_block1a0~porta_address_reg0 ; regfile64:RF|rf[8][24]  ; CLOCK_50     ; CLOCK_50    ; 1.000        ; 0.011      ; 126.872    ;
; -125.753 ; single_port_rom:ROM|altsyncram:rom_rtl_0|altsyncram_ec91:auto_generated|ram_block1a0~porta_address_reg0 ; regfile64:RF|rf[10][24] ; CLOCK_50     ; CLOCK_50    ; 1.000        ; -0.060     ; 126.692    ;
; -125.692 ; single_port_rom:ROM|altsyncram:rom_rtl_0|altsyncram_ec91:auto_generated|ram_block1a0~porta_address_reg0 ; regfile64:RF|rf[9][24]  ; CLOCK_50     ; CLOCK_50    ; 1.000        ; -0.027     ; 126.664    ;
; -125.675 ; single_port_rom:ROM|altsyncram:rom_rtl_0|altsyncram_ec91:auto_generated|ram_block1a0~porta_address_reg0 ; regfile64:RF|rf[1][31]  ; CLOCK_50     ; CLOCK_50    ; 1.000        ; -0.049     ; 126.625    ;
; -125.666 ; single_port_rom:ROM|altsyncram:rom_rtl_0|altsyncram_ec91:auto_generated|ram_block1a0~porta_address_reg0 ; regfile64:RF|rf[11][31] ; CLOCK_50     ; CLOCK_50    ; 1.000        ; -0.015     ; 126.650    ;
; -125.661 ; single_port_rom:ROM|altsyncram:rom_rtl_0|altsyncram_ec91:auto_generated|ram_block1a0~porta_address_reg0 ; regfile64:RF|rf[24][31] ; CLOCK_50     ; CLOCK_50    ; 1.000        ; -0.037     ; 126.623    ;
; -125.645 ; single_port_rom:ROM|altsyncram:rom_rtl_0|altsyncram_ec91:auto_generated|ram_block1a0~porta_address_reg0 ; regfile64:RF|rf[2][31]  ; CLOCK_50     ; CLOCK_50    ; 1.000        ; -0.020     ; 126.624    ;
; -125.628 ; single_port_rom:ROM|altsyncram:rom_rtl_0|altsyncram_ec91:auto_generated|ram_block1a0~porta_address_reg0 ; regfile64:RF|rf[20][31] ; CLOCK_50     ; CLOCK_50    ; 1.000        ; -0.004     ; 126.623    ;
; -125.604 ; single_port_rom:ROM|altsyncram:rom_rtl_0|altsyncram_ec91:auto_generated|ram_block1a0~porta_address_reg0 ; regfile64:RF|rf[19][24] ; CLOCK_50     ; CLOCK_50    ; 1.000        ; -0.031     ; 126.572    ;
; -125.589 ; single_port_rom:ROM|altsyncram:rom_rtl_0|altsyncram_ec91:auto_generated|ram_block1a0~porta_address_reg0 ; regfile64:RF|rf[27][24] ; CLOCK_50     ; CLOCK_50    ; 1.000        ; -0.029     ; 126.559    ;
; -125.567 ; single_port_rom:ROM|altsyncram:rom_rtl_0|altsyncram_ec91:auto_generated|ram_block1a0~porta_address_reg0 ; regfile64:RF|rf[23][24] ; CLOCK_50     ; CLOCK_50    ; 1.000        ; 0.002      ; 126.568    ;
; -125.550 ; single_port_rom:ROM|altsyncram:rom_rtl_0|altsyncram_ec91:auto_generated|ram_block1a0~porta_address_reg0 ; regfile64:RF|rf[12][24] ; CLOCK_50     ; CLOCK_50    ; 1.000        ; -0.052     ; 126.497    ;
; -125.536 ; single_port_rom:ROM|altsyncram:rom_rtl_0|altsyncram_ec91:auto_generated|ram_block1a0~porta_address_reg0 ; regfile64:RF|rf[7][13]  ; CLOCK_50     ; CLOCK_50    ; 1.000        ; -0.054     ; 126.481    ;
; -125.522 ; single_port_rom:ROM|altsyncram:rom_rtl_0|altsyncram_ec91:auto_generated|ram_block1a0~porta_address_reg0 ; regfile64:RF|rf[1][13]  ; CLOCK_50     ; CLOCK_50    ; 1.000        ; -0.009     ; 126.512    ;
; -125.518 ; single_port_rom:ROM|altsyncram:rom_rtl_0|altsyncram_ec91:auto_generated|ram_block1a0~porta_address_reg0 ; regfile64:RF|rf[13][24] ; CLOCK_50     ; CLOCK_50    ; 1.000        ; -0.020     ; 126.497    ;
; -125.495 ; single_port_rom:ROM|altsyncram:rom_rtl_0|altsyncram_ec91:auto_generated|ram_block1a0~porta_address_reg0 ; regfile64:RF|rf[29][31] ; CLOCK_50     ; CLOCK_50    ; 1.000        ; -0.059     ; 126.435    ;
; -125.494 ; single_port_rom:ROM|altsyncram:rom_rtl_0|altsyncram_ec91:auto_generated|ram_block1a0~porta_address_reg0 ; regfile64:RF|rf[12][31] ; CLOCK_50     ; CLOCK_50    ; 1.000        ; -0.021     ; 126.472    ;
; -125.490 ; single_port_rom:ROM|altsyncram:rom_rtl_0|altsyncram_ec91:auto_generated|ram_block1a0~porta_address_reg0 ; regfile64:RF|rf[23][31] ; CLOCK_50     ; CLOCK_50    ; 1.000        ; -0.077     ; 126.412    ;
; -125.481 ; single_port_rom:ROM|altsyncram:rom_rtl_0|altsyncram_ec91:auto_generated|ram_block1a0~porta_address_reg0 ; regfile64:RF|rf[28][24] ; CLOCK_50     ; CLOCK_50    ; 1.000        ; -0.032     ; 126.448    ;
; -125.480 ; single_port_rom:ROM|altsyncram:rom_rtl_0|altsyncram_ec91:auto_generated|ram_block1a0~porta_address_reg0 ; regfile64:RF|rf[2][13]  ; CLOCK_50     ; CLOCK_50    ; 1.000        ; -0.016     ; 126.463    ;
; -125.475 ; single_port_rom:ROM|altsyncram:rom_rtl_0|altsyncram_ec91:auto_generated|ram_block1a0~porta_address_reg0 ; regfile64:RF|rf[5][13]  ; CLOCK_50     ; CLOCK_50    ; 1.000        ; 0.008      ; 126.482    ;
; -125.460 ; single_port_rom:ROM|altsyncram:rom_rtl_0|altsyncram_ec91:auto_generated|ram_block1a0~porta_address_reg0 ; regfile64:RF|rf[17][31] ; CLOCK_50     ; CLOCK_50    ; 1.000        ; -0.024     ; 126.435    ;
; -125.460 ; single_port_rom:ROM|altsyncram:rom_rtl_0|altsyncram_ec91:auto_generated|ram_block1a0~porta_address_reg0 ; regfile64:RF|rf[16][5]  ; CLOCK_50     ; CLOCK_50    ; 1.000        ; -0.023     ; 126.436    ;
; -125.458 ; single_port_rom:ROM|altsyncram:rom_rtl_0|altsyncram_ec91:auto_generated|ram_block1a0~porta_address_reg0 ; regfile64:RF|rf[26][31] ; CLOCK_50     ; CLOCK_50    ; 1.000        ; -0.014     ; 126.443    ;
; -125.455 ; single_port_rom:ROM|altsyncram:rom_rtl_0|altsyncram_ec91:auto_generated|ram_block1a0~porta_address_reg0 ; regfile64:RF|rf[27][31] ; CLOCK_50     ; CLOCK_50    ; 1.000        ; -0.044     ; 126.410    ;
; -125.454 ; single_port_rom:ROM|altsyncram:rom_rtl_0|altsyncram_ec91:auto_generated|ram_block1a0~porta_address_reg0 ; regfile64:RF|rf[31][31] ; CLOCK_50     ; CLOCK_50    ; 1.000        ; -0.032     ; 126.421    ;
; -125.449 ; single_port_rom:ROM|altsyncram:rom_rtl_0|altsyncram_ec91:auto_generated|ram_block1a0~porta_address_reg0 ; regfile64:RF|rf[16][24] ; CLOCK_50     ; CLOCK_50    ; 1.000        ; 0.001      ; 126.449    ;
; -125.432 ; single_port_rom:ROM|altsyncram:rom_rtl_0|altsyncram_ec91:auto_generated|ram_block1a0~porta_address_reg0 ; regfile64:RF|rf[31][10] ; CLOCK_50     ; CLOCK_50    ; 1.000        ; -0.008     ; 126.423    ;
; -125.432 ; single_port_rom:ROM|altsyncram:rom_rtl_0|altsyncram_ec91:auto_generated|ram_block1a0~porta_address_reg0 ; regfile64:RF|rf[5][0]   ; CLOCK_50     ; CLOCK_50    ; 1.000        ; -0.024     ; 126.407    ;
; -125.426 ; single_port_rom:ROM|altsyncram:rom_rtl_0|altsyncram_ec91:auto_generated|ram_block1a0~porta_address_reg0 ; regfile64:RF|rf[24][5]  ; CLOCK_50     ; CLOCK_50    ; 1.000        ; 0.010      ; 126.435    ;
; -125.424 ; single_port_rom:ROM|altsyncram:rom_rtl_0|altsyncram_ec91:auto_generated|ram_block1a0~porta_address_reg0 ; regfile64:RF|rf[25][31] ; CLOCK_50     ; CLOCK_50    ; 1.000        ; -0.066     ; 126.357    ;
; -125.422 ; single_port_rom:ROM|altsyncram:rom_rtl_0|altsyncram_ec91:auto_generated|ram_block1a0~porta_address_reg0 ; regfile64:RF|rf[21][31] ; CLOCK_50     ; CLOCK_50    ; 1.000        ; -0.038     ; 126.383    ;
; -125.405 ; single_port_rom:ROM|altsyncram:rom_rtl_0|altsyncram_ec91:auto_generated|ram_block1a0~porta_address_reg0 ; regfile64:RF|rf[30][13] ; CLOCK_50     ; CLOCK_50    ; 1.000        ; 0.011      ; 126.415    ;
; -125.405 ; single_port_rom:ROM|altsyncram:rom_rtl_0|altsyncram_ec91:auto_generated|ram_block1a0~porta_address_reg0 ; regfile64:RF|rf[7][0]   ; CLOCK_50     ; CLOCK_50    ; 1.000        ; -0.011     ; 126.393    ;
; -125.397 ; single_port_rom:ROM|altsyncram:rom_rtl_0|altsyncram_ec91:auto_generated|ram_block1a0~porta_address_reg0 ; regfile64:RF|rf[17][5]  ; CLOCK_50     ; CLOCK_50    ; 1.000        ; 0.004      ; 126.400    ;
; -125.393 ; single_port_rom:ROM|altsyncram:rom_rtl_0|altsyncram_ec91:auto_generated|ram_block1a0~porta_address_reg0 ; regfile64:RF|rf[19][31] ; CLOCK_50     ; CLOCK_50    ; 1.000        ; 0.001      ; 126.393    ;
; -125.389 ; single_port_rom:ROM|altsyncram:rom_rtl_0|altsyncram_ec91:auto_generated|ram_block1a0~porta_address_reg0 ; regfile64:RF|rf[5][24]  ; CLOCK_50     ; CLOCK_50    ; 1.000        ; 0.008      ; 126.396    ;
; -125.372 ; single_port_rom:ROM|altsyncram:rom_rtl_0|altsyncram_ec91:auto_generated|ram_block1a0~porta_address_reg0 ; regfile64:RF|rf[4][0]   ; CLOCK_50     ; CLOCK_50    ; 1.000        ; 0.022      ; 126.393    ;
; -125.369 ; single_port_rom:ROM|altsyncram:rom_rtl_0|altsyncram_ec91:auto_generated|ram_block1a0~porta_address_reg0 ; regfile64:RF|rf[1][0]   ; CLOCK_50     ; CLOCK_50    ; 1.000        ; -0.012     ; 126.356    ;
; -125.363 ; single_port_rom:ROM|altsyncram:rom_rtl_0|altsyncram_ec91:auto_generated|ram_block1a0~porta_address_reg0 ; regfile64:RF|rf[25][5]  ; CLOCK_50     ; CLOCK_50    ; 1.000        ; 0.037      ; 126.399    ;
; -125.353 ; single_port_rom:ROM|altsyncram:rom_rtl_0|altsyncram_ec91:auto_generated|ram_block1a0~porta_address_reg0 ; regfile64:RF|rf[13][17] ; CLOCK_50     ; CLOCK_50    ; 1.000        ; -0.020     ; 126.332    ;
; -125.351 ; single_port_rom:ROM|altsyncram:rom_rtl_0|altsyncram_ec91:auto_generated|ram_block1a0~porta_address_reg0 ; regfile64:RF|rf[14][31] ; CLOCK_50     ; CLOCK_50    ; 1.000        ; -0.058     ; 126.292    ;
; -125.337 ; single_port_rom:ROM|altsyncram:rom_rtl_0|altsyncram_ec91:auto_generated|ram_block1a0~porta_address_reg0 ; regfile64:RF|rf[2][0]   ; CLOCK_50     ; CLOCK_50    ; 1.000        ; 0.021      ; 126.357    ;
; -125.322 ; single_port_rom:ROM|altsyncram:rom_rtl_0|altsyncram_ec91:auto_generated|ram_block1a0~porta_address_reg0 ; regfile64:RF|rf[24][24] ; CLOCK_50     ; CLOCK_50    ; 1.000        ; -0.027     ; 126.294    ;
; -125.320 ; single_port_rom:ROM|altsyncram:rom_rtl_0|altsyncram_ec91:auto_generated|ram_block1a0~porta_address_reg0 ; regfile64:RF|rf[30][31] ; CLOCK_50     ; CLOCK_50    ; 1.000        ; -0.026     ; 126.293    ;
; -125.319 ; single_port_rom:ROM|altsyncram:rom_rtl_0|altsyncram_ec91:auto_generated|ram_block1a0~porta_address_reg0 ; regfile64:RF|rf[13][31] ; CLOCK_50     ; CLOCK_50    ; 1.000        ; -0.025     ; 126.293    ;
; -125.319 ; single_port_rom:ROM|altsyncram:rom_rtl_0|altsyncram_ec91:auto_generated|ram_block1a0~porta_address_reg0 ; regfile64:RF|rf[6][26]  ; CLOCK_50     ; CLOCK_50    ; 1.000        ; 0.038      ; 126.356    ;
; -125.317 ; single_port_rom:ROM|altsyncram:rom_rtl_0|altsyncram_ec91:auto_generated|ram_block1a0~porta_address_reg0 ; regfile64:RF|rf[7][31]  ; CLOCK_50     ; CLOCK_50    ; 1.000        ; -0.053     ; 126.263    ;
; -125.316 ; single_port_rom:ROM|altsyncram:rom_rtl_0|altsyncram_ec91:auto_generated|ram_block1a0~porta_address_reg0 ; regfile64:RF|rf[6][31]  ; CLOCK_50     ; CLOCK_50    ; 1.000        ; -0.051     ; 126.264    ;
; -125.313 ; single_port_rom:ROM|altsyncram:rom_rtl_0|altsyncram_ec91:auto_generated|ram_block1a0~porta_address_reg0 ; regfile64:RF|rf[22][31] ; CLOCK_50     ; CLOCK_50    ; 1.000        ; -0.054     ; 126.258    ;
; -125.300 ; single_port_rom:ROM|altsyncram:rom_rtl_0|altsyncram_ec91:auto_generated|ram_block1a0~porta_address_reg0 ; regfile64:RF|rf[27][10] ; CLOCK_50     ; CLOCK_50    ; 1.000        ; -0.051     ; 126.248    ;
; -125.294 ; single_port_rom:ROM|altsyncram:rom_rtl_0|altsyncram_ec91:auto_generated|ram_block1a0~porta_address_reg0 ; regfile64:RF|rf[20][24] ; CLOCK_50     ; CLOCK_50    ; 1.000        ; 0.006      ; 126.299    ;
; -125.289 ; single_port_rom:ROM|altsyncram:rom_rtl_0|altsyncram_ec91:auto_generated|ram_block1a0~porta_address_reg0 ; regfile64:RF|rf[18][31] ; CLOCK_50     ; CLOCK_50    ; 1.000        ; 0.007      ; 126.295    ;
; -125.287 ; single_port_rom:ROM|altsyncram:rom_rtl_0|altsyncram_ec91:auto_generated|ram_block1a0~porta_address_reg0 ; regfile64:RF|rf[4][31]  ; CLOCK_50     ; CLOCK_50    ; 1.000        ; -0.020     ; 126.266    ;
; -125.281 ; single_port_rom:ROM|altsyncram:rom_rtl_0|altsyncram_ec91:auto_generated|ram_block1a0~porta_address_reg0 ; regfile64:RF|rf[5][31]  ; CLOCK_50     ; CLOCK_50    ; 1.000        ; -0.018     ; 126.262    ;
; -125.281 ; single_port_rom:ROM|altsyncram:rom_rtl_0|altsyncram_ec91:auto_generated|ram_block1a0~porta_address_reg0 ; regfile64:RF|rf[3][13]  ; CLOCK_50     ; CLOCK_50    ; 1.000        ; -0.020     ; 126.260    ;
; -125.277 ; single_port_rom:ROM|altsyncram:rom_rtl_0|altsyncram_ec91:auto_generated|ram_block1a0~porta_address_reg0 ; regfile64:RF|rf[29][24] ; CLOCK_50     ; CLOCK_50    ; 1.000        ; -0.033     ; 126.243    ;
; -125.276 ; single_port_rom:ROM|altsyncram:rom_rtl_0|altsyncram_ec91:auto_generated|ram_block1a0~porta_address_reg0 ; regfile64:RF|rf[13][13] ; CLOCK_50     ; CLOCK_50    ; 1.000        ; -0.388     ; 125.887    ;
; -125.275 ; single_port_rom:ROM|altsyncram:rom_rtl_0|altsyncram_ec91:auto_generated|ram_block1a0~porta_address_reg0 ; regfile64:RF|rf[15][13] ; CLOCK_50     ; CLOCK_50    ; 1.000        ; -0.388     ; 125.886    ;
; -125.269 ; single_port_rom:ROM|altsyncram:rom_rtl_0|altsyncram_ec91:auto_generated|ram_block1a0~porta_address_reg0 ; regfile64:RF|rf[1][10]  ; CLOCK_50     ; CLOCK_50    ; 1.000        ; -0.049     ; 126.219    ;
; -125.263 ; single_port_rom:ROM|altsyncram:rom_rtl_0|altsyncram_ec91:auto_generated|ram_block1a0~porta_address_reg0 ; regfile64:RF|rf[4][13]  ; CLOCK_50     ; CLOCK_50    ; 1.000        ; -0.048     ; 126.214    ;
; -125.252 ; single_port_rom:ROM|altsyncram:rom_rtl_0|altsyncram_ec91:auto_generated|ram_block1a0~porta_address_reg0 ; pc[5]                   ; CLOCK_50     ; CLOCK_50    ; 1.000        ; -0.398     ; 125.853    ;
; -125.248 ; single_port_rom:ROM|altsyncram:rom_rtl_0|altsyncram_ec91:auto_generated|ram_block1a0~porta_address_reg0 ; pc[10]                  ; CLOCK_50     ; CLOCK_50    ; 1.000        ; -0.398     ; 125.849    ;
; -125.239 ; single_port_rom:ROM|altsyncram:rom_rtl_0|altsyncram_ec91:auto_generated|ram_block1a0~porta_address_reg0 ; regfile64:RF|rf[2][10]  ; CLOCK_50     ; CLOCK_50    ; 1.000        ; -0.020     ; 126.218    ;
; -125.239 ; single_port_rom:ROM|altsyncram:rom_rtl_0|altsyncram_ec91:auto_generated|ram_block1a0~porta_address_reg0 ; regfile64:RF|rf[21][24] ; CLOCK_50     ; CLOCK_50    ; 1.000        ; 0.003      ; 126.241    ;
; -125.239 ; single_port_rom:ROM|altsyncram:rom_rtl_0|altsyncram_ec91:auto_generated|ram_block1a0~porta_address_reg0 ; regfile64:RF|rf[13][8]  ; CLOCK_50     ; CLOCK_50    ; 1.000        ; -0.049     ; 126.189    ;
; -125.233 ; single_port_rom:ROM|altsyncram:rom_rtl_0|altsyncram_ec91:auto_generated|ram_block1a0~porta_address_reg0 ; regfile64:RF|rf[10][31] ; CLOCK_50     ; CLOCK_50    ; 1.000        ; -0.025     ; 126.207    ;
; -125.225 ; single_port_rom:ROM|altsyncram:rom_rtl_0|altsyncram_ec91:auto_generated|ram_block1a0~porta_address_reg0 ; regfile64:RF|rf[1][24]  ; CLOCK_50     ; CLOCK_50    ; 1.000        ; -0.012     ; 126.212    ;
; -125.225 ; single_port_rom:ROM|altsyncram:rom_rtl_0|altsyncram_ec91:auto_generated|ram_block1a0~porta_address_reg0 ; regfile64:RF|rf[18][24] ; CLOCK_50     ; CLOCK_50    ; 1.000        ; -0.040     ; 126.184    ;
; -125.224 ; single_port_rom:ROM|altsyncram:rom_rtl_0|altsyncram_ec91:auto_generated|ram_block1a0~porta_address_reg0 ; regfile64:RF|rf[17][24] ; CLOCK_50     ; CLOCK_50    ; 1.000        ; 0.004      ; 126.227    ;
; -125.202 ; single_port_rom:ROM|altsyncram:rom_rtl_0|altsyncram_ec91:auto_generated|ram_block1a0~porta_address_reg0 ; regfile64:RF|rf[4][28]  ; CLOCK_50     ; CLOCK_50    ; 1.000        ; 0.007      ; 126.208    ;
; -125.201 ; single_port_rom:ROM|altsyncram:rom_rtl_0|altsyncram_ec91:auto_generated|ram_block1a0~porta_address_reg0 ; regfile64:RF|rf[6][13]  ; CLOCK_50     ; CLOCK_50    ; 1.000        ; 0.014      ; 126.214    ;
; -125.193 ; single_port_rom:ROM|altsyncram:rom_rtl_0|altsyncram_ec91:auto_generated|ram_block1a0~porta_address_reg0 ; regfile64:RF|rf[29][26] ; CLOCK_50     ; CLOCK_50    ; 1.000        ; -0.059     ; 126.133    ;
; -125.192 ; single_port_rom:ROM|altsyncram:rom_rtl_0|altsyncram_ec91:auto_generated|ram_block1a0~porta_address_reg0 ; regfile64:RF|rf[26][24] ; CLOCK_50     ; CLOCK_50    ; 1.000        ; -0.007     ; 126.184    ;
; -125.191 ; single_port_rom:ROM|altsyncram:rom_rtl_0|altsyncram_ec91:auto_generated|ram_block1a0~porta_address_reg0 ; regfile64:RF|rf[2][24]  ; CLOCK_50     ; CLOCK_50    ; 1.000        ; 0.021      ; 126.211    ;
; -125.191 ; single_port_rom:ROM|altsyncram:rom_rtl_0|altsyncram_ec91:auto_generated|ram_block1a0~porta_address_reg0 ; regfile64:RF|rf[25][24] ; CLOCK_50     ; CLOCK_50    ; 1.000        ; 0.037      ; 126.227    ;
; -125.185 ; single_port_rom:ROM|altsyncram:rom_rtl_0|altsyncram_ec91:auto_generated|ram_block1a0~porta_address_reg0 ; regfile64:RF|rf[10][29] ; CLOCK_50     ; CLOCK_50    ; 1.000        ; -0.048     ; 126.136    ;
; -125.184 ; single_port_rom:ROM|altsyncram:rom_rtl_0|altsyncram_ec91:auto_generated|ram_block1a0~porta_address_reg0 ; regfile64:RF|rf[31][30] ; CLOCK_50     ; CLOCK_50    ; 1.000        ; -0.015     ; 126.168    ;
; -125.179 ; single_port_rom:ROM|altsyncram:rom_rtl_0|altsyncram_ec91:auto_generated|ram_block1a0~porta_address_reg0 ; regfile64:RF|rf[7][26]  ; CLOCK_50     ; CLOCK_50    ; 1.000        ; 0.005      ; 126.183    ;
; -125.176 ; single_port_rom:ROM|altsyncram:rom_rtl_0|altsyncram_ec91:auto_generated|ram_block1a0~porta_address_reg0 ; pc[12]                  ; CLOCK_50     ; CLOCK_50    ; 1.000        ; -0.406     ; 125.769    ;
; -125.174 ; single_port_rom:ROM|altsyncram:rom_rtl_0|altsyncram_ec91:auto_generated|ram_block1a0~porta_address_reg0 ; pc[14]                  ; CLOCK_50     ; CLOCK_50    ; 1.000        ; -0.406     ; 125.767    ;
; -125.171 ; single_port_rom:ROM|altsyncram:rom_rtl_0|altsyncram_ec91:auto_generated|ram_block1a0~porta_address_reg0 ; regfile64:RF|rf[22][26] ; CLOCK_50     ; CLOCK_50    ; 1.000        ; -0.084     ; 126.086    ;
; -125.168 ; single_port_rom:ROM|altsyncram:rom_rtl_0|altsyncram_ec91:auto_generated|ram_block1a0~porta_address_reg0 ; regfile64:RF|rf[5][28]  ; CLOCK_50     ; CLOCK_50    ; 1.000        ; 0.040      ; 126.207    ;
; -125.166 ; single_port_rom:ROM|altsyncram:rom_rtl_0|altsyncram_ec91:auto_generated|ram_block1a0~porta_address_reg0 ; regfile64:RF|rf[1][11]  ; CLOCK_50     ; CLOCK_50    ; 1.000        ; -0.049     ; 126.116    ;
; -125.160 ; single_port_rom:ROM|altsyncram:rom_rtl_0|altsyncram_ec91:auto_generated|ram_block1a0~porta_address_reg0 ; regfile64:RF|rf[4][26]  ; CLOCK_50     ; CLOCK_50    ; 1.000        ; 0.007      ; 126.166    ;
; -125.157 ; single_port_rom:ROM|altsyncram:rom_rtl_0|altsyncram_ec91:auto_generated|ram_block1a0~porta_address_reg0 ; regfile64:RF|rf[17][26] ; CLOCK_50     ; CLOCK_50    ; 1.000        ; -0.024     ; 126.132    ;
; -125.153 ; single_port_rom:ROM|altsyncram:rom_rtl_0|altsyncram_ec91:auto_generated|ram_block1a0~porta_address_reg0 ; regfile64:RF|rf[11][29] ; CLOCK_50     ; CLOCK_50    ; 1.000        ; -0.015     ; 126.137    ;
; -125.152 ; single_port_rom:ROM|altsyncram:rom_rtl_0|altsyncram_ec91:auto_generated|ram_block1a0~porta_address_reg0 ; regfile64:RF|rf[27][30] ; CLOCK_50     ; CLOCK_50    ; 1.000        ; 0.018      ; 126.169    ;
; -125.137 ; single_port_rom:ROM|altsyncram:rom_rtl_0|altsyncram_ec91:auto_generated|ram_block1a0~porta_address_reg0 ; pc[24]                  ; CLOCK_50     ; CLOCK_50    ; 1.000        ; -0.409     ; 125.727    ;
; -125.135 ; single_port_rom:ROM|altsyncram:rom_rtl_0|altsyncram_ec91:auto_generated|ram_block1a0~porta_address_reg0 ; pc[23]                  ; CLOCK_50     ; CLOCK_50    ; 1.000        ; -0.409     ; 125.725    ;
; -125.133 ; single_port_rom:ROM|altsyncram:rom_rtl_0|altsyncram_ec91:auto_generated|ram_block1a0~porta_address_reg0 ; pc[21]                  ; CLOCK_50     ; CLOCK_50    ; 1.000        ; -0.409     ; 125.723    ;
; -125.130 ; single_port_rom:ROM|altsyncram:rom_rtl_0|altsyncram_ec91:auto_generated|ram_block1a0~porta_address_reg0 ; regfile64:RF|rf[28][26] ; CLOCK_50     ; CLOCK_50    ; 1.000        ; -0.069     ; 126.060    ;
; -125.127 ; single_port_rom:ROM|altsyncram:rom_rtl_0|altsyncram_ec91:auto_generated|ram_block1a0~porta_address_reg0 ; regfile64:RF|rf[5][26]  ; CLOCK_50     ; CLOCK_50    ; 1.000        ; 0.040      ; 126.166    ;
; -125.120 ; single_port_rom:ROM|altsyncram:rom_rtl_0|altsyncram_ec91:auto_generated|ram_block1a0~porta_address_reg0 ; regfile64:RF|rf[3][31]  ; CLOCK_50     ; CLOCK_50    ; 1.000        ; -0.032     ; 126.087    ;
; -125.118 ; single_port_rom:ROM|altsyncram:rom_rtl_0|altsyncram_ec91:auto_generated|ram_block1a0~porta_address_reg0 ; regfile64:RF|rf[11][26] ; CLOCK_50     ; CLOCK_50    ; 1.000        ; -0.022     ; 126.095    ;
+----------+---------------------------------------------------------------------------------------------------------+-------------------------+--------------+-------------+--------------+------------+------------+


+------------------------------------------------------------------------------------------------------------------------------------------------------------------------------------------------------------------+
; Slow 1200mV 0C Model Hold: 'CLOCK_50'                                                                                                                                                                            ;
+-------+-------------------------+----------------------------------------------------------------------------------------------------------+--------------+-------------+--------------+------------+------------+
; Slack ; From Node               ; To Node                                                                                                  ; Launch Clock ; Latch Clock ; Relationship ; Clock Skew ; Data Delay ;
+-------+-------------------------+----------------------------------------------------------------------------------------------------------+--------------+-------------+--------------+------------+------------+
; 0.803 ; pc[5]                   ; single_port_rom:ROM|altsyncram:rom_rtl_0|altsyncram_ec91:auto_generated|ram_block1a1~porta_address_reg0  ; CLOCK_50     ; CLOCK_50    ; 0.000        ; 0.399      ; 1.403      ;
; 0.827 ; pc[3]                   ; single_port_rom:ROM|altsyncram:rom_rtl_0|altsyncram_ec91:auto_generated|ram_block1a1~porta_address_reg0  ; CLOCK_50     ; CLOCK_50    ; 0.000        ; 0.396      ; 1.424      ;
; 0.862 ; pc[6]                   ; single_port_rom:ROM|altsyncram:rom_rtl_0|altsyncram_ec91:auto_generated|ram_block1a1~porta_address_reg0  ; CLOCK_50     ; CLOCK_50    ; 0.000        ; 0.399      ; 1.462      ;
; 1.045 ; pc[6]                   ; single_port_rom:ROM|altsyncram:rom_rtl_0|altsyncram_ec91:auto_generated|ram_block1a4~porta_address_reg0  ; CLOCK_50     ; CLOCK_50    ; 0.000        ; 0.389      ; 1.635      ;
; 1.087 ; pc[3]                   ; single_port_rom:ROM|altsyncram:rom_rtl_0|altsyncram_ec91:auto_generated|ram_block1a4~porta_address_reg0  ; CLOCK_50     ; CLOCK_50    ; 0.000        ; 0.386      ; 1.674      ;
; 1.091 ; pc[10]                  ; single_port_rom:ROM|altsyncram:rom_rtl_0|altsyncram_ec91:auto_generated|ram_block1a4~porta_address_reg0  ; CLOCK_50     ; CLOCK_50    ; 0.000        ; 0.389      ; 1.681      ;
; 1.109 ; pc[5]                   ; single_port_rom:ROM|altsyncram:rom_rtl_0|altsyncram_ec91:auto_generated|ram_block1a0~porta_address_reg0  ; CLOCK_50     ; CLOCK_50    ; 0.000        ; 0.398      ; 1.708      ;
; 1.117 ; pc[3]                   ; single_port_rom:ROM|altsyncram:rom_rtl_0|altsyncram_ec91:auto_generated|ram_block1a0~porta_address_reg0  ; CLOCK_50     ; CLOCK_50    ; 0.000        ; 0.395      ; 1.713      ;
; 1.157 ; pc[5]                   ; single_port_rom:ROM|altsyncram:rom_rtl_0|altsyncram_ec91:auto_generated|ram_block1a21~porta_address_reg0 ; CLOCK_50     ; CLOCK_50    ; 0.000        ; 0.396      ; 1.754      ;
; 1.173 ; pc[5]                   ; single_port_rom:ROM|altsyncram:rom_rtl_0|altsyncram_ec91:auto_generated|ram_block1a4~porta_address_reg0  ; CLOCK_50     ; CLOCK_50    ; 0.000        ; 0.389      ; 1.763      ;
; 1.319 ; pc[11]                  ; single_port_rom:ROM|altsyncram:rom_rtl_0|altsyncram_ec91:auto_generated|ram_block1a0~porta_address_reg0  ; CLOCK_50     ; CLOCK_50    ; 0.000        ; 0.027      ; 1.547      ;
; 1.329 ; pc[2]                   ; single_port_rom:ROM|altsyncram:rom_rtl_0|altsyncram_ec91:auto_generated|ram_block1a4~porta_address_reg0  ; CLOCK_50     ; CLOCK_50    ; 0.000        ; 0.386      ; 1.916      ;
; 1.373 ; pc[6]                   ; single_port_rom:ROM|altsyncram:rom_rtl_0|altsyncram_ec91:auto_generated|ram_block1a0~porta_address_reg0  ; CLOCK_50     ; CLOCK_50    ; 0.000        ; 0.398      ; 1.972      ;
; 1.401 ; pc[3]                   ; single_port_rom:ROM|altsyncram:rom_rtl_0|altsyncram_ec91:auto_generated|ram_block1a21~porta_address_reg0 ; CLOCK_50     ; CLOCK_50    ; 0.000        ; 0.393      ; 1.995      ;
; 1.493 ; pc[11]                  ; single_port_rom:ROM|altsyncram:rom_rtl_0|altsyncram_ec91:auto_generated|ram_block1a21~porta_address_reg0 ; CLOCK_50     ; CLOCK_50    ; 0.000        ; 0.025      ; 1.719      ;
; 1.539 ; pc[11]                  ; single_port_rom:ROM|altsyncram:rom_rtl_0|altsyncram_ec91:auto_generated|ram_block1a1~porta_address_reg0  ; CLOCK_50     ; CLOCK_50    ; 0.000        ; 0.028      ; 1.768      ;
; 1.613 ; pc[6]                   ; single_port_rom:ROM|altsyncram:rom_rtl_0|altsyncram_ec91:auto_generated|ram_block1a21~porta_address_reg0 ; CLOCK_50     ; CLOCK_50    ; 0.000        ; 0.396      ; 2.210      ;
; 1.630 ; pc[10]                  ; single_port_rom:ROM|altsyncram:rom_rtl_0|altsyncram_ec91:auto_generated|ram_block1a21~porta_address_reg0 ; CLOCK_50     ; CLOCK_50    ; 0.000        ; 0.396      ; 2.227      ;
; 1.765 ; pc[11]                  ; single_port_rom:ROM|altsyncram:rom_rtl_0|altsyncram_ec91:auto_generated|ram_block1a4~porta_address_reg0  ; CLOCK_50     ; CLOCK_50    ; 0.000        ; 0.018      ; 1.984      ;
; 1.787 ; pc[9]                   ; single_port_rom:ROM|altsyncram:rom_rtl_0|altsyncram_ec91:auto_generated|ram_block1a0~porta_address_reg0  ; CLOCK_50     ; CLOCK_50    ; 0.000        ; 0.027      ; 2.015      ;
; 1.794 ; pc[21]                  ; pc[21]                                                                                                   ; CLOCK_50     ; CLOCK_50    ; 0.000        ; 0.072      ; 2.037      ;
; 1.798 ; pc[10]                  ; single_port_rom:ROM|altsyncram:rom_rtl_0|altsyncram_ec91:auto_generated|ram_block1a1~porta_address_reg0  ; CLOCK_50     ; CLOCK_50    ; 0.000        ; 0.399      ; 2.398      ;
; 1.814 ; pc[8]                   ; single_port_rom:ROM|altsyncram:rom_rtl_0|altsyncram_ec91:auto_generated|ram_block1a21~porta_address_reg0 ; CLOCK_50     ; CLOCK_50    ; 0.000        ; 0.025      ; 2.040      ;
; 1.827 ; pc[9]                   ; single_port_rom:ROM|altsyncram:rom_rtl_0|altsyncram_ec91:auto_generated|ram_block1a21~porta_address_reg0 ; CLOCK_50     ; CLOCK_50    ; 0.000        ; 0.025      ; 2.053      ;
; 1.835 ; pc[15]                  ; pc[15]                                                                                                   ; CLOCK_50     ; CLOCK_50    ; 0.000        ; 0.073      ; 2.079      ;
; 1.860 ; pc[8]                   ; single_port_rom:ROM|altsyncram:rom_rtl_0|altsyncram_ec91:auto_generated|ram_block1a1~porta_address_reg0  ; CLOCK_50     ; CLOCK_50    ; 0.000        ; 0.028      ; 2.089      ;
; 1.870 ; pc[19]                  ; pc[19]                                                                                                   ; CLOCK_50     ; CLOCK_50    ; 0.000        ; 0.072      ; 2.113      ;
; 1.887 ; pc[11]                  ; pc[11]                                                                                                   ; CLOCK_50     ; CLOCK_50    ; 0.000        ; 0.088      ; 2.146      ;
; 1.921 ; pc[7]                   ; single_port_rom:ROM|altsyncram:rom_rtl_0|altsyncram_ec91:auto_generated|ram_block1a4~porta_address_reg0  ; CLOCK_50     ; CLOCK_50    ; 0.000        ; 0.389      ; 2.511      ;
; 1.923 ; pc[23]                  ; pc[23]                                                                                                   ; CLOCK_50     ; CLOCK_50    ; 0.000        ; 0.072      ; 2.166      ;
; 1.924 ; pc[24]                  ; pc[24]                                                                                                   ; CLOCK_50     ; CLOCK_50    ; 0.000        ; 0.072      ; 2.167      ;
; 1.924 ; pc[7]                   ; single_port_rom:ROM|altsyncram:rom_rtl_0|altsyncram_ec91:auto_generated|ram_block1a21~porta_address_reg0 ; CLOCK_50     ; CLOCK_50    ; 0.000        ; 0.396      ; 2.521      ;
; 1.961 ; pc[8]                   ; single_port_rom:ROM|altsyncram:rom_rtl_0|altsyncram_ec91:auto_generated|ram_block1a4~porta_address_reg0  ; CLOCK_50     ; CLOCK_50    ; 0.000        ; 0.018      ; 2.180      ;
; 1.982 ; pc[10]                  ; single_port_rom:ROM|altsyncram:rom_rtl_0|altsyncram_ec91:auto_generated|ram_block1a0~porta_address_reg0  ; CLOCK_50     ; CLOCK_50    ; 0.000        ; 0.398      ; 2.581      ;
; 2.035 ; pc[0]                   ; pc[0]                                                                                                    ; CLOCK_50     ; CLOCK_50    ; 0.000        ; 0.072      ; 2.278      ;
; 2.049 ; pc[4]                   ; pc[9]                                                                                                    ; CLOCK_50     ; CLOCK_50    ; 0.000        ; 0.459      ; 2.679      ;
; 2.051 ; pc[5]                   ; pc[9]                                                                                                    ; CLOCK_50     ; CLOCK_50    ; 0.000        ; 0.459      ; 2.681      ;
; 2.056 ; pc[2]                   ; single_port_rom:ROM|altsyncram:rom_rtl_0|altsyncram_ec91:auto_generated|ram_block1a21~porta_address_reg0 ; CLOCK_50     ; CLOCK_50    ; 0.000        ; 0.393      ; 2.650      ;
; 2.063 ; pc[18]                  ; pc[18]                                                                                                   ; CLOCK_50     ; CLOCK_50    ; 0.000        ; 0.072      ; 2.306      ;
; 2.079 ; pc[9]                   ; pc[9]                                                                                                    ; CLOCK_50     ; CLOCK_50    ; 0.000        ; 0.088      ; 2.338      ;
; 2.106 ; pc[21]                  ; pc[23]                                                                                                   ; CLOCK_50     ; CLOCK_50    ; 0.000        ; 0.072      ; 2.349      ;
; 2.124 ; pc[14]                  ; pc[15]                                                                                                   ; CLOCK_50     ; CLOCK_50    ; 0.000        ; 0.073      ; 2.368      ;
; 2.142 ; pc[8]                   ; pc[9]                                                                                                    ; CLOCK_50     ; CLOCK_50    ; 0.000        ; 0.088      ; 2.401      ;
; 2.143 ; pc[19]                  ; pc[21]                                                                                                   ; CLOCK_50     ; CLOCK_50    ; 0.000        ; 0.074      ; 2.388      ;
; 2.152 ; pc[18]                  ; pc[19]                                                                                                   ; CLOCK_50     ; CLOCK_50    ; 0.000        ; 0.072      ; 2.395      ;
; 2.167 ; pc[19]                  ; pc[20]                                                                                                   ; CLOCK_50     ; CLOCK_50    ; 0.000        ; 0.471      ; 2.809      ;
; 2.174 ; pc[4]                   ; pc[11]                                                                                                   ; CLOCK_50     ; CLOCK_50    ; 0.000        ; 0.459      ; 2.804      ;
; 2.175 ; pc[21]                  ; pc[24]                                                                                                   ; CLOCK_50     ; CLOCK_50    ; 0.000        ; 0.072      ; 2.418      ;
; 2.176 ; pc[5]                   ; pc[11]                                                                                                   ; CLOCK_50     ; CLOCK_50    ; 0.000        ; 0.459      ; 2.806      ;
; 2.177 ; pc[2]                   ; pc[9]                                                                                                    ; CLOCK_50     ; CLOCK_50    ; 0.000        ; 0.456      ; 2.804      ;
; 2.184 ; pc[18]                  ; pc[21]                                                                                                   ; CLOCK_50     ; CLOCK_50    ; 0.000        ; 0.074      ; 2.429      ;
; 2.187 ; pc[3]                   ; pc[9]                                                                                                    ; CLOCK_50     ; CLOCK_50    ; 0.000        ; 0.456      ; 2.814      ;
; 2.200 ; pc[13]                  ; pc[15]                                                                                                   ; CLOCK_50     ; CLOCK_50    ; 0.000        ; 0.073      ; 2.444      ;
; 2.202 ; pc[18]                  ; pc[20]                                                                                                   ; CLOCK_50     ; CLOCK_50    ; 0.000        ; 0.471      ; 2.844      ;
; 2.204 ; pc[0]                   ; pc[1]                                                                                                    ; CLOCK_50     ; CLOCK_50    ; 0.000        ; 0.072      ; 2.447      ;
; 2.205 ; pc[20]                  ; pc[20]                                                                                                   ; CLOCK_50     ; CLOCK_50    ; 0.000        ; 0.088      ; 2.464      ;
; 2.209 ; pc[12]                  ; pc[15]                                                                                                   ; CLOCK_50     ; CLOCK_50    ; 0.000        ; 0.073      ; 2.453      ;
; 2.214 ; pc[26]                  ; pc[26]                                                                                                   ; CLOCK_50     ; CLOCK_50    ; 0.000        ; 0.073      ; 2.458      ;
; 2.214 ; pc[19]                  ; pc[23]                                                                                                   ; CLOCK_50     ; CLOCK_50    ; 0.000        ; 0.074      ; 2.459      ;
; 2.219 ; pc[4]                   ; single_port_rom:ROM|altsyncram:rom_rtl_0|altsyncram_ec91:auto_generated|ram_block1a4~porta_address_reg0  ; CLOCK_50     ; CLOCK_50    ; 0.000        ; 0.389      ; 2.809      ;
; 2.227 ; pc[10]                  ; pc[11]                                                                                                   ; CLOCK_50     ; CLOCK_50    ; 0.000        ; 0.459      ; 2.857      ;
; 2.240 ; pc[21]                  ; pc[22]                                                                                                   ; CLOCK_50     ; CLOCK_50    ; 0.000        ; 0.469      ; 2.880      ;
; 2.255 ; pc[18]                  ; pc[23]                                                                                                   ; CLOCK_50     ; CLOCK_50    ; 0.000        ; 0.074      ; 2.500      ;
; 2.256 ; pc[23]                  ; pc[24]                                                                                                   ; CLOCK_50     ; CLOCK_50    ; 0.000        ; 0.072      ; 2.499      ;
; 2.267 ; pc[8]                   ; pc[11]                                                                                                   ; CLOCK_50     ; CLOCK_50    ; 0.000        ; 0.088      ; 2.526      ;
; 2.272 ; pc[12]                  ; pc[12]                                                                                                   ; CLOCK_50     ; CLOCK_50    ; 0.000        ; 0.073      ; 2.516      ;
; 2.289 ; pc[0]                   ; pc[9]                                                                                                    ; CLOCK_50     ; CLOCK_50    ; 0.000        ; 0.456      ; 2.916      ;
; 2.295 ; pc[19]                  ; pc[24]                                                                                                   ; CLOCK_50     ; CLOCK_50    ; 0.000        ; 0.074      ; 2.540      ;
; 2.302 ; pc[2]                   ; pc[11]                                                                                                   ; CLOCK_50     ; CLOCK_50    ; 0.000        ; 0.456      ; 2.929      ;
; 2.304 ; pc[8]                   ; single_port_rom:ROM|altsyncram:rom_rtl_0|altsyncram_ec91:auto_generated|ram_block1a0~porta_address_reg0  ; CLOCK_50     ; CLOCK_50    ; 0.000        ; 0.027      ; 2.532      ;
; 2.312 ; pc[3]                   ; pc[11]                                                                                                   ; CLOCK_50     ; CLOCK_50    ; 0.000        ; 0.456      ; 2.939      ;
; 2.327 ; pc[3]                   ; pc[3]                                                                                                    ; CLOCK_50     ; CLOCK_50    ; 0.000        ; 0.072      ; 2.570      ;
; 2.333 ; pc[15]                  ; pc[19]                                                                                                   ; CLOCK_50     ; CLOCK_50    ; 0.000        ; 0.067      ; 2.571      ;
; 2.335 ; pc[18]                  ; pc[24]                                                                                                   ; CLOCK_50     ; CLOCK_50    ; 0.000        ; 0.074      ; 2.580      ;
; 2.355 ; pc[8]                   ; pc[8]                                                                                                    ; CLOCK_50     ; CLOCK_50    ; 0.000        ; 0.088      ; 2.614      ;
; 2.360 ; pc[9]                   ; single_port_rom:ROM|altsyncram:rom_rtl_0|altsyncram_ec91:auto_generated|ram_block1a1~porta_address_reg0  ; CLOCK_50     ; CLOCK_50    ; 0.000        ; 0.028      ; 2.589      ;
; 2.360 ; pc[19]                  ; pc[22]                                                                                                   ; CLOCK_50     ; CLOCK_50    ; 0.000        ; 0.471      ; 3.002      ;
; 2.365 ; pc[15]                  ; pc[21]                                                                                                   ; CLOCK_50     ; CLOCK_50    ; 0.000        ; 0.069      ; 2.605      ;
; 2.381 ; pc[14]                  ; pc[19]                                                                                                   ; CLOCK_50     ; CLOCK_50    ; 0.000        ; 0.067      ; 2.619      ;
; 2.389 ; pc[15]                  ; pc[20]                                                                                                   ; CLOCK_50     ; CLOCK_50    ; 0.000        ; 0.466      ; 3.026      ;
; 2.400 ; pc[18]                  ; pc[22]                                                                                                   ; CLOCK_50     ; CLOCK_50    ; 0.000        ; 0.471      ; 3.042      ;
; 2.402 ; regfile64:RF|rf[11][29] ; pc[29]                                                                                                   ; CLOCK_50     ; CLOCK_50    ; 0.000        ; 0.085      ; 2.658      ;
; 2.413 ; pc[14]                  ; pc[21]                                                                                                   ; CLOCK_50     ; CLOCK_50    ; 0.000        ; 0.069      ; 2.653      ;
; 2.414 ; pc[0]                   ; pc[11]                                                                                                   ; CLOCK_50     ; CLOCK_50    ; 0.000        ; 0.456      ; 3.041      ;
; 2.414 ; pc[14]                  ; pc[20]                                                                                                   ; CLOCK_50     ; CLOCK_50    ; 0.000        ; 0.466      ; 3.051      ;
; 2.420 ; pc[7]                   ; single_port_rom:ROM|altsyncram:rom_rtl_0|altsyncram_ec91:auto_generated|ram_block1a1~porta_address_reg0  ; CLOCK_50     ; CLOCK_50    ; 0.000        ; 0.399      ; 3.020      ;
; 2.421 ; pc[6]                   ; pc[9]                                                                                                    ; CLOCK_50     ; CLOCK_50    ; 0.000        ; 0.459      ; 3.051      ;
; 2.436 ; pc[15]                  ; pc[23]                                                                                                   ; CLOCK_50     ; CLOCK_50    ; 0.000        ; 0.069      ; 2.676      ;
; 2.441 ; pc[20]                  ; pc[21]                                                                                                   ; CLOCK_50     ; CLOCK_50    ; 0.000        ; -0.309     ; 2.303      ;
; 2.443 ; pc[7]                   ; single_port_rom:ROM|altsyncram:rom_rtl_0|altsyncram_ec91:auto_generated|ram_block1a0~porta_address_reg0  ; CLOCK_50     ; CLOCK_50    ; 0.000        ; 0.398      ; 3.042      ;
; 2.445 ; pc[9]                   ; pc[11]                                                                                                   ; CLOCK_50     ; CLOCK_50    ; 0.000        ; 0.088      ; 2.704      ;
; 2.457 ; pc[13]                  ; pc[19]                                                                                                   ; CLOCK_50     ; CLOCK_50    ; 0.000        ; 0.067      ; 2.695      ;
; 2.466 ; pc[12]                  ; pc[19]                                                                                                   ; CLOCK_50     ; CLOCK_50    ; 0.000        ; 0.067      ; 2.704      ;
; 2.468 ; pc[4]                   ; pc[8]                                                                                                    ; CLOCK_50     ; CLOCK_50    ; 0.000        ; 0.459      ; 3.098      ;
; 2.476 ; pc[2]                   ; pc[2]                                                                                                    ; CLOCK_50     ; CLOCK_50    ; 0.000        ; 0.072      ; 2.719      ;
; 2.484 ; pc[14]                  ; pc[23]                                                                                                   ; CLOCK_50     ; CLOCK_50    ; 0.000        ; 0.069      ; 2.724      ;
; 2.489 ; pc[13]                  ; pc[21]                                                                                                   ; CLOCK_50     ; CLOCK_50    ; 0.000        ; 0.069      ; 2.729      ;
; 2.489 ; pc[5]                   ; pc[8]                                                                                                    ; CLOCK_50     ; CLOCK_50    ; 0.000        ; 0.459      ; 3.119      ;
; 2.493 ; pc[12]                  ; pc[20]                                                                                                   ; CLOCK_50     ; CLOCK_50    ; 0.000        ; 0.466      ; 3.130      ;
; 2.497 ; pc[15]                  ; pc[18]                                                                                                   ; CLOCK_50     ; CLOCK_50    ; 0.000        ; 0.067      ; 2.735      ;
+-------+-------------------------+----------------------------------------------------------------------------------------------------------+--------------+-------------+--------------+------------+------------+


----------------------------------------------
; Slow 1200mV 0C Model Metastability Summary ;
----------------------------------------------
No synchronizer chains to report.


+------------------------------------+
; Fast 1200mV 0C Model Setup Summary ;
+----------+---------+---------------+
; Clock    ; Slack   ; End Point TNS ;
+----------+---------+---------------+
; CLOCK_50 ; -69.316 ; -2190373.830  ;
+----------+---------+---------------+


+-----------------------------------+
; Fast 1200mV 0C Model Hold Summary ;
+----------+-------+----------------+
; Clock    ; Slack ; End Point TNS  ;
+----------+-------+----------------+
; CLOCK_50 ; 0.393 ; 0.000          ;
+----------+-------+----------------+


-----------------------------------------
; Fast 1200mV 0C Model Recovery Summary ;
-----------------------------------------
No paths to report.


----------------------------------------
; Fast 1200mV 0C Model Removal Summary ;
----------------------------------------
No paths to report.


+--------------------------------------------------+
; Fast 1200mV 0C Model Minimum Pulse Width Summary ;
+----------+--------+------------------------------+
; Clock    ; Slack  ; End Point TNS                ;
+----------+--------+------------------------------+
; CLOCK_50 ; -3.000 ; -36406.167                   ;
+----------+--------+------------------------------+


+-------------------------------------------------------------------------------------------------------------------------------------------------------------------------------------------------------------------+
; Fast 1200mV 0C Model Setup: 'CLOCK_50'                                                                                                                                                                            ;
+---------+---------------------------------------------------------------------------------------------------------+-------------------------+--------------+-------------+--------------+------------+------------+
; Slack   ; From Node                                                                                               ; To Node                 ; Launch Clock ; Latch Clock ; Relationship ; Clock Skew ; Data Delay ;
+---------+---------------------------------------------------------------------------------------------------------+-------------------------+--------------+-------------+--------------+------------+------------+
; -69.316 ; single_port_rom:ROM|altsyncram:rom_rtl_0|altsyncram_ec91:auto_generated|ram_block1a0~porta_address_reg0 ; regfile64:RF|rf[14][24] ; CLOCK_50     ; CLOCK_50    ; 1.000        ; -0.217     ; 70.086     ;
; -68.991 ; single_port_rom:ROM|altsyncram:rom_rtl_0|altsyncram_ec91:auto_generated|ram_block1a0~porta_address_reg0 ; regfile64:RF|rf[6][24]  ; CLOCK_50     ; CLOCK_50    ; 1.000        ; -0.068     ; 69.910     ;
; -68.973 ; single_port_rom:ROM|altsyncram:rom_rtl_0|altsyncram_ec91:auto_generated|ram_block1a0~porta_address_reg0 ; regfile64:RF|rf[3][24]  ; CLOCK_50     ; CLOCK_50    ; 1.000        ; -0.053     ; 69.907     ;
; -68.944 ; single_port_rom:ROM|altsyncram:rom_rtl_0|altsyncram_ec91:auto_generated|ram_block1a0~porta_address_reg0 ; regfile64:RF|rf[11][24] ; CLOCK_50     ; CLOCK_50    ; 1.000        ; -0.046     ; 69.885     ;
; -68.937 ; single_port_rom:ROM|altsyncram:rom_rtl_0|altsyncram_ec91:auto_generated|ram_block1a0~porta_address_reg0 ; regfile64:RF|rf[28][31] ; CLOCK_50     ; CLOCK_50    ; 1.000        ; -0.033     ; 69.891     ;
; -68.931 ; single_port_rom:ROM|altsyncram:rom_rtl_0|altsyncram_ec91:auto_generated|ram_block1a0~porta_address_reg0 ; regfile64:RF|rf[8][24]  ; CLOCK_50     ; CLOCK_50    ; 1.000        ; -0.032     ; 69.886     ;
; -68.862 ; single_port_rom:ROM|altsyncram:rom_rtl_0|altsyncram_ec91:auto_generated|ram_block1a0~porta_address_reg0 ; regfile64:RF|rf[10][24] ; CLOCK_50     ; CLOCK_50    ; 1.000        ; -0.064     ; 69.785     ;
; -68.854 ; single_port_rom:ROM|altsyncram:rom_rtl_0|altsyncram_ec91:auto_generated|ram_block1a0~porta_address_reg0 ; regfile64:RF|rf[9][24]  ; CLOCK_50     ; CLOCK_50    ; 1.000        ; -0.049     ; 69.792     ;
; -68.833 ; single_port_rom:ROM|altsyncram:rom_rtl_0|altsyncram_ec91:auto_generated|ram_block1a0~porta_address_reg0 ; regfile64:RF|rf[19][24] ; CLOCK_50     ; CLOCK_50    ; 1.000        ; -0.051     ; 69.769     ;
; -68.827 ; single_port_rom:ROM|altsyncram:rom_rtl_0|altsyncram_ec91:auto_generated|ram_block1a0~porta_address_reg0 ; regfile64:RF|rf[16][5]  ; CLOCK_50     ; CLOCK_50    ; 1.000        ; -0.024     ; 69.790     ;
; -68.825 ; single_port_rom:ROM|altsyncram:rom_rtl_0|altsyncram_ec91:auto_generated|ram_block1a0~porta_address_reg0 ; regfile64:RF|rf[11][31] ; CLOCK_50     ; CLOCK_50    ; 1.000        ; -0.037     ; 69.775     ;
; -68.817 ; single_port_rom:ROM|altsyncram:rom_rtl_0|altsyncram_ec91:auto_generated|ram_block1a0~porta_address_reg0 ; regfile64:RF|rf[27][24] ; CLOCK_50     ; CLOCK_50    ; 1.000        ; -0.049     ; 69.755     ;
; -68.815 ; single_port_rom:ROM|altsyncram:rom_rtl_0|altsyncram_ec91:auto_generated|ram_block1a0~porta_address_reg0 ; regfile64:RF|rf[23][24] ; CLOCK_50     ; CLOCK_50    ; 1.000        ; -0.037     ; 69.765     ;
; -68.811 ; single_port_rom:ROM|altsyncram:rom_rtl_0|altsyncram_ec91:auto_generated|ram_block1a0~porta_address_reg0 ; regfile64:RF|rf[24][5]  ; CLOCK_50     ; CLOCK_50    ; 1.000        ; -0.009     ; 69.789     ;
; -68.810 ; single_port_rom:ROM|altsyncram:rom_rtl_0|altsyncram_ec91:auto_generated|ram_block1a0~porta_address_reg0 ; regfile64:RF|rf[24][31] ; CLOCK_50     ; CLOCK_50    ; 1.000        ; -0.057     ; 69.740     ;
; -68.810 ; single_port_rom:ROM|altsyncram:rom_rtl_0|altsyncram_ec91:auto_generated|ram_block1a0~porta_address_reg0 ; regfile64:RF|rf[1][31]  ; CLOCK_50     ; CLOCK_50    ; 1.000        ; -0.051     ; 69.746     ;
; -68.799 ; single_port_rom:ROM|altsyncram:rom_rtl_0|altsyncram_ec91:auto_generated|ram_block1a0~porta_address_reg0 ; regfile64:RF|rf[17][5]  ; CLOCK_50     ; CLOCK_50    ; 1.000        ; -0.015     ; 69.771     ;
; -68.797 ; single_port_rom:ROM|altsyncram:rom_rtl_0|altsyncram_ec91:auto_generated|ram_block1a0~porta_address_reg0 ; regfile64:RF|rf[20][31] ; CLOCK_50     ; CLOCK_50    ; 1.000        ; -0.043     ; 69.741     ;
; -68.797 ; single_port_rom:ROM|altsyncram:rom_rtl_0|altsyncram_ec91:auto_generated|ram_block1a0~porta_address_reg0 ; regfile64:RF|rf[2][31]  ; CLOCK_50     ; CLOCK_50    ; 1.000        ; -0.039     ; 69.745     ;
; -68.785 ; single_port_rom:ROM|altsyncram:rom_rtl_0|altsyncram_ec91:auto_generated|ram_block1a0~porta_address_reg0 ; regfile64:RF|rf[25][5]  ; CLOCK_50     ; CLOCK_50    ; 1.000        ; -0.001     ; 69.771     ;
; -68.777 ; single_port_rom:ROM|altsyncram:rom_rtl_0|altsyncram_ec91:auto_generated|ram_block1a0~porta_address_reg0 ; regfile64:RF|rf[28][24] ; CLOCK_50     ; CLOCK_50    ; 1.000        ; -0.054     ; 69.710     ;
; -68.767 ; single_port_rom:ROM|altsyncram:rom_rtl_0|altsyncram_ec91:auto_generated|ram_block1a0~porta_address_reg0 ; regfile64:RF|rf[12][24] ; CLOCK_50     ; CLOCK_50    ; 1.000        ; -0.056     ; 69.698     ;
; -68.765 ; single_port_rom:ROM|altsyncram:rom_rtl_0|altsyncram_ec91:auto_generated|ram_block1a0~porta_address_reg0 ; regfile64:RF|rf[16][24] ; CLOCK_50     ; CLOCK_50    ; 1.000        ; -0.040     ; 69.712     ;
; -68.761 ; single_port_rom:ROM|altsyncram:rom_rtl_0|altsyncram_ec91:auto_generated|ram_block1a0~porta_address_reg0 ; regfile64:RF|rf[23][31] ; CLOCK_50     ; CLOCK_50    ; 1.000        ; -0.080     ; 69.668     ;
; -68.753 ; single_port_rom:ROM|altsyncram:rom_rtl_0|altsyncram_ec91:auto_generated|ram_block1a0~porta_address_reg0 ; regfile64:RF|rf[13][24] ; CLOCK_50     ; CLOCK_50    ; 1.000        ; -0.041     ; 69.699     ;
; -68.752 ; single_port_rom:ROM|altsyncram:rom_rtl_0|altsyncram_ec91:auto_generated|ram_block1a0~porta_address_reg0 ; regfile64:RF|rf[6][26]  ; CLOCK_50     ; CLOCK_50    ; 1.000        ; 0.000      ; 69.739     ;
; -68.746 ; single_port_rom:ROM|altsyncram:rom_rtl_0|altsyncram_ec91:auto_generated|ram_block1a0~porta_address_reg0 ; regfile64:RF|rf[31][10] ; CLOCK_50     ; CLOCK_50    ; 1.000        ; -0.028     ; 69.705     ;
; -68.743 ; single_port_rom:ROM|altsyncram:rom_rtl_0|altsyncram_ec91:auto_generated|ram_block1a0~porta_address_reg0 ; regfile64:RF|rf[27][31] ; CLOCK_50     ; CLOCK_50    ; 1.000        ; -0.065     ; 69.665     ;
; -68.740 ; single_port_rom:ROM|altsyncram:rom_rtl_0|altsyncram_ec91:auto_generated|ram_block1a0~porta_address_reg0 ; regfile64:RF|rf[22][26] ; CLOCK_50     ; CLOCK_50    ; 1.000        ; -0.084     ; 69.643     ;
; -68.736 ; single_port_rom:ROM|altsyncram:rom_rtl_0|altsyncram_ec91:auto_generated|ram_block1a0~porta_address_reg0 ; regfile64:RF|rf[12][31] ; CLOCK_50     ; CLOCK_50    ; 1.000        ; -0.045     ; 69.678     ;
; -68.735 ; single_port_rom:ROM|altsyncram:rom_rtl_0|altsyncram_ec91:auto_generated|ram_block1a0~porta_address_reg0 ; regfile64:RF|rf[13][17] ; CLOCK_50     ; CLOCK_50    ; 1.000        ; -0.041     ; 69.681     ;
; -68.735 ; single_port_rom:ROM|altsyncram:rom_rtl_0|altsyncram_ec91:auto_generated|ram_block1a0~porta_address_reg0 ; regfile64:RF|rf[29][31] ; CLOCK_50     ; CLOCK_50    ; 1.000        ; -0.063     ; 69.659     ;
; -68.734 ; single_port_rom:ROM|altsyncram:rom_rtl_0|altsyncram_ec91:auto_generated|ram_block1a0~porta_address_reg0 ; regfile64:RF|rf[26][31] ; CLOCK_50     ; CLOCK_50    ; 1.000        ; -0.055     ; 69.666     ;
; -68.723 ; single_port_rom:ROM|altsyncram:rom_rtl_0|altsyncram_ec91:auto_generated|ram_block1a0~porta_address_reg0 ; regfile64:RF|rf[7][13]  ; CLOCK_50     ; CLOCK_50    ; 1.000        ; -0.054     ; 69.656     ;
; -68.719 ; single_port_rom:ROM|altsyncram:rom_rtl_0|altsyncram_ec91:auto_generated|ram_block1a0~porta_address_reg0 ; regfile64:RF|rf[17][31] ; CLOCK_50     ; CLOCK_50    ; 1.000        ; -0.047     ; 69.659     ;
; -68.719 ; single_port_rom:ROM|altsyncram:rom_rtl_0|altsyncram_ec91:auto_generated|ram_block1a0~porta_address_reg0 ; regfile64:RF|rf[1][13]  ; CLOCK_50     ; CLOCK_50    ; 1.000        ; -0.028     ; 69.678     ;
; -68.710 ; single_port_rom:ROM|altsyncram:rom_rtl_0|altsyncram_ec91:auto_generated|ram_block1a0~porta_address_reg0 ; regfile64:RF|rf[25][31] ; CLOCK_50     ; CLOCK_50    ; 1.000        ; -0.069     ; 69.628     ;
; -68.709 ; single_port_rom:ROM|altsyncram:rom_rtl_0|altsyncram_ec91:auto_generated|ram_block1a0~porta_address_reg0 ; regfile64:RF|rf[31][31] ; CLOCK_50     ; CLOCK_50    ; 1.000        ; -0.052     ; 69.644     ;
; -68.703 ; single_port_rom:ROM|altsyncram:rom_rtl_0|altsyncram_ec91:auto_generated|ram_block1a0~porta_address_reg0 ; regfile64:RF|rf[28][26] ; CLOCK_50     ; CLOCK_50    ; 1.000        ; -0.071     ; 69.619     ;
; -68.702 ; single_port_rom:ROM|altsyncram:rom_rtl_0|altsyncram_ec91:auto_generated|ram_block1a0~porta_address_reg0 ; regfile64:RF|rf[29][26] ; CLOCK_50     ; CLOCK_50    ; 1.000        ; -0.063     ; 69.626     ;
; -68.701 ; single_port_rom:ROM|altsyncram:rom_rtl_0|altsyncram_ec91:auto_generated|ram_block1a0~porta_address_reg0 ; regfile64:RF|rf[19][31] ; CLOCK_50     ; CLOCK_50    ; 1.000        ; -0.038     ; 69.650     ;
; -68.698 ; single_port_rom:ROM|altsyncram:rom_rtl_0|altsyncram_ec91:auto_generated|ram_block1a0~porta_address_reg0 ; regfile64:RF|rf[5][13]  ; CLOCK_50     ; CLOCK_50    ; 1.000        ; -0.028     ; 69.657     ;
; -68.690 ; single_port_rom:ROM|altsyncram:rom_rtl_0|altsyncram_ec91:auto_generated|ram_block1a0~porta_address_reg0 ; regfile64:RF|rf[21][31] ; CLOCK_50     ; CLOCK_50    ; 1.000        ; -0.056     ; 69.621     ;
; -68.689 ; single_port_rom:ROM|altsyncram:rom_rtl_0|altsyncram_ec91:auto_generated|ram_block1a0~porta_address_reg0 ; regfile64:RF|rf[24][24] ; CLOCK_50     ; CLOCK_50    ; 1.000        ; -0.049     ; 69.627     ;
; -68.689 ; single_port_rom:ROM|altsyncram:rom_rtl_0|altsyncram_ec91:auto_generated|ram_block1a0~porta_address_reg0 ; regfile64:RF|rf[16][26] ; CLOCK_50     ; CLOCK_50    ; 1.000        ; -0.057     ; 69.619     ;
; -68.685 ; single_port_rom:ROM|altsyncram:rom_rtl_0|altsyncram_ec91:auto_generated|ram_block1a0~porta_address_reg0 ; regfile64:RF|rf[17][26] ; CLOCK_50     ; CLOCK_50    ; 1.000        ; -0.047     ; 69.625     ;
; -68.682 ; single_port_rom:ROM|altsyncram:rom_rtl_0|altsyncram_ec91:auto_generated|ram_block1a0~porta_address_reg0 ; regfile64:RF|rf[7][26]  ; CLOCK_50     ; CLOCK_50    ; 1.000        ; -0.014     ; 69.655     ;
; -68.682 ; single_port_rom:ROM|altsyncram:rom_rtl_0|altsyncram_ec91:auto_generated|ram_block1a0~porta_address_reg0 ; regfile64:RF|rf[2][13]  ; CLOCK_50     ; CLOCK_50    ; 1.000        ; -0.034     ; 69.635     ;
; -68.680 ; single_port_rom:ROM|altsyncram:rom_rtl_0|altsyncram_ec91:auto_generated|ram_block1a0~porta_address_reg0 ; regfile64:RF|rf[20][24] ; CLOCK_50     ; CLOCK_50    ; 1.000        ; -0.035     ; 69.632     ;
; -68.679 ; single_port_rom:ROM|altsyncram:rom_rtl_0|altsyncram_ec91:auto_generated|ram_block1a0~porta_address_reg0 ; regfile64:RF|rf[4][26]  ; CLOCK_50     ; CLOCK_50    ; 1.000        ; -0.012     ; 69.654     ;
; -68.676 ; single_port_rom:ROM|altsyncram:rom_rtl_0|altsyncram_ec91:auto_generated|ram_block1a0~porta_address_reg0 ; regfile64:RF|rf[27][10] ; CLOCK_50     ; CLOCK_50    ; 1.000        ; -0.050     ; 69.613     ;
; -68.674 ; single_port_rom:ROM|altsyncram:rom_rtl_0|altsyncram_ec91:auto_generated|ram_block1a0~porta_address_reg0 ; regfile64:RF|rf[14][31] ; CLOCK_50     ; CLOCK_50    ; 1.000        ; -0.062     ; 69.599     ;
; -68.669 ; single_port_rom:ROM|altsyncram:rom_rtl_0|altsyncram_ec91:auto_generated|ram_block1a0~porta_address_reg0 ; regfile64:RF|rf[7][31]  ; CLOCK_50     ; CLOCK_50    ; 1.000        ; -0.075     ; 69.581     ;
; -68.668 ; single_port_rom:ROM|altsyncram:rom_rtl_0|altsyncram_ec91:auto_generated|ram_block1a0~porta_address_reg0 ; regfile64:RF|rf[5][24]  ; CLOCK_50     ; CLOCK_50    ; 1.000        ; -0.028     ; 69.627     ;
; -68.668 ; single_port_rom:ROM|altsyncram:rom_rtl_0|altsyncram_ec91:auto_generated|ram_block1a0~porta_address_reg0 ; regfile64:RF|rf[6][31]  ; CLOCK_50     ; CLOCK_50    ; 1.000        ; -0.073     ; 69.582     ;
; -68.667 ; single_port_rom:ROM|altsyncram:rom_rtl_0|altsyncram_ec91:auto_generated|ram_block1a0~porta_address_reg0 ; regfile64:RF|rf[25][26] ; CLOCK_50     ; CLOCK_50    ; 1.000        ; -0.069     ; 69.585     ;
; -68.665 ; single_port_rom:ROM|altsyncram:rom_rtl_0|altsyncram_ec91:auto_generated|ram_block1a0~porta_address_reg0 ; regfile64:RF|rf[5][26]  ; CLOCK_50     ; CLOCK_50    ; 1.000        ; 0.002      ; 69.654     ;
; -68.663 ; single_port_rom:ROM|altsyncram:rom_rtl_0|altsyncram_ec91:auto_generated|ram_block1a0~porta_address_reg0 ; regfile64:RF|rf[22][31] ; CLOCK_50     ; CLOCK_50    ; 1.000        ; -0.072     ; 69.578     ;
; -68.661 ; single_port_rom:ROM|altsyncram:rom_rtl_0|altsyncram_ec91:auto_generated|ram_block1a0~porta_address_reg0 ; regfile64:RF|rf[30][31] ; CLOCK_50     ; CLOCK_50    ; 1.000        ; -0.048     ; 69.600     ;
; -68.660 ; single_port_rom:ROM|altsyncram:rom_rtl_0|altsyncram_ec91:auto_generated|ram_block1a0~porta_address_reg0 ; regfile64:RF|rf[13][31] ; CLOCK_50     ; CLOCK_50    ; 1.000        ; -0.047     ; 69.600     ;
; -68.659 ; single_port_rom:ROM|altsyncram:rom_rtl_0|altsyncram_ec91:auto_generated|ram_block1a0~porta_address_reg0 ; regfile64:RF|rf[26][26] ; CLOCK_50     ; CLOCK_50    ; 1.000        ; -0.054     ; 69.592     ;
; -68.658 ; single_port_rom:ROM|altsyncram:rom_rtl_0|altsyncram_ec91:auto_generated|ram_block1a0~porta_address_reg0 ; regfile64:RF|rf[4][31]  ; CLOCK_50     ; CLOCK_50    ; 1.000        ; -0.061     ; 69.584     ;
; -68.656 ; single_port_rom:ROM|altsyncram:rom_rtl_0|altsyncram_ec91:auto_generated|ram_block1a0~porta_address_reg0 ; regfile64:RF|rf[1][10]  ; CLOCK_50     ; CLOCK_50    ; 1.000        ; -0.051     ; 69.592     ;
; -68.654 ; single_port_rom:ROM|altsyncram:rom_rtl_0|altsyncram_ec91:auto_generated|ram_block1a0~porta_address_reg0 ; regfile64:RF|rf[11][26] ; CLOCK_50     ; CLOCK_50    ; 1.000        ; -0.046     ; 69.595     ;
; -68.653 ; single_port_rom:ROM|altsyncram:rom_rtl_0|altsyncram_ec91:auto_generated|ram_block1a0~porta_address_reg0 ; regfile64:RF|rf[21][26] ; CLOCK_50     ; CLOCK_50    ; 1.000        ; -0.056     ; 69.584     ;
; -68.652 ; single_port_rom:ROM|altsyncram:rom_rtl_0|altsyncram_ec91:auto_generated|ram_block1a0~porta_address_reg0 ; regfile64:RF|rf[5][31]  ; CLOCK_50     ; CLOCK_50    ; 1.000        ; -0.059     ; 69.580     ;
; -68.649 ; single_port_rom:ROM|altsyncram:rom_rtl_0|altsyncram_ec91:auto_generated|ram_block1a0~porta_address_reg0 ; regfile64:RF|rf[18][31] ; CLOCK_50     ; CLOCK_50    ; 1.000        ; -0.034     ; 69.602     ;
; -68.647 ; single_port_rom:ROM|altsyncram:rom_rtl_0|altsyncram_ec91:auto_generated|ram_block1a0~porta_address_reg0 ; regfile64:RF|rf[30][13] ; CLOCK_50     ; CLOCK_50    ; 1.000        ; -0.025     ; 69.609     ;
; -68.646 ; single_port_rom:ROM|altsyncram:rom_rtl_0|altsyncram_ec91:auto_generated|ram_block1a0~porta_address_reg0 ; regfile64:RF|rf[4][28]  ; CLOCK_50     ; CLOCK_50    ; 1.000        ; -0.012     ; 69.621     ;
; -68.644 ; single_port_rom:ROM|altsyncram:rom_rtl_0|altsyncram_ec91:auto_generated|ram_block1a0~porta_address_reg0 ; regfile64:RF|rf[8][26]  ; CLOCK_50     ; CLOCK_50    ; 1.000        ; -0.032     ; 69.599     ;
; -68.643 ; single_port_rom:ROM|altsyncram:rom_rtl_0|altsyncram_ec91:auto_generated|ram_block1a0~porta_address_reg0 ; regfile64:RF|rf[2][10]  ; CLOCK_50     ; CLOCK_50    ; 1.000        ; -0.039     ; 69.591     ;
; -68.637 ; single_port_rom:ROM|altsyncram:rom_rtl_0|altsyncram_ec91:auto_generated|ram_block1a0~porta_address_reg0 ; regfile64:RF|rf[31][30] ; CLOCK_50     ; CLOCK_50    ; 1.000        ; -0.036     ; 69.588     ;
; -68.631 ; single_port_rom:ROM|altsyncram:rom_rtl_0|altsyncram_ec91:auto_generated|ram_block1a0~porta_address_reg0 ; regfile64:RF|rf[5][28]  ; CLOCK_50     ; CLOCK_50    ; 1.000        ; 0.002      ; 69.620     ;
; -68.629 ; single_port_rom:ROM|altsyncram:rom_rtl_0|altsyncram_ec91:auto_generated|ram_block1a0~porta_address_reg0 ; regfile64:RF|rf[24][26] ; CLOCK_50     ; CLOCK_50    ; 1.000        ; -0.057     ; 69.559     ;
; -68.626 ; single_port_rom:ROM|altsyncram:rom_rtl_0|altsyncram_ec91:auto_generated|ram_block1a0~porta_address_reg0 ; regfile64:RF|rf[29][24] ; CLOCK_50     ; CLOCK_50    ; 1.000        ; -0.034     ; 69.579     ;
; -68.623 ; single_port_rom:ROM|altsyncram:rom_rtl_0|altsyncram_ec91:auto_generated|ram_block1a0~porta_address_reg0 ; regfile64:RF|rf[27][30] ; CLOCK_50     ; CLOCK_50    ; 1.000        ; -0.022     ; 69.588     ;
; -68.623 ; single_port_rom:ROM|altsyncram:rom_rtl_0|altsyncram_ec91:auto_generated|ram_block1a0~porta_address_reg0 ; regfile64:RF|rf[10][29] ; CLOCK_50     ; CLOCK_50    ; 1.000        ; -0.052     ; 69.558     ;
; -68.615 ; single_port_rom:ROM|altsyncram:rom_rtl_0|altsyncram_ec91:auto_generated|ram_block1a0~porta_address_reg0 ; regfile64:RF|rf[20][26] ; CLOCK_50     ; CLOCK_50    ; 1.000        ; -0.043     ; 69.559     ;
; -68.614 ; single_port_rom:ROM|altsyncram:rom_rtl_0|altsyncram_ec91:auto_generated|ram_block1a0~porta_address_reg0 ; regfile64:RF|rf[11][15] ; CLOCK_50     ; CLOCK_50    ; 1.000        ; -0.058     ; 69.543     ;
; -68.608 ; single_port_rom:ROM|altsyncram:rom_rtl_0|altsyncram_ec91:auto_generated|ram_block1a0~porta_address_reg0 ; regfile64:RF|rf[11][29] ; CLOCK_50     ; CLOCK_50    ; 1.000        ; -0.037     ; 69.558     ;
; -68.607 ; single_port_rom:ROM|altsyncram:rom_rtl_0|altsyncram_ec91:auto_generated|ram_block1a0~porta_address_reg0 ; regfile64:RF|rf[21][24] ; CLOCK_50     ; CLOCK_50    ; 1.000        ; -0.018     ; 69.576     ;
; -68.599 ; single_port_rom:ROM|altsyncram:rom_rtl_0|altsyncram_ec91:auto_generated|ram_block1a0~porta_address_reg0 ; regfile64:RF|rf[10][15] ; CLOCK_50     ; CLOCK_50    ; 1.000        ; -0.043     ; 69.543     ;
; -68.598 ; single_port_rom:ROM|altsyncram:rom_rtl_0|altsyncram_ec91:auto_generated|ram_block1a0~porta_address_reg0 ; regfile64:RF|rf[5][0]   ; CLOCK_50     ; CLOCK_50    ; 1.000        ; -0.046     ; 69.539     ;
; -68.594 ; single_port_rom:ROM|altsyncram:rom_rtl_0|altsyncram_ec91:auto_generated|ram_block1a0~porta_address_reg0 ; regfile64:RF|rf[13][8]  ; CLOCK_50     ; CLOCK_50    ; 1.000        ; -0.056     ; 69.525     ;
; -68.587 ; single_port_rom:ROM|altsyncram:rom_rtl_0|altsyncram_ec91:auto_generated|ram_block1a0~porta_address_reg0 ; regfile64:RF|rf[19][26] ; CLOCK_50     ; CLOCK_50    ; 1.000        ; -0.051     ; 69.523     ;
; -68.583 ; single_port_rom:ROM|altsyncram:rom_rtl_0|altsyncram_ec91:auto_generated|ram_block1a0~porta_address_reg0 ; regfile64:RF|rf[7][0]   ; CLOCK_50     ; CLOCK_50    ; 1.000        ; -0.031     ; 69.539     ;
; -68.581 ; single_port_rom:ROM|altsyncram:rom_rtl_0|altsyncram_ec91:auto_generated|ram_block1a0~porta_address_reg0 ; regfile64:RF|rf[10][31] ; CLOCK_50     ; CLOCK_50    ; 1.000        ; -0.051     ; 69.517     ;
; -68.581 ; single_port_rom:ROM|altsyncram:rom_rtl_0|altsyncram_ec91:auto_generated|ram_block1a0~porta_address_reg0 ; regfile64:RF|rf[3][13]  ; CLOCK_50     ; CLOCK_50    ; 1.000        ; -0.037     ; 69.531     ;
; -68.579 ; single_port_rom:ROM|altsyncram:rom_rtl_0|altsyncram_ec91:auto_generated|ram_block1a0~porta_address_reg0 ; regfile64:RF|rf[1][24]  ; CLOCK_50     ; CLOCK_50    ; 1.000        ; -0.032     ; 69.534     ;
; -68.579 ; single_port_rom:ROM|altsyncram:rom_rtl_0|altsyncram_ec91:auto_generated|ram_block1a0~porta_address_reg0 ; regfile64:RF|rf[1][11]  ; CLOCK_50     ; CLOCK_50    ; 1.000        ; -0.051     ; 69.515     ;
; -68.571 ; single_port_rom:ROM|altsyncram:rom_rtl_0|altsyncram_ec91:auto_generated|ram_block1a0~porta_address_reg0 ; regfile64:RF|rf[23][26] ; CLOCK_50     ; CLOCK_50    ; 1.000        ; -0.037     ; 69.521     ;
; -68.569 ; single_port_rom:ROM|altsyncram:rom_rtl_0|altsyncram_ec91:auto_generated|ram_block1a0~porta_address_reg0 ; regfile64:RF|rf[4][0]   ; CLOCK_50     ; CLOCK_50    ; 1.000        ; -0.017     ; 69.539     ;
; -68.566 ; single_port_rom:ROM|altsyncram:rom_rtl_0|altsyncram_ec91:auto_generated|ram_block1a0~porta_address_reg0 ; regfile64:RF|rf[18][24] ; CLOCK_50     ; CLOCK_50    ; 1.000        ; -0.042     ; 69.511     ;
; -68.564 ; single_port_rom:ROM|altsyncram:rom_rtl_0|altsyncram_ec91:auto_generated|ram_block1a0~porta_address_reg0 ; regfile64:RF|rf[2][24]  ; CLOCK_50     ; CLOCK_50    ; 1.000        ; -0.018     ; 69.533     ;
; -68.563 ; single_port_rom:ROM|altsyncram:rom_rtl_0|altsyncram_ec91:auto_generated|ram_block1a0~porta_address_reg0 ; regfile64:RF|rf[4][13]  ; CLOCK_50     ; CLOCK_50    ; 1.000        ; -0.045     ; 69.505     ;
; -68.558 ; single_port_rom:ROM|altsyncram:rom_rtl_0|altsyncram_ec91:auto_generated|ram_block1a0~porta_address_reg0 ; regfile64:RF|rf[11][30] ; CLOCK_50     ; CLOCK_50    ; 1.000        ; -0.046     ; 69.499     ;
; -68.557 ; single_port_rom:ROM|altsyncram:rom_rtl_0|altsyncram_ec91:auto_generated|ram_block1a0~porta_address_reg0 ; regfile64:RF|rf[17][24] ; CLOCK_50     ; CLOCK_50    ; 1.000        ; -0.015     ; 69.529     ;
; -68.557 ; single_port_rom:ROM|altsyncram:rom_rtl_0|altsyncram_ec91:auto_generated|ram_block1a0~porta_address_reg0 ; regfile64:RF|rf[1][0]   ; CLOCK_50     ; CLOCK_50    ; 1.000        ; -0.032     ; 69.512     ;
; -68.552 ; single_port_rom:ROM|altsyncram:rom_rtl_0|altsyncram_ec91:auto_generated|ram_block1a0~porta_address_reg0 ; regfile64:RF|rf[26][24] ; CLOCK_50     ; CLOCK_50    ; 1.000        ; -0.028     ; 69.511     ;
; -68.551 ; single_port_rom:ROM|altsyncram:rom_rtl_0|altsyncram_ec91:auto_generated|ram_block1a0~porta_address_reg0 ; regfile64:RF|rf[1][26]  ; CLOCK_50     ; CLOCK_50    ; 1.000        ; -0.062     ; 69.476     ;
+---------+---------------------------------------------------------------------------------------------------------+-------------------------+--------------+-------------+--------------+------------+------------+


+------------------------------------------------------------------------------------------------------------------------------------------------------------------------------------------------------------------+
; Fast 1200mV 0C Model Hold: 'CLOCK_50'                                                                                                                                                                            ;
+-------+-------------------------+----------------------------------------------------------------------------------------------------------+--------------+-------------+--------------+------------+------------+
; Slack ; From Node               ; To Node                                                                                                  ; Launch Clock ; Latch Clock ; Relationship ; Clock Skew ; Data Delay ;
+-------+-------------------------+----------------------------------------------------------------------------------------------------------+--------------+-------------+--------------+------------+------------+
; 0.393 ; pc[5]                   ; single_port_rom:ROM|altsyncram:rom_rtl_0|altsyncram_ec91:auto_generated|ram_block1a1~porta_address_reg0  ; CLOCK_50     ; CLOCK_50    ; 0.000        ; 0.235      ; 0.732      ;
; 0.410 ; pc[3]                   ; single_port_rom:ROM|altsyncram:rom_rtl_0|altsyncram_ec91:auto_generated|ram_block1a1~porta_address_reg0  ; CLOCK_50     ; CLOCK_50    ; 0.000        ; 0.233      ; 0.747      ;
; 0.421 ; pc[6]                   ; single_port_rom:ROM|altsyncram:rom_rtl_0|altsyncram_ec91:auto_generated|ram_block1a1~porta_address_reg0  ; CLOCK_50     ; CLOCK_50    ; 0.000        ; 0.235      ; 0.760      ;
; 0.529 ; pc[6]                   ; single_port_rom:ROM|altsyncram:rom_rtl_0|altsyncram_ec91:auto_generated|ram_block1a4~porta_address_reg0  ; CLOCK_50     ; CLOCK_50    ; 0.000        ; 0.226      ; 0.859      ;
; 0.553 ; pc[3]                   ; single_port_rom:ROM|altsyncram:rom_rtl_0|altsyncram_ec91:auto_generated|ram_block1a4~porta_address_reg0  ; CLOCK_50     ; CLOCK_50    ; 0.000        ; 0.224      ; 0.881      ;
; 0.556 ; pc[3]                   ; single_port_rom:ROM|altsyncram:rom_rtl_0|altsyncram_ec91:auto_generated|ram_block1a0~porta_address_reg0  ; CLOCK_50     ; CLOCK_50    ; 0.000        ; 0.231      ; 0.891      ;
; 0.558 ; pc[5]                   ; single_port_rom:ROM|altsyncram:rom_rtl_0|altsyncram_ec91:auto_generated|ram_block1a0~porta_address_reg0  ; CLOCK_50     ; CLOCK_50    ; 0.000        ; 0.233      ; 0.895      ;
; 0.561 ; pc[10]                  ; single_port_rom:ROM|altsyncram:rom_rtl_0|altsyncram_ec91:auto_generated|ram_block1a4~porta_address_reg0  ; CLOCK_50     ; CLOCK_50    ; 0.000        ; 0.226      ; 0.891      ;
; 0.585 ; pc[5]                   ; single_port_rom:ROM|altsyncram:rom_rtl_0|altsyncram_ec91:auto_generated|ram_block1a21~porta_address_reg0 ; CLOCK_50     ; CLOCK_50    ; 0.000        ; 0.231      ; 0.920      ;
; 0.597 ; pc[5]                   ; single_port_rom:ROM|altsyncram:rom_rtl_0|altsyncram_ec91:auto_generated|ram_block1a4~porta_address_reg0  ; CLOCK_50     ; CLOCK_50    ; 0.000        ; 0.226      ; 0.927      ;
; 0.653 ; pc[11]                  ; single_port_rom:ROM|altsyncram:rom_rtl_0|altsyncram_ec91:auto_generated|ram_block1a0~porta_address_reg0  ; CLOCK_50     ; CLOCK_50    ; 0.000        ; 0.048      ; 0.805      ;
; 0.679 ; pc[2]                   ; single_port_rom:ROM|altsyncram:rom_rtl_0|altsyncram_ec91:auto_generated|ram_block1a4~porta_address_reg0  ; CLOCK_50     ; CLOCK_50    ; 0.000        ; 0.224      ; 1.007      ;
; 0.701 ; pc[6]                   ; single_port_rom:ROM|altsyncram:rom_rtl_0|altsyncram_ec91:auto_generated|ram_block1a0~porta_address_reg0  ; CLOCK_50     ; CLOCK_50    ; 0.000        ; 0.233      ; 1.038      ;
; 0.731 ; pc[3]                   ; single_port_rom:ROM|altsyncram:rom_rtl_0|altsyncram_ec91:auto_generated|ram_block1a21~porta_address_reg0 ; CLOCK_50     ; CLOCK_50    ; 0.000        ; 0.229      ; 1.064      ;
; 0.749 ; pc[11]                  ; single_port_rom:ROM|altsyncram:rom_rtl_0|altsyncram_ec91:auto_generated|ram_block1a21~porta_address_reg0 ; CLOCK_50     ; CLOCK_50    ; 0.000        ; 0.046      ; 0.899      ;
; 0.773 ; pc[11]                  ; single_port_rom:ROM|altsyncram:rom_rtl_0|altsyncram_ec91:auto_generated|ram_block1a1~porta_address_reg0  ; CLOCK_50     ; CLOCK_50    ; 0.000        ; 0.050      ; 0.927      ;
; 0.844 ; pc[6]                   ; single_port_rom:ROM|altsyncram:rom_rtl_0|altsyncram_ec91:auto_generated|ram_block1a21~porta_address_reg0 ; CLOCK_50     ; CLOCK_50    ; 0.000        ; 0.231      ; 1.179      ;
; 0.860 ; pc[10]                  ; single_port_rom:ROM|altsyncram:rom_rtl_0|altsyncram_ec91:auto_generated|ram_block1a21~porta_address_reg0 ; CLOCK_50     ; CLOCK_50    ; 0.000        ; 0.231      ; 1.195      ;
; 0.886 ; pc[21]                  ; pc[21]                                                                                                   ; CLOCK_50     ; CLOCK_50    ; 0.000        ; 0.041      ; 1.011      ;
; 0.906 ; pc[11]                  ; single_port_rom:ROM|altsyncram:rom_rtl_0|altsyncram_ec91:auto_generated|ram_block1a4~porta_address_reg0  ; CLOCK_50     ; CLOCK_50    ; 0.000        ; 0.041      ; 1.051      ;
; 0.914 ; pc[9]                   ; single_port_rom:ROM|altsyncram:rom_rtl_0|altsyncram_ec91:auto_generated|ram_block1a0~porta_address_reg0  ; CLOCK_50     ; CLOCK_50    ; 0.000        ; 0.048      ; 1.066      ;
; 0.921 ; pc[15]                  ; pc[15]                                                                                                   ; CLOCK_50     ; CLOCK_50    ; 0.000        ; 0.042      ; 1.047      ;
; 0.922 ; pc[8]                   ; single_port_rom:ROM|altsyncram:rom_rtl_0|altsyncram_ec91:auto_generated|ram_block1a21~porta_address_reg0 ; CLOCK_50     ; CLOCK_50    ; 0.000        ; 0.046      ; 1.072      ;
; 0.929 ; pc[9]                   ; single_port_rom:ROM|altsyncram:rom_rtl_0|altsyncram_ec91:auto_generated|ram_block1a21~porta_address_reg0 ; CLOCK_50     ; CLOCK_50    ; 0.000        ; 0.046      ; 1.079      ;
; 0.940 ; pc[10]                  ; single_port_rom:ROM|altsyncram:rom_rtl_0|altsyncram_ec91:auto_generated|ram_block1a1~porta_address_reg0  ; CLOCK_50     ; CLOCK_50    ; 0.000        ; 0.235      ; 1.279      ;
; 0.947 ; pc[11]                  ; pc[11]                                                                                                   ; CLOCK_50     ; CLOCK_50    ; 0.000        ; 0.049      ; 1.080      ;
; 0.948 ; pc[19]                  ; pc[19]                                                                                                   ; CLOCK_50     ; CLOCK_50    ; 0.000        ; 0.041      ; 1.073      ;
; 0.953 ; pc[8]                   ; single_port_rom:ROM|altsyncram:rom_rtl_0|altsyncram_ec91:auto_generated|ram_block1a1~porta_address_reg0  ; CLOCK_50     ; CLOCK_50    ; 0.000        ; 0.050      ; 1.107      ;
; 0.973 ; pc[23]                  ; pc[23]                                                                                                   ; CLOCK_50     ; CLOCK_50    ; 0.000        ; 0.041      ; 1.098      ;
; 0.976 ; pc[24]                  ; pc[24]                                                                                                   ; CLOCK_50     ; CLOCK_50    ; 0.000        ; 0.041      ; 1.101      ;
; 1.013 ; pc[8]                   ; single_port_rom:ROM|altsyncram:rom_rtl_0|altsyncram_ec91:auto_generated|ram_block1a4~porta_address_reg0  ; CLOCK_50     ; CLOCK_50    ; 0.000        ; 0.041      ; 1.158      ;
; 1.034 ; pc[18]                  ; pc[18]                                                                                                   ; CLOCK_50     ; CLOCK_50    ; 0.000        ; 0.041      ; 1.159      ;
; 1.034 ; pc[7]                   ; single_port_rom:ROM|altsyncram:rom_rtl_0|altsyncram_ec91:auto_generated|ram_block1a4~porta_address_reg0  ; CLOCK_50     ; CLOCK_50    ; 0.000        ; 0.226      ; 1.364      ;
; 1.037 ; pc[7]                   ; single_port_rom:ROM|altsyncram:rom_rtl_0|altsyncram_ec91:auto_generated|ram_block1a21~porta_address_reg0 ; CLOCK_50     ; CLOCK_50    ; 0.000        ; 0.231      ; 1.372      ;
; 1.049 ; pc[10]                  ; single_port_rom:ROM|altsyncram:rom_rtl_0|altsyncram_ec91:auto_generated|ram_block1a0~porta_address_reg0  ; CLOCK_50     ; CLOCK_50    ; 0.000        ; 0.233      ; 1.386      ;
; 1.050 ; pc[9]                   ; pc[9]                                                                                                    ; CLOCK_50     ; CLOCK_50    ; 0.000        ; 0.049      ; 1.183      ;
; 1.063 ; pc[0]                   ; pc[0]                                                                                                    ; CLOCK_50     ; CLOCK_50    ; 0.000        ; 0.042      ; 1.189      ;
; 1.065 ; pc[19]                  ; pc[20]                                                                                                   ; CLOCK_50     ; CLOCK_50    ; 0.000        ; 0.246      ; 1.395      ;
; 1.074 ; pc[5]                   ; pc[9]                                                                                                    ; CLOCK_50     ; CLOCK_50    ; 0.000        ; 0.234      ; 1.392      ;
; 1.074 ; pc[4]                   ; pc[9]                                                                                                    ; CLOCK_50     ; CLOCK_50    ; 0.000        ; 0.234      ; 1.392      ;
; 1.084 ; pc[14]                  ; pc[15]                                                                                                   ; CLOCK_50     ; CLOCK_50    ; 0.000        ; 0.042      ; 1.210      ;
; 1.084 ; pc[18]                  ; pc[20]                                                                                                   ; CLOCK_50     ; CLOCK_50    ; 0.000        ; 0.246      ; 1.414      ;
; 1.085 ; pc[2]                   ; single_port_rom:ROM|altsyncram:rom_rtl_0|altsyncram_ec91:auto_generated|ram_block1a21~porta_address_reg0 ; CLOCK_50     ; CLOCK_50    ; 0.000        ; 0.229      ; 1.418      ;
; 1.085 ; pc[21]                  ; pc[23]                                                                                                   ; CLOCK_50     ; CLOCK_50    ; 0.000        ; 0.041      ; 1.210      ;
; 1.086 ; pc[21]                  ; pc[24]                                                                                                   ; CLOCK_50     ; CLOCK_50    ; 0.000        ; 0.041      ; 1.211      ;
; 1.090 ; pc[8]                   ; pc[9]                                                                                                    ; CLOCK_50     ; CLOCK_50    ; 0.000        ; 0.049      ; 1.223      ;
; 1.094 ; pc[21]                  ; pc[22]                                                                                                   ; CLOCK_50     ; CLOCK_50    ; 0.000        ; 0.244      ; 1.422      ;
; 1.096 ; pc[20]                  ; pc[20]                                                                                                   ; CLOCK_50     ; CLOCK_50    ; 0.000        ; 0.050      ; 1.230      ;
; 1.102 ; pc[19]                  ; pc[21]                                                                                                   ; CLOCK_50     ; CLOCK_50    ; 0.000        ; 0.043      ; 1.229      ;
; 1.113 ; pc[18]                  ; pc[19]                                                                                                   ; CLOCK_50     ; CLOCK_50    ; 0.000        ; 0.041      ; 1.238      ;
; 1.120 ; pc[23]                  ; pc[24]                                                                                                   ; CLOCK_50     ; CLOCK_50    ; 0.000        ; 0.041      ; 1.245      ;
; 1.121 ; pc[18]                  ; pc[21]                                                                                                   ; CLOCK_50     ; CLOCK_50    ; 0.000        ; 0.043      ; 1.248      ;
; 1.133 ; pc[26]                  ; pc[26]                                                                                                   ; CLOCK_50     ; CLOCK_50    ; 0.000        ; 0.042      ; 1.259      ;
; 1.135 ; pc[13]                  ; pc[15]                                                                                                   ; CLOCK_50     ; CLOCK_50    ; 0.000        ; 0.042      ; 1.261      ;
; 1.136 ; pc[12]                  ; pc[15]                                                                                                   ; CLOCK_50     ; CLOCK_50    ; 0.000        ; 0.042      ; 1.262      ;
; 1.137 ; pc[0]                   ; pc[1]                                                                                                    ; CLOCK_50     ; CLOCK_50    ; 0.000        ; 0.042      ; 1.263      ;
; 1.141 ; pc[12]                  ; pc[12]                                                                                                   ; CLOCK_50     ; CLOCK_50    ; 0.000        ; 0.042      ; 1.267      ;
; 1.146 ; pc[5]                   ; pc[11]                                                                                                   ; CLOCK_50     ; CLOCK_50    ; 0.000        ; 0.234      ; 1.464      ;
; 1.146 ; pc[4]                   ; pc[11]                                                                                                   ; CLOCK_50     ; CLOCK_50    ; 0.000        ; 0.234      ; 1.464      ;
; 1.154 ; pc[2]                   ; pc[9]                                                                                                    ; CLOCK_50     ; CLOCK_50    ; 0.000        ; 0.232      ; 1.470      ;
; 1.155 ; pc[19]                  ; pc[23]                                                                                                   ; CLOCK_50     ; CLOCK_50    ; 0.000        ; 0.043      ; 1.282      ;
; 1.156 ; pc[19]                  ; pc[24]                                                                                                   ; CLOCK_50     ; CLOCK_50    ; 0.000        ; 0.043      ; 1.283      ;
; 1.159 ; pc[10]                  ; pc[11]                                                                                                   ; CLOCK_50     ; CLOCK_50    ; 0.000        ; 0.234      ; 1.477      ;
; 1.161 ; pc[3]                   ; pc[9]                                                                                                    ; CLOCK_50     ; CLOCK_50    ; 0.000        ; 0.232      ; 1.477      ;
; 1.162 ; pc[8]                   ; pc[11]                                                                                                   ; CLOCK_50     ; CLOCK_50    ; 0.000        ; 0.049      ; 1.295      ;
; 1.164 ; pc[19]                  ; pc[22]                                                                                                   ; CLOCK_50     ; CLOCK_50    ; 0.000        ; 0.246      ; 1.494      ;
; 1.174 ; pc[18]                  ; pc[23]                                                                                                   ; CLOCK_50     ; CLOCK_50    ; 0.000        ; 0.043      ; 1.301      ;
; 1.175 ; pc[18]                  ; pc[24]                                                                                                   ; CLOCK_50     ; CLOCK_50    ; 0.000        ; 0.043      ; 1.302      ;
; 1.183 ; pc[18]                  ; pc[22]                                                                                                   ; CLOCK_50     ; CLOCK_50    ; 0.000        ; 0.246      ; 1.513      ;
; 1.186 ; pc[8]                   ; single_port_rom:ROM|altsyncram:rom_rtl_0|altsyncram_ec91:auto_generated|ram_block1a0~porta_address_reg0  ; CLOCK_50     ; CLOCK_50    ; 0.000        ; 0.048      ; 1.338      ;
; 1.187 ; pc[4]                   ; single_port_rom:ROM|altsyncram:rom_rtl_0|altsyncram_ec91:auto_generated|ram_block1a4~porta_address_reg0  ; CLOCK_50     ; CLOCK_50    ; 0.000        ; 0.226      ; 1.517      ;
; 1.188 ; pc[8]                   ; pc[8]                                                                                                    ; CLOCK_50     ; CLOCK_50    ; 0.000        ; 0.049      ; 1.321      ;
; 1.195 ; pc[3]                   ; pc[3]                                                                                                    ; CLOCK_50     ; CLOCK_50    ; 0.000        ; 0.042      ; 1.321      ;
; 1.200 ; pc[15]                  ; pc[20]                                                                                                   ; CLOCK_50     ; CLOCK_50    ; 0.000        ; 0.242      ; 1.526      ;
; 1.216 ; pc[9]                   ; single_port_rom:ROM|altsyncram:rom_rtl_0|altsyncram_ec91:auto_generated|ram_block1a1~porta_address_reg0  ; CLOCK_50     ; CLOCK_50    ; 0.000        ; 0.050      ; 1.370      ;
; 1.217 ; pc[14]                  ; pc[20]                                                                                                   ; CLOCK_50     ; CLOCK_50    ; 0.000        ; 0.242      ; 1.543      ;
; 1.220 ; pc[0]                   ; pc[9]                                                                                                    ; CLOCK_50     ; CLOCK_50    ; 0.000        ; 0.232      ; 1.536      ;
; 1.226 ; pc[2]                   ; pc[11]                                                                                                   ; CLOCK_50     ; CLOCK_50    ; 0.000        ; 0.232      ; 1.542      ;
; 1.228 ; pc[20]                  ; pc[21]                                                                                                   ; CLOCK_50     ; CLOCK_50    ; 0.000        ; -0.153     ; 1.159      ;
; 1.229 ; pc[15]                  ; pc[19]                                                                                                   ; CLOCK_50     ; CLOCK_50    ; 0.000        ; 0.037      ; 1.350      ;
; 1.230 ; regfile64:RF|rf[11][29] ; pc[29]                                                                                                   ; CLOCK_50     ; CLOCK_50    ; 0.000        ; 0.047      ; 1.361      ;
; 1.233 ; pc[3]                   ; pc[11]                                                                                                   ; CLOCK_50     ; CLOCK_50    ; 0.000        ; 0.232      ; 1.549      ;
; 1.237 ; pc[15]                  ; pc[21]                                                                                                   ; CLOCK_50     ; CLOCK_50    ; 0.000        ; 0.039      ; 1.360      ;
; 1.238 ; pc[15]                  ; pc[16]                                                                                                   ; CLOCK_50     ; CLOCK_50    ; 0.000        ; 0.242      ; 1.564      ;
; 1.245 ; pc[15]                  ; pc[18]                                                                                                   ; CLOCK_50     ; CLOCK_50    ; 0.000        ; 0.037      ; 1.366      ;
; 1.246 ; pc[14]                  ; pc[19]                                                                                                   ; CLOCK_50     ; CLOCK_50    ; 0.000        ; 0.037      ; 1.367      ;
; 1.254 ; pc[14]                  ; pc[21]                                                                                                   ; CLOCK_50     ; CLOCK_50    ; 0.000        ; 0.039      ; 1.377      ;
; 1.262 ; pc[14]                  ; pc[18]                                                                                                   ; CLOCK_50     ; CLOCK_50    ; 0.000        ; 0.037      ; 1.383      ;
; 1.267 ; pc[6]                   ; pc[9]                                                                                                    ; CLOCK_50     ; CLOCK_50    ; 0.000        ; 0.234      ; 1.585      ;
; 1.267 ; pc[5]                   ; pc[8]                                                                                                    ; CLOCK_50     ; CLOCK_50    ; 0.000        ; 0.234      ; 1.585      ;
; 1.267 ; pc[4]                   ; pc[8]                                                                                                    ; CLOCK_50     ; CLOCK_50    ; 0.000        ; 0.234      ; 1.585      ;
; 1.268 ; pc[9]                   ; pc[11]                                                                                                   ; CLOCK_50     ; CLOCK_50    ; 0.000        ; 0.049      ; 1.401      ;
; 1.268 ; pc[13]                  ; pc[20]                                                                                                   ; CLOCK_50     ; CLOCK_50    ; 0.000        ; 0.242      ; 1.594      ;
; 1.269 ; pc[12]                  ; pc[20]                                                                                                   ; CLOCK_50     ; CLOCK_50    ; 0.000        ; 0.242      ; 1.595      ;
; 1.270 ; pc[2]                   ; pc[2]                                                                                                    ; CLOCK_50     ; CLOCK_50    ; 0.000        ; 0.042      ; 1.396      ;
; 1.281 ; pc[20]                  ; pc[23]                                                                                                   ; CLOCK_50     ; CLOCK_50    ; 0.000        ; -0.153     ; 1.212      ;
; 1.282 ; pc[20]                  ; pc[24]                                                                                                   ; CLOCK_50     ; CLOCK_50    ; 0.000        ; -0.153     ; 1.213      ;
; 1.290 ; pc[20]                  ; pc[22]                                                                                                   ; CLOCK_50     ; CLOCK_50    ; 0.000        ; 0.050      ; 1.424      ;
; 1.290 ; pc[15]                  ; pc[23]                                                                                                   ; CLOCK_50     ; CLOCK_50    ; 0.000        ; 0.039      ; 1.413      ;
; 1.291 ; pc[15]                  ; pc[24]                                                                                                   ; CLOCK_50     ; CLOCK_50    ; 0.000        ; 0.039      ; 1.414      ;
+-------+-------------------------+----------------------------------------------------------------------------------------------------------+--------------+-------------+--------------+------------+------------+


----------------------------------------------
; Fast 1200mV 0C Model Metastability Summary ;
----------------------------------------------
No synchronizer chains to report.


+------------------------------------------------------------------------------------+
; Multicorner Timing Analysis Summary                                                ;
+------------------+--------------+-------+----------+---------+---------------------+
; Clock            ; Setup        ; Hold  ; Recovery ; Removal ; Minimum Pulse Width ;
+------------------+--------------+-------+----------+---------+---------------------+
; Worst-case Slack ; -139.525     ; 0.393 ; N/A      ; N/A     ; -3.000              ;
;  CLOCK_50        ; -139.525     ; 0.393 ; N/A      ; N/A     ; -3.000              ;
; Design-wide TNS  ; -4428253.982 ; 0.0   ; 0.0      ; 0.0     ; -43436.492          ;
;  CLOCK_50        ; -4428253.982 ; 0.000 ; N/A      ; N/A     ; -43436.492          ;
+------------------+--------------+-------+----------+---------+---------------------+


+------------------------------------------------------------------------------------------------------------------------------------------------------------------------------------------------------------------------------------------------------------------------------------------------------------------------------------------------------------------------------------------------------------------+
; Board Trace Model Assignments                                                                                                                                                                                                                                                                                                                                                                                    ;
+---------------+--------------+-------------------+-------------------------+-------------------------+---------------+---------------------+----------------+------------------+--------+------------------+------------------------+------------------------+--------------+---------------+-----------------+-------+---------------------+--------------------+---------------+-----------------+-------------+
; Pin           ; I/O Standard ; Near Tline Length ; Near Tline L per Length ; Near Tline C per Length ; Near Series R ; Near Differential R ; Near Pull-up R ; Near Pull-down R ; Near C ; Far Tline Length ; Far Tline L per Length ; Far Tline C per Length ; Far Series R ; Far Pull-up R ; Far Pull-down R ; Far C ; Termination Voltage ; Far Differential R ; EBD File Name ; EBD Signal Name ; EBD Far-end ;
+---------------+--------------+-------------------+-------------------------+-------------------------+---------------+---------------------+----------------+------------------+--------+------------------+------------------------+------------------------+--------------+---------------+-----------------+-------+---------------------+--------------------+---------------+-----------------+-------------+
; HEX0[0]       ; 2.5 V        ; 0 in              ; 0 H/in                  ; 0 F/in                  ; short         ; -                   ; open           ; open             ; open   ; 0 in             ; 0 H/in                 ; 0 F/in                 ; short        ; open          ; open            ; open  ; 0 V                 ; -                  ; n/a           ; n/a             ; n/a         ;
; HEX0[1]       ; 2.5 V        ; 0 in              ; 0 H/in                  ; 0 F/in                  ; short         ; -                   ; open           ; open             ; open   ; 0 in             ; 0 H/in                 ; 0 F/in                 ; short        ; open          ; open            ; open  ; 0 V                 ; -                  ; n/a           ; n/a             ; n/a         ;
; HEX0[2]       ; 2.5 V        ; 0 in              ; 0 H/in                  ; 0 F/in                  ; short         ; -                   ; open           ; open             ; open   ; 0 in             ; 0 H/in                 ; 0 F/in                 ; short        ; open          ; open            ; open  ; 0 V                 ; -                  ; n/a           ; n/a             ; n/a         ;
; HEX0[3]       ; 2.5 V        ; 0 in              ; 0 H/in                  ; 0 F/in                  ; short         ; -                   ; open           ; open             ; open   ; 0 in             ; 0 H/in                 ; 0 F/in                 ; short        ; open          ; open            ; open  ; 0 V                 ; -                  ; n/a           ; n/a             ; n/a         ;
; HEX0[4]       ; 2.5 V        ; 0 in              ; 0 H/in                  ; 0 F/in                  ; short         ; -                   ; open           ; open             ; open   ; 0 in             ; 0 H/in                 ; 0 F/in                 ; short        ; open          ; open            ; open  ; 0 V                 ; -                  ; n/a           ; n/a             ; n/a         ;
; HEX0[5]       ; 2.5 V        ; 0 in              ; 0 H/in                  ; 0 F/in                  ; short         ; -                   ; open           ; open             ; open   ; 0 in             ; 0 H/in                 ; 0 F/in                 ; short        ; open          ; open            ; open  ; 0 V                 ; -                  ; n/a           ; n/a             ; n/a         ;
; HEX0[6]       ; 2.5 V        ; 0 in              ; 0 H/in                  ; 0 F/in                  ; short         ; -                   ; open           ; open             ; open   ; 0 in             ; 0 H/in                 ; 0 F/in                 ; short        ; open          ; open            ; open  ; 0 V                 ; -                  ; n/a           ; n/a             ; n/a         ;
; HEX1[0]       ; 2.5 V        ; 0 in              ; 0 H/in                  ; 0 F/in                  ; short         ; -                   ; open           ; open             ; open   ; 0 in             ; 0 H/in                 ; 0 F/in                 ; short        ; open          ; open            ; open  ; 0 V                 ; -                  ; n/a           ; n/a             ; n/a         ;
; HEX1[1]       ; 2.5 V        ; 0 in              ; 0 H/in                  ; 0 F/in                  ; short         ; -                   ; open           ; open             ; open   ; 0 in             ; 0 H/in                 ; 0 F/in                 ; short        ; open          ; open            ; open  ; 0 V                 ; -                  ; n/a           ; n/a             ; n/a         ;
; HEX1[2]       ; 2.5 V        ; 0 in              ; 0 H/in                  ; 0 F/in                  ; short         ; -                   ; open           ; open             ; open   ; 0 in             ; 0 H/in                 ; 0 F/in                 ; short        ; open          ; open            ; open  ; 0 V                 ; -                  ; n/a           ; n/a             ; n/a         ;
; HEX1[3]       ; 2.5 V        ; 0 in              ; 0 H/in                  ; 0 F/in                  ; short         ; -                   ; open           ; open             ; open   ; 0 in             ; 0 H/in                 ; 0 F/in                 ; short        ; open          ; open            ; open  ; 0 V                 ; -                  ; n/a           ; n/a             ; n/a         ;
; HEX1[4]       ; 2.5 V        ; 0 in              ; 0 H/in                  ; 0 F/in                  ; short         ; -                   ; open           ; open             ; open   ; 0 in             ; 0 H/in                 ; 0 F/in                 ; short        ; open          ; open            ; open  ; 0 V                 ; -                  ; n/a           ; n/a             ; n/a         ;
; HEX1[5]       ; 2.5 V        ; 0 in              ; 0 H/in                  ; 0 F/in                  ; short         ; -                   ; open           ; open             ; open   ; 0 in             ; 0 H/in                 ; 0 F/in                 ; short        ; open          ; open            ; open  ; 0 V                 ; -                  ; n/a           ; n/a             ; n/a         ;
; HEX1[6]       ; 2.5 V        ; 0 in              ; 0 H/in                  ; 0 F/in                  ; short         ; -                   ; open           ; open             ; open   ; 0 in             ; 0 H/in                 ; 0 F/in                 ; short        ; open          ; open            ; open  ; 0 V                 ; -                  ; n/a           ; n/a             ; n/a         ;
; HEX2[0]       ; 2.5 V        ; 0 in              ; 0 H/in                  ; 0 F/in                  ; short         ; -                   ; open           ; open             ; open   ; 0 in             ; 0 H/in                 ; 0 F/in                 ; short        ; open          ; open            ; open  ; 0 V                 ; -                  ; n/a           ; n/a             ; n/a         ;
; HEX2[1]       ; 2.5 V        ; 0 in              ; 0 H/in                  ; 0 F/in                  ; short         ; -                   ; open           ; open             ; open   ; 0 in             ; 0 H/in                 ; 0 F/in                 ; short        ; open          ; open            ; open  ; 0 V                 ; -                  ; n/a           ; n/a             ; n/a         ;
; HEX2[2]       ; 2.5 V        ; 0 in              ; 0 H/in                  ; 0 F/in                  ; short         ; -                   ; open           ; open             ; open   ; 0 in             ; 0 H/in                 ; 0 F/in                 ; short        ; open          ; open            ; open  ; 0 V                 ; -                  ; n/a           ; n/a             ; n/a         ;
; HEX2[3]       ; 2.5 V        ; 0 in              ; 0 H/in                  ; 0 F/in                  ; short         ; -                   ; open           ; open             ; open   ; 0 in             ; 0 H/in                 ; 0 F/in                 ; short        ; open          ; open            ; open  ; 0 V                 ; -                  ; n/a           ; n/a             ; n/a         ;
; HEX2[4]       ; 2.5 V        ; 0 in              ; 0 H/in                  ; 0 F/in                  ; short         ; -                   ; open           ; open             ; open   ; 0 in             ; 0 H/in                 ; 0 F/in                 ; short        ; open          ; open            ; open  ; 0 V                 ; -                  ; n/a           ; n/a             ; n/a         ;
; HEX2[5]       ; 2.5 V        ; 0 in              ; 0 H/in                  ; 0 F/in                  ; short         ; -                   ; open           ; open             ; open   ; 0 in             ; 0 H/in                 ; 0 F/in                 ; short        ; open          ; open            ; open  ; 0 V                 ; -                  ; n/a           ; n/a             ; n/a         ;
; HEX2[6]       ; 2.5 V        ; 0 in              ; 0 H/in                  ; 0 F/in                  ; short         ; -                   ; open           ; open             ; open   ; 0 in             ; 0 H/in                 ; 0 F/in                 ; short        ; open          ; open            ; open  ; 0 V                 ; -                  ; n/a           ; n/a             ; n/a         ;
; HEX3[0]       ; 2.5 V        ; 0 in              ; 0 H/in                  ; 0 F/in                  ; short         ; -                   ; open           ; open             ; open   ; 0 in             ; 0 H/in                 ; 0 F/in                 ; short        ; open          ; open            ; open  ; 0 V                 ; -                  ; n/a           ; n/a             ; n/a         ;
; HEX3[1]       ; 2.5 V        ; 0 in              ; 0 H/in                  ; 0 F/in                  ; short         ; -                   ; open           ; open             ; open   ; 0 in             ; 0 H/in                 ; 0 F/in                 ; short        ; open          ; open            ; open  ; 0 V                 ; -                  ; n/a           ; n/a             ; n/a         ;
; HEX3[2]       ; 2.5 V        ; 0 in              ; 0 H/in                  ; 0 F/in                  ; short         ; -                   ; open           ; open             ; open   ; 0 in             ; 0 H/in                 ; 0 F/in                 ; short        ; open          ; open            ; open  ; 0 V                 ; -                  ; n/a           ; n/a             ; n/a         ;
; HEX3[3]       ; 2.5 V        ; 0 in              ; 0 H/in                  ; 0 F/in                  ; short         ; -                   ; open           ; open             ; open   ; 0 in             ; 0 H/in                 ; 0 F/in                 ; short        ; open          ; open            ; open  ; 0 V                 ; -                  ; n/a           ; n/a             ; n/a         ;
; HEX3[4]       ; 2.5 V        ; 0 in              ; 0 H/in                  ; 0 F/in                  ; short         ; -                   ; open           ; open             ; open   ; 0 in             ; 0 H/in                 ; 0 F/in                 ; short        ; open          ; open            ; open  ; 0 V                 ; -                  ; n/a           ; n/a             ; n/a         ;
; HEX3[5]       ; 2.5 V        ; 0 in              ; 0 H/in                  ; 0 F/in                  ; short         ; -                   ; open           ; open             ; open   ; 0 in             ; 0 H/in                 ; 0 F/in                 ; short        ; open          ; open            ; open  ; 0 V                 ; -                  ; n/a           ; n/a             ; n/a         ;
; HEX3[6]       ; 2.5 V        ; 0 in              ; 0 H/in                  ; 0 F/in                  ; short         ; -                   ; open           ; open             ; open   ; 0 in             ; 0 H/in                 ; 0 F/in                 ; short        ; open          ; open            ; open  ; 0 V                 ; -                  ; n/a           ; n/a             ; n/a         ;
; HEX4[0]       ; 2.5 V        ; 0 in              ; 0 H/in                  ; 0 F/in                  ; short         ; -                   ; open           ; open             ; open   ; 0 in             ; 0 H/in                 ; 0 F/in                 ; short        ; open          ; open            ; open  ; 0 V                 ; -                  ; n/a           ; n/a             ; n/a         ;
; HEX4[1]       ; 2.5 V        ; 0 in              ; 0 H/in                  ; 0 F/in                  ; short         ; -                   ; open           ; open             ; open   ; 0 in             ; 0 H/in                 ; 0 F/in                 ; short        ; open          ; open            ; open  ; 0 V                 ; -                  ; n/a           ; n/a             ; n/a         ;
; HEX4[2]       ; 2.5 V        ; 0 in              ; 0 H/in                  ; 0 F/in                  ; short         ; -                   ; open           ; open             ; open   ; 0 in             ; 0 H/in                 ; 0 F/in                 ; short        ; open          ; open            ; open  ; 0 V                 ; -                  ; n/a           ; n/a             ; n/a         ;
; HEX4[3]       ; 2.5 V        ; 0 in              ; 0 H/in                  ; 0 F/in                  ; short         ; -                   ; open           ; open             ; open   ; 0 in             ; 0 H/in                 ; 0 F/in                 ; short        ; open          ; open            ; open  ; 0 V                 ; -                  ; n/a           ; n/a             ; n/a         ;
; HEX4[4]       ; 2.5 V        ; 0 in              ; 0 H/in                  ; 0 F/in                  ; short         ; -                   ; open           ; open             ; open   ; 0 in             ; 0 H/in                 ; 0 F/in                 ; short        ; open          ; open            ; open  ; 0 V                 ; -                  ; n/a           ; n/a             ; n/a         ;
; HEX4[5]       ; 2.5 V        ; 0 in              ; 0 H/in                  ; 0 F/in                  ; short         ; -                   ; open           ; open             ; open   ; 0 in             ; 0 H/in                 ; 0 F/in                 ; short        ; open          ; open            ; open  ; 0 V                 ; -                  ; n/a           ; n/a             ; n/a         ;
; HEX4[6]       ; 2.5 V        ; 0 in              ; 0 H/in                  ; 0 F/in                  ; short         ; -                   ; open           ; open             ; open   ; 0 in             ; 0 H/in                 ; 0 F/in                 ; short        ; open          ; open            ; open  ; 0 V                 ; -                  ; n/a           ; n/a             ; n/a         ;
; HEX5[0]       ; 2.5 V        ; 0 in              ; 0 H/in                  ; 0 F/in                  ; short         ; -                   ; open           ; open             ; open   ; 0 in             ; 0 H/in                 ; 0 F/in                 ; short        ; open          ; open            ; open  ; 0 V                 ; -                  ; n/a           ; n/a             ; n/a         ;
; HEX5[1]       ; 2.5 V        ; 0 in              ; 0 H/in                  ; 0 F/in                  ; short         ; -                   ; open           ; open             ; open   ; 0 in             ; 0 H/in                 ; 0 F/in                 ; short        ; open          ; open            ; open  ; 0 V                 ; -                  ; n/a           ; n/a             ; n/a         ;
; HEX5[2]       ; 2.5 V        ; 0 in              ; 0 H/in                  ; 0 F/in                  ; short         ; -                   ; open           ; open             ; open   ; 0 in             ; 0 H/in                 ; 0 F/in                 ; short        ; open          ; open            ; open  ; 0 V                 ; -                  ; n/a           ; n/a             ; n/a         ;
; HEX5[3]       ; 2.5 V        ; 0 in              ; 0 H/in                  ; 0 F/in                  ; short         ; -                   ; open           ; open             ; open   ; 0 in             ; 0 H/in                 ; 0 F/in                 ; short        ; open          ; open            ; open  ; 0 V                 ; -                  ; n/a           ; n/a             ; n/a         ;
; HEX5[4]       ; 2.5 V        ; 0 in              ; 0 H/in                  ; 0 F/in                  ; short         ; -                   ; open           ; open             ; open   ; 0 in             ; 0 H/in                 ; 0 F/in                 ; short        ; open          ; open            ; open  ; 0 V                 ; -                  ; n/a           ; n/a             ; n/a         ;
; HEX5[5]       ; 2.5 V        ; 0 in              ; 0 H/in                  ; 0 F/in                  ; short         ; -                   ; open           ; open             ; open   ; 0 in             ; 0 H/in                 ; 0 F/in                 ; short        ; open          ; open            ; open  ; 0 V                 ; -                  ; n/a           ; n/a             ; n/a         ;
; HEX5[6]       ; 2.5 V        ; 0 in              ; 0 H/in                  ; 0 F/in                  ; short         ; -                   ; open           ; open             ; open   ; 0 in             ; 0 H/in                 ; 0 F/in                 ; short        ; open          ; open            ; open  ; 0 V                 ; -                  ; n/a           ; n/a             ; n/a         ;
; LEDR[0]       ; 2.5 V        ; 0 in              ; 0 H/in                  ; 0 F/in                  ; short         ; -                   ; open           ; open             ; open   ; 0 in             ; 0 H/in                 ; 0 F/in                 ; short        ; open          ; open            ; open  ; 0 V                 ; -                  ; n/a           ; n/a             ; n/a         ;
; LEDR[1]       ; 2.5 V        ; 0 in              ; 0 H/in                  ; 0 F/in                  ; short         ; -                   ; open           ; open             ; open   ; 0 in             ; 0 H/in                 ; 0 F/in                 ; short        ; open          ; open            ; open  ; 0 V                 ; -                  ; n/a           ; n/a             ; n/a         ;
; LEDR[2]       ; 2.5 V        ; 0 in              ; 0 H/in                  ; 0 F/in                  ; short         ; -                   ; open           ; open             ; open   ; 0 in             ; 0 H/in                 ; 0 F/in                 ; short        ; open          ; open            ; open  ; 0 V                 ; -                  ; n/a           ; n/a             ; n/a         ;
; LEDR[3]       ; 2.5 V        ; 0 in              ; 0 H/in                  ; 0 F/in                  ; short         ; -                   ; open           ; open             ; open   ; 0 in             ; 0 H/in                 ; 0 F/in                 ; short        ; open          ; open            ; open  ; 0 V                 ; -                  ; n/a           ; n/a             ; n/a         ;
; LEDR[4]       ; 2.5 V        ; 0 in              ; 0 H/in                  ; 0 F/in                  ; short         ; -                   ; open           ; open             ; open   ; 0 in             ; 0 H/in                 ; 0 F/in                 ; short        ; open          ; open            ; open  ; 0 V                 ; -                  ; n/a           ; n/a             ; n/a         ;
; LEDR[5]       ; 2.5 V        ; 0 in              ; 0 H/in                  ; 0 F/in                  ; short         ; -                   ; open           ; open             ; open   ; 0 in             ; 0 H/in                 ; 0 F/in                 ; short        ; open          ; open            ; open  ; 0 V                 ; -                  ; n/a           ; n/a             ; n/a         ;
; LEDR[6]       ; 2.5 V        ; 0 in              ; 0 H/in                  ; 0 F/in                  ; short         ; -                   ; open           ; open             ; open   ; 0 in             ; 0 H/in                 ; 0 F/in                 ; short        ; open          ; open            ; open  ; 0 V                 ; -                  ; n/a           ; n/a             ; n/a         ;
; LEDR[7]       ; 2.5 V        ; 0 in              ; 0 H/in                  ; 0 F/in                  ; short         ; -                   ; open           ; open             ; open   ; 0 in             ; 0 H/in                 ; 0 F/in                 ; short        ; open          ; open            ; open  ; 0 V                 ; -                  ; n/a           ; n/a             ; n/a         ;
; LEDR[8]       ; 2.5 V        ; 0 in              ; 0 H/in                  ; 0 F/in                  ; short         ; -                   ; open           ; open             ; open   ; 0 in             ; 0 H/in                 ; 0 F/in                 ; short        ; open          ; open            ; open  ; 0 V                 ; -                  ; n/a           ; n/a             ; n/a         ;
; LEDR[9]       ; 2.5 V        ; 0 in              ; 0 H/in                  ; 0 F/in                  ; short         ; -                   ; open           ; open             ; open   ; 0 in             ; 0 H/in                 ; 0 F/in                 ; short        ; open          ; open            ; open  ; 0 V                 ; -                  ; n/a           ; n/a             ; n/a         ;
; LEDR[10]      ; 2.5 V        ; 0 in              ; 0 H/in                  ; 0 F/in                  ; short         ; -                   ; open           ; open             ; open   ; 0 in             ; 0 H/in                 ; 0 F/in                 ; short        ; open          ; open            ; open  ; 0 V                 ; -                  ; n/a           ; n/a             ; n/a         ;
; LEDR[11]      ; 2.5 V        ; 0 in              ; 0 H/in                  ; 0 F/in                  ; short         ; -                   ; open           ; open             ; open   ; 0 in             ; 0 H/in                 ; 0 F/in                 ; short        ; open          ; open            ; open  ; 0 V                 ; -                  ; n/a           ; n/a             ; n/a         ;
; LEDR[12]      ; 2.5 V        ; 0 in              ; 0 H/in                  ; 0 F/in                  ; short         ; -                   ; open           ; open             ; open   ; 0 in             ; 0 H/in                 ; 0 F/in                 ; short        ; open          ; open            ; open  ; 0 V                 ; -                  ; n/a           ; n/a             ; n/a         ;
; LEDR[13]      ; 2.5 V        ; 0 in              ; 0 H/in                  ; 0 F/in                  ; short         ; -                   ; open           ; open             ; open   ; 0 in             ; 0 H/in                 ; 0 F/in                 ; short        ; open          ; open            ; open  ; 0 V                 ; -                  ; n/a           ; n/a             ; n/a         ;
; LEDR[14]      ; 2.5 V        ; 0 in              ; 0 H/in                  ; 0 F/in                  ; short         ; -                   ; open           ; open             ; open   ; 0 in             ; 0 H/in                 ; 0 F/in                 ; short        ; open          ; open            ; open  ; 0 V                 ; -                  ; n/a           ; n/a             ; n/a         ;
; LEDR[15]      ; 2.5 V        ; 0 in              ; 0 H/in                  ; 0 F/in                  ; short         ; -                   ; open           ; open             ; open   ; 0 in             ; 0 H/in                 ; 0 F/in                 ; short        ; open          ; open            ; open  ; 0 V                 ; -                  ; n/a           ; n/a             ; n/a         ;
; LEDR[16]      ; 2.5 V        ; 0 in              ; 0 H/in                  ; 0 F/in                  ; short         ; -                   ; open           ; open             ; open   ; 0 in             ; 0 H/in                 ; 0 F/in                 ; short        ; open          ; open            ; open  ; 0 V                 ; -                  ; n/a           ; n/a             ; n/a         ;
; LEDR[17]      ; 2.5 V        ; 0 in              ; 0 H/in                  ; 0 F/in                  ; short         ; -                   ; open           ; open             ; open   ; 0 in             ; 0 H/in                 ; 0 F/in                 ; short        ; open          ; open            ; open  ; 0 V                 ; -                  ; n/a           ; n/a             ; n/a         ;
; ~ALTERA_DCLK~ ; 2.5 V        ; 0 in              ; 0 H/in                  ; 0 F/in                  ; short         ; -                   ; open           ; open             ; open   ; 0 in             ; 0 H/in                 ; 0 F/in                 ; short        ; open          ; open            ; open  ; 0 V                 ; -                  ; n/a           ; n/a             ; n/a         ;
; ~ALTERA_nCEO~ ; 2.5 V        ; 0 in              ; 0 H/in                  ; 0 F/in                  ; short         ; -                   ; open           ; open             ; open   ; 0 in             ; 0 H/in                 ; 0 F/in                 ; short        ; open          ; open            ; open  ; 0 V                 ; -                  ; n/a           ; n/a             ; n/a         ;
+---------------+--------------+-------------------+-------------------------+-------------------------+---------------+---------------------+----------------+------------------+--------+------------------+------------------------+------------------------+--------------+---------------+-----------------+-------+---------------------+--------------------+---------------+-----------------+-------------+


+----------------------------------------------------------------------------+
; Input Transition Times                                                     ;
+-------------------------+--------------+-----------------+-----------------+
; Pin                     ; I/O Standard ; 10-90 Rise Time ; 90-10 Fall Time ;
+-------------------------+--------------+-----------------+-----------------+
; SW[0]                   ; 2.5 V        ; 2000 ps         ; 2000 ps         ;
; SW[1]                   ; 2.5 V        ; 2000 ps         ; 2000 ps         ;
; SW[2]                   ; 2.5 V        ; 2000 ps         ; 2000 ps         ;
; SW[3]                   ; 2.5 V        ; 2000 ps         ; 2000 ps         ;
; SW[4]                   ; 2.5 V        ; 2000 ps         ; 2000 ps         ;
; SW[5]                   ; 2.5 V        ; 2000 ps         ; 2000 ps         ;
; SW[6]                   ; 2.5 V        ; 2000 ps         ; 2000 ps         ;
; SW[7]                   ; 2.5 V        ; 2000 ps         ; 2000 ps         ;
; SW[8]                   ; 2.5 V        ; 2000 ps         ; 2000 ps         ;
; SW[9]                   ; 2.5 V        ; 2000 ps         ; 2000 ps         ;
; SW[10]                  ; 2.5 V        ; 2000 ps         ; 2000 ps         ;
; SW[11]                  ; 2.5 V        ; 2000 ps         ; 2000 ps         ;
; SW[12]                  ; 2.5 V        ; 2000 ps         ; 2000 ps         ;
; SW[13]                  ; 2.5 V        ; 2000 ps         ; 2000 ps         ;
; SW[14]                  ; 2.5 V        ; 2000 ps         ; 2000 ps         ;
; SW[15]                  ; 2.5 V        ; 2000 ps         ; 2000 ps         ;
; SW[16]                  ; 2.5 V        ; 2000 ps         ; 2000 ps         ;
; SW[17]                  ; 2.5 V        ; 2000 ps         ; 2000 ps         ;
; KEY[1]                  ; 2.5 V        ; 2000 ps         ; 2000 ps         ;
; KEY[2]                  ; 2.5 V        ; 2000 ps         ; 2000 ps         ;
; KEY[3]                  ; 2.5 V        ; 2000 ps         ; 2000 ps         ;
; CLOCK_50                ; 2.5 V        ; 2000 ps         ; 2000 ps         ;
; KEY[0]                  ; 2.5 V        ; 2000 ps         ; 2000 ps         ;
; ~ALTERA_ASDO_DATA1~     ; 2.5 V        ; 2000 ps         ; 2000 ps         ;
; ~ALTERA_FLASH_nCE_nCSO~ ; 2.5 V        ; 2000 ps         ; 2000 ps         ;
; ~ALTERA_DATA0~          ; 2.5 V        ; 2000 ps         ; 2000 ps         ;
+-------------------------+--------------+-----------------+-----------------+


+--------------------------------------------------------------------------------------------------------------------------------------------------------------------------------------------------------------------------------------------------------------------------------------------------------------------------------------------------------------------------------------------------------------------------------------------------------------------------------------------------------------------------------------------------------------------------------------------------------------------------------------------------------------------------------------------+
; Signal Integrity Metrics (Slow 1200mv 0c Model)                                                                                                                                                                                                                                                                                                                                                                                                                                                                                                                                                                                                                                            ;
+---------------+--------------+---------------------+---------------------+------------------------------+------------------------------+---------------------+---------------------+--------------------------------------+--------------------------------------+-----------------------------+-----------------------------+----------------------------+----------------------------+-----------------------------+-----------------------------+--------------------+--------------------+-------------------------------------+-------------------------------------+----------------------------+----------------------------+---------------------------+---------------------------+
; Pin           ; I/O Standard ; Board Delay on Rise ; Board Delay on Fall ; Steady State Voh at FPGA Pin ; Steady State Vol at FPGA Pin ; Voh Max at FPGA Pin ; Vol Min at FPGA Pin ; Ringback Voltage on Rise at FPGA Pin ; Ringback Voltage on Fall at FPGA Pin ; 10-90 Rise Time at FPGA Pin ; 90-10 Fall Time at FPGA Pin ; Monotonic Rise at FPGA Pin ; Monotonic Fall at FPGA Pin ; Steady State Voh at Far-end ; Steady State Vol at Far-end ; Voh Max at Far-end ; Vol Min at Far-end ; Ringback Voltage on Rise at Far-end ; Ringback Voltage on Fall at Far-end ; 10-90 Rise Time at Far-end ; 90-10 Fall Time at Far-end ; Monotonic Rise at Far-end ; Monotonic Fall at Far-end ;
+---------------+--------------+---------------------+---------------------+------------------------------+------------------------------+---------------------+---------------------+--------------------------------------+--------------------------------------+-----------------------------+-----------------------------+----------------------------+----------------------------+-----------------------------+-----------------------------+--------------------+--------------------+-------------------------------------+-------------------------------------+----------------------------+----------------------------+---------------------------+---------------------------+
; HEX0[0]       ; 2.5 V        ; 0 s                 ; 0 s                 ; 2.32 V                       ; 4.49e-09 V                   ; 2.38 V              ; -0.00552 V          ; 0.096 V                              ; 0.019 V                              ; 4.18e-10 s                  ; 3.59e-10 s                  ; No                         ; Yes                        ; 2.32 V                      ; 4.49e-09 V                  ; 2.38 V             ; -0.00552 V         ; 0.096 V                             ; 0.019 V                             ; 4.18e-10 s                 ; 3.59e-10 s                 ; No                        ; Yes                       ;
; HEX0[1]       ; 2.5 V        ; 0 s                 ; 0 s                 ; 2.32 V                       ; 4.49e-09 V                   ; 2.33 V              ; -0.00467 V          ; 0.226 V                              ; 0.087 V                              ; 2.91e-09 s                  ; 2.74e-09 s                  ; Yes                        ; Yes                        ; 2.32 V                      ; 4.49e-09 V                  ; 2.33 V             ; -0.00467 V         ; 0.226 V                             ; 0.087 V                             ; 2.91e-09 s                 ; 2.74e-09 s                 ; Yes                       ; Yes                       ;
; HEX0[2]       ; 2.5 V        ; 0 s                 ; 0 s                 ; 2.32 V                       ; 4.49e-09 V                   ; 2.38 V              ; -0.00552 V          ; 0.096 V                              ; 0.019 V                              ; 4.18e-10 s                  ; 3.59e-10 s                  ; No                         ; Yes                        ; 2.32 V                      ; 4.49e-09 V                  ; 2.38 V             ; -0.00552 V         ; 0.096 V                             ; 0.019 V                             ; 4.18e-10 s                 ; 3.59e-10 s                 ; No                        ; Yes                       ;
; HEX0[3]       ; 2.5 V        ; 0 s                 ; 0 s                 ; 2.32 V                       ; 3.07e-09 V                   ; 2.38 V              ; -0.0144 V           ; 0.227 V                              ; 0.024 V                              ; 3.14e-10 s                  ; 3.39e-10 s                  ; Yes                        ; Yes                        ; 2.32 V                      ; 3.07e-09 V                  ; 2.38 V             ; -0.0144 V          ; 0.227 V                             ; 0.024 V                             ; 3.14e-10 s                 ; 3.39e-10 s                 ; Yes                       ; Yes                       ;
; HEX0[4]       ; 2.5 V        ; 0 s                 ; 0 s                 ; 2.32 V                       ; 3.07e-09 V                   ; 2.38 V              ; -0.0144 V           ; 0.227 V                              ; 0.024 V                              ; 3.14e-10 s                  ; 3.39e-10 s                  ; Yes                        ; Yes                        ; 2.32 V                      ; 3.07e-09 V                  ; 2.38 V             ; -0.0144 V          ; 0.227 V                             ; 0.024 V                             ; 3.14e-10 s                 ; 3.39e-10 s                 ; Yes                       ; Yes                       ;
; HEX0[5]       ; 2.5 V        ; 0 s                 ; 0 s                 ; 2.32 V                       ; 3.07e-09 V                   ; 2.33 V              ; -0.00496 V          ; 0.223 V                              ; 0.086 V                              ; 2.9e-09 s                   ; 2.73e-09 s                  ; Yes                        ; Yes                        ; 2.32 V                      ; 3.07e-09 V                  ; 2.33 V             ; -0.00496 V         ; 0.223 V                             ; 0.086 V                             ; 2.9e-09 s                  ; 2.73e-09 s                 ; Yes                       ; Yes                       ;
; HEX0[6]       ; 2.5 V        ; 0 s                 ; 0 s                 ; 2.32 V                       ; 3.07e-09 V                   ; 2.38 V              ; -0.0144 V           ; 0.227 V                              ; 0.024 V                              ; 3.14e-10 s                  ; 3.39e-10 s                  ; Yes                        ; Yes                        ; 2.32 V                      ; 3.07e-09 V                  ; 2.38 V             ; -0.0144 V          ; 0.227 V                             ; 0.024 V                             ; 3.14e-10 s                 ; 3.39e-10 s                 ; Yes                       ; Yes                       ;
; HEX1[0]       ; 2.5 V        ; 0 s                 ; 0 s                 ; 2.32 V                       ; 3.07e-09 V                   ; 2.38 V              ; -0.0144 V           ; 0.227 V                              ; 0.024 V                              ; 3.14e-10 s                  ; 3.39e-10 s                  ; Yes                        ; Yes                        ; 2.32 V                      ; 3.07e-09 V                  ; 2.38 V             ; -0.0144 V          ; 0.227 V                             ; 0.024 V                             ; 3.14e-10 s                 ; 3.39e-10 s                 ; Yes                       ; Yes                       ;
; HEX1[1]       ; 2.5 V        ; 0 s                 ; 0 s                 ; 2.32 V                       ; 3.07e-09 V                   ; 2.37 V              ; -0.00994 V          ; 0.186 V                              ; 0.028 V                              ; 4.98e-10 s                  ; 4.96e-10 s                  ; Yes                        ; Yes                        ; 2.32 V                      ; 3.07e-09 V                  ; 2.37 V             ; -0.00994 V         ; 0.186 V                             ; 0.028 V                             ; 4.98e-10 s                 ; 4.96e-10 s                 ; Yes                       ; Yes                       ;
; HEX1[2]       ; 2.5 V        ; 0 s                 ; 0 s                 ; 2.32 V                       ; 3.07e-09 V                   ; 2.37 V              ; -0.00994 V          ; 0.186 V                              ; 0.028 V                              ; 4.98e-10 s                  ; 4.96e-10 s                  ; Yes                        ; Yes                        ; 2.32 V                      ; 3.07e-09 V                  ; 2.37 V             ; -0.00994 V         ; 0.186 V                             ; 0.028 V                             ; 4.98e-10 s                 ; 4.96e-10 s                 ; Yes                       ; Yes                       ;
; HEX1[3]       ; 2.5 V        ; 0 s                 ; 0 s                 ; 2.32 V                       ; 3.07e-09 V                   ; 2.37 V              ; -0.00994 V          ; 0.186 V                              ; 0.028 V                              ; 4.98e-10 s                  ; 4.96e-10 s                  ; Yes                        ; Yes                        ; 2.32 V                      ; 3.07e-09 V                  ; 2.37 V             ; -0.00994 V         ; 0.186 V                             ; 0.028 V                             ; 4.98e-10 s                 ; 4.96e-10 s                 ; Yes                       ; Yes                       ;
; HEX1[4]       ; 2.5 V        ; 0 s                 ; 0 s                 ; 2.32 V                       ; 3.07e-09 V                   ; 2.37 V              ; -0.00994 V          ; 0.186 V                              ; 0.028 V                              ; 4.98e-10 s                  ; 4.96e-10 s                  ; Yes                        ; Yes                        ; 2.32 V                      ; 3.07e-09 V                  ; 2.37 V             ; -0.00994 V         ; 0.186 V                             ; 0.028 V                             ; 4.98e-10 s                 ; 4.96e-10 s                 ; Yes                       ; Yes                       ;
; HEX1[5]       ; 2.5 V        ; 0 s                 ; 0 s                 ; 2.32 V                       ; 3.07e-09 V                   ; 2.33 V              ; -0.00496 V          ; 0.223 V                              ; 0.086 V                              ; 2.9e-09 s                   ; 2.73e-09 s                  ; Yes                        ; Yes                        ; 2.32 V                      ; 3.07e-09 V                  ; 2.33 V             ; -0.00496 V         ; 0.223 V                             ; 0.086 V                             ; 2.9e-09 s                  ; 2.73e-09 s                 ; Yes                       ; Yes                       ;
; HEX1[6]       ; 2.5 V        ; 0 s                 ; 0 s                 ; 2.32 V                       ; 3.07e-09 V                   ; 2.33 V              ; -0.00496 V          ; 0.223 V                              ; 0.086 V                              ; 2.9e-09 s                   ; 2.73e-09 s                  ; Yes                        ; Yes                        ; 2.32 V                      ; 3.07e-09 V                  ; 2.33 V             ; -0.00496 V         ; 0.223 V                             ; 0.086 V                             ; 2.9e-09 s                  ; 2.73e-09 s                 ; Yes                       ; Yes                       ;
; HEX2[0]       ; 2.5 V        ; 0 s                 ; 0 s                 ; 2.32 V                       ; 3.07e-09 V                   ; 2.37 V              ; -0.00994 V          ; 0.186 V                              ; 0.028 V                              ; 4.98e-10 s                  ; 4.96e-10 s                  ; Yes                        ; Yes                        ; 2.32 V                      ; 3.07e-09 V                  ; 2.37 V             ; -0.00994 V         ; 0.186 V                             ; 0.028 V                             ; 4.98e-10 s                 ; 4.96e-10 s                 ; Yes                       ; Yes                       ;
; HEX2[1]       ; 2.5 V        ; 0 s                 ; 0 s                 ; 2.32 V                       ; 3.07e-09 V                   ; 2.37 V              ; -0.00994 V          ; 0.186 V                              ; 0.028 V                              ; 4.98e-10 s                  ; 4.96e-10 s                  ; Yes                        ; Yes                        ; 2.32 V                      ; 3.07e-09 V                  ; 2.37 V             ; -0.00994 V         ; 0.186 V                             ; 0.028 V                             ; 4.98e-10 s                 ; 4.96e-10 s                 ; Yes                       ; Yes                       ;
; HEX2[2]       ; 2.5 V        ; 0 s                 ; 0 s                 ; 2.32 V                       ; 3.07e-09 V                   ; 2.37 V              ; -0.00994 V          ; 0.186 V                              ; 0.028 V                              ; 4.98e-10 s                  ; 4.96e-10 s                  ; Yes                        ; Yes                        ; 2.32 V                      ; 3.07e-09 V                  ; 2.37 V             ; -0.00994 V         ; 0.186 V                             ; 0.028 V                             ; 4.98e-10 s                 ; 4.96e-10 s                 ; Yes                       ; Yes                       ;
; HEX2[3]       ; 2.5 V        ; 0 s                 ; 0 s                 ; 2.32 V                       ; 3.07e-09 V                   ; 2.37 V              ; -0.00994 V          ; 0.186 V                              ; 0.028 V                              ; 4.98e-10 s                  ; 4.96e-10 s                  ; Yes                        ; Yes                        ; 2.32 V                      ; 3.07e-09 V                  ; 2.37 V             ; -0.00994 V         ; 0.186 V                             ; 0.028 V                             ; 4.98e-10 s                 ; 4.96e-10 s                 ; Yes                       ; Yes                       ;
; HEX2[4]       ; 2.5 V        ; 0 s                 ; 0 s                 ; 2.32 V                       ; 3.07e-09 V                   ; 2.37 V              ; -0.00994 V          ; 0.186 V                              ; 0.028 V                              ; 4.98e-10 s                  ; 4.96e-10 s                  ; Yes                        ; Yes                        ; 2.32 V                      ; 3.07e-09 V                  ; 2.37 V             ; -0.00994 V         ; 0.186 V                             ; 0.028 V                             ; 4.98e-10 s                 ; 4.96e-10 s                 ; Yes                       ; Yes                       ;
; HEX2[5]       ; 2.5 V        ; 0 s                 ; 0 s                 ; 2.32 V                       ; 3.07e-09 V                   ; 2.37 V              ; -0.00994 V          ; 0.186 V                              ; 0.028 V                              ; 4.98e-10 s                  ; 4.96e-10 s                  ; Yes                        ; Yes                        ; 2.32 V                      ; 3.07e-09 V                  ; 2.37 V             ; -0.00994 V         ; 0.186 V                             ; 0.028 V                             ; 4.98e-10 s                 ; 4.96e-10 s                 ; Yes                       ; Yes                       ;
; HEX2[6]       ; 2.5 V        ; 0 s                 ; 0 s                 ; 2.32 V                       ; 3.07e-09 V                   ; 2.37 V              ; -0.00994 V          ; 0.186 V                              ; 0.028 V                              ; 4.98e-10 s                  ; 4.96e-10 s                  ; Yes                        ; Yes                        ; 2.32 V                      ; 3.07e-09 V                  ; 2.37 V             ; -0.00994 V         ; 0.186 V                             ; 0.028 V                             ; 4.98e-10 s                 ; 4.96e-10 s                 ; Yes                       ; Yes                       ;
; HEX3[0]       ; 2.5 V        ; 0 s                 ; 0 s                 ; 2.32 V                       ; 3.07e-09 V                   ; 2.37 V              ; -0.00994 V          ; 0.186 V                              ; 0.028 V                              ; 4.98e-10 s                  ; 4.96e-10 s                  ; Yes                        ; Yes                        ; 2.32 V                      ; 3.07e-09 V                  ; 2.37 V             ; -0.00994 V         ; 0.186 V                             ; 0.028 V                             ; 4.98e-10 s                 ; 4.96e-10 s                 ; Yes                       ; Yes                       ;
; HEX3[1]       ; 2.5 V        ; 0 s                 ; 0 s                 ; 2.32 V                       ; 3.07e-09 V                   ; 2.38 V              ; -0.0144 V           ; 0.227 V                              ; 0.024 V                              ; 3.14e-10 s                  ; 3.39e-10 s                  ; Yes                        ; Yes                        ; 2.32 V                      ; 3.07e-09 V                  ; 2.38 V             ; -0.0144 V          ; 0.227 V                             ; 0.024 V                             ; 3.14e-10 s                 ; 3.39e-10 s                 ; Yes                       ; Yes                       ;
; HEX3[2]       ; 2.5 V        ; 0 s                 ; 0 s                 ; 2.32 V                       ; 4.49e-09 V                   ; 2.33 V              ; -0.00467 V          ; 0.226 V                              ; 0.087 V                              ; 2.91e-09 s                  ; 2.74e-09 s                  ; Yes                        ; Yes                        ; 2.32 V                      ; 4.49e-09 V                  ; 2.33 V             ; -0.00467 V         ; 0.226 V                             ; 0.087 V                             ; 2.91e-09 s                 ; 2.74e-09 s                 ; Yes                       ; Yes                       ;
; HEX3[3]       ; 2.5 V        ; 0 s                 ; 0 s                 ; 2.32 V                       ; 4.49e-09 V                   ; 2.38 V              ; -0.00552 V          ; 0.096 V                              ; 0.019 V                              ; 4.18e-10 s                  ; 3.59e-10 s                  ; No                         ; Yes                        ; 2.32 V                      ; 4.49e-09 V                  ; 2.38 V             ; -0.00552 V         ; 0.096 V                             ; 0.019 V                             ; 4.18e-10 s                 ; 3.59e-10 s                 ; No                        ; Yes                       ;
; HEX3[4]       ; 2.5 V        ; 0 s                 ; 0 s                 ; 2.32 V                       ; 4.49e-09 V                   ; 2.38 V              ; -0.00552 V          ; 0.096 V                              ; 0.019 V                              ; 4.18e-10 s                  ; 3.59e-10 s                  ; No                         ; Yes                        ; 2.32 V                      ; 4.49e-09 V                  ; 2.38 V             ; -0.00552 V         ; 0.096 V                             ; 0.019 V                             ; 4.18e-10 s                 ; 3.59e-10 s                 ; No                        ; Yes                       ;
; HEX3[5]       ; 2.5 V        ; 0 s                 ; 0 s                 ; 2.32 V                       ; 4.49e-09 V                   ; 2.38 V              ; -0.00552 V          ; 0.096 V                              ; 0.019 V                              ; 4.18e-10 s                  ; 3.59e-10 s                  ; No                         ; Yes                        ; 2.32 V                      ; 4.49e-09 V                  ; 2.38 V             ; -0.00552 V         ; 0.096 V                             ; 0.019 V                             ; 4.18e-10 s                 ; 3.59e-10 s                 ; No                        ; Yes                       ;
; HEX3[6]       ; 2.5 V        ; 0 s                 ; 0 s                 ; 2.32 V                       ; 4.49e-09 V                   ; 2.38 V              ; -0.00552 V          ; 0.096 V                              ; 0.019 V                              ; 4.18e-10 s                  ; 3.59e-10 s                  ; No                         ; Yes                        ; 2.32 V                      ; 4.49e-09 V                  ; 2.38 V             ; -0.00552 V         ; 0.096 V                             ; 0.019 V                             ; 4.18e-10 s                 ; 3.59e-10 s                 ; No                        ; Yes                       ;
; HEX4[0]       ; 2.5 V        ; 0 s                 ; 0 s                 ; 2.32 V                       ; 4.49e-09 V                   ; 2.38 V              ; -0.00552 V          ; 0.096 V                              ; 0.019 V                              ; 4.18e-10 s                  ; 3.59e-10 s                  ; No                         ; Yes                        ; 2.32 V                      ; 4.49e-09 V                  ; 2.38 V             ; -0.00552 V         ; 0.096 V                             ; 0.019 V                             ; 4.18e-10 s                 ; 3.59e-10 s                 ; No                        ; Yes                       ;
; HEX4[1]       ; 2.5 V        ; 0 s                 ; 0 s                 ; 2.32 V                       ; 4.49e-09 V                   ; 2.38 V              ; -0.00552 V          ; 0.096 V                              ; 0.019 V                              ; 4.18e-10 s                  ; 3.59e-10 s                  ; No                         ; Yes                        ; 2.32 V                      ; 4.49e-09 V                  ; 2.38 V             ; -0.00552 V         ; 0.096 V                             ; 0.019 V                             ; 4.18e-10 s                 ; 3.59e-10 s                 ; No                        ; Yes                       ;
; HEX4[2]       ; 2.5 V        ; 0 s                 ; 0 s                 ; 2.32 V                       ; 4.49e-09 V                   ; 2.38 V              ; -0.00552 V          ; 0.096 V                              ; 0.019 V                              ; 4.18e-10 s                  ; 3.59e-10 s                  ; No                         ; Yes                        ; 2.32 V                      ; 4.49e-09 V                  ; 2.38 V             ; -0.00552 V         ; 0.096 V                             ; 0.019 V                             ; 4.18e-10 s                 ; 3.59e-10 s                 ; No                        ; Yes                       ;
; HEX4[3]       ; 2.5 V        ; 0 s                 ; 0 s                 ; 2.32 V                       ; 4.49e-09 V                   ; 2.38 V              ; -0.00552 V          ; 0.096 V                              ; 0.019 V                              ; 4.18e-10 s                  ; 3.59e-10 s                  ; No                         ; Yes                        ; 2.32 V                      ; 4.49e-09 V                  ; 2.38 V             ; -0.00552 V         ; 0.096 V                             ; 0.019 V                             ; 4.18e-10 s                 ; 3.59e-10 s                 ; No                        ; Yes                       ;
; HEX4[4]       ; 2.5 V        ; 0 s                 ; 0 s                 ; 2.32 V                       ; 4.49e-09 V                   ; 2.38 V              ; -0.00552 V          ; 0.096 V                              ; 0.019 V                              ; 4.18e-10 s                  ; 3.59e-10 s                  ; No                         ; Yes                        ; 2.32 V                      ; 4.49e-09 V                  ; 2.38 V             ; -0.00552 V         ; 0.096 V                             ; 0.019 V                             ; 4.18e-10 s                 ; 3.59e-10 s                 ; No                        ; Yes                       ;
; HEX4[5]       ; 2.5 V        ; 0 s                 ; 0 s                 ; 2.32 V                       ; 4.49e-09 V                   ; 2.38 V              ; -0.00552 V          ; 0.096 V                              ; 0.019 V                              ; 4.18e-10 s                  ; 3.59e-10 s                  ; No                         ; Yes                        ; 2.32 V                      ; 4.49e-09 V                  ; 2.38 V             ; -0.00552 V         ; 0.096 V                             ; 0.019 V                             ; 4.18e-10 s                 ; 3.59e-10 s                 ; No                        ; Yes                       ;
; HEX4[6]       ; 2.5 V        ; 0 s                 ; 0 s                 ; 2.32 V                       ; 4.49e-09 V                   ; 2.38 V              ; -0.00552 V          ; 0.096 V                              ; 0.019 V                              ; 4.18e-10 s                  ; 3.59e-10 s                  ; No                         ; Yes                        ; 2.32 V                      ; 4.49e-09 V                  ; 2.38 V             ; -0.00552 V         ; 0.096 V                             ; 0.019 V                             ; 4.18e-10 s                 ; 3.59e-10 s                 ; No                        ; Yes                       ;
; HEX5[0]       ; 2.5 V        ; 0 s                 ; 0 s                 ; 2.32 V                       ; 4.49e-09 V                   ; 2.38 V              ; -0.00552 V          ; 0.096 V                              ; 0.019 V                              ; 4.18e-10 s                  ; 3.59e-10 s                  ; No                         ; Yes                        ; 2.32 V                      ; 4.49e-09 V                  ; 2.38 V             ; -0.00552 V         ; 0.096 V                             ; 0.019 V                             ; 4.18e-10 s                 ; 3.59e-10 s                 ; No                        ; Yes                       ;
; HEX5[1]       ; 2.5 V        ; 0 s                 ; 0 s                 ; 2.32 V                       ; 4.49e-09 V                   ; 2.33 V              ; -0.00467 V          ; 0.226 V                              ; 0.087 V                              ; 2.91e-09 s                  ; 2.74e-09 s                  ; Yes                        ; Yes                        ; 2.32 V                      ; 4.49e-09 V                  ; 2.33 V             ; -0.00467 V         ; 0.226 V                             ; 0.087 V                             ; 2.91e-09 s                 ; 2.74e-09 s                 ; Yes                       ; Yes                       ;
; HEX5[2]       ; 2.5 V        ; 0 s                 ; 0 s                 ; 2.32 V                       ; 4.49e-09 V                   ; 2.38 V              ; -0.00552 V          ; 0.096 V                              ; 0.019 V                              ; 4.18e-10 s                  ; 3.59e-10 s                  ; No                         ; Yes                        ; 2.32 V                      ; 4.49e-09 V                  ; 2.38 V             ; -0.00552 V         ; 0.096 V                             ; 0.019 V                             ; 4.18e-10 s                 ; 3.59e-10 s                 ; No                        ; Yes                       ;
; HEX5[3]       ; 2.5 V        ; 0 s                 ; 0 s                 ; 2.32 V                       ; 4.49e-09 V                   ; 2.38 V              ; -0.00552 V          ; 0.096 V                              ; 0.019 V                              ; 4.18e-10 s                  ; 3.59e-10 s                  ; No                         ; Yes                        ; 2.32 V                      ; 4.49e-09 V                  ; 2.38 V             ; -0.00552 V         ; 0.096 V                             ; 0.019 V                             ; 4.18e-10 s                 ; 3.59e-10 s                 ; No                        ; Yes                       ;
; HEX5[4]       ; 2.5 V        ; 0 s                 ; 0 s                 ; 2.32 V                       ; 4.49e-09 V                   ; 2.38 V              ; -0.00552 V          ; 0.096 V                              ; 0.019 V                              ; 4.18e-10 s                  ; 3.59e-10 s                  ; No                         ; Yes                        ; 2.32 V                      ; 4.49e-09 V                  ; 2.38 V             ; -0.00552 V         ; 0.096 V                             ; 0.019 V                             ; 4.18e-10 s                 ; 3.59e-10 s                 ; No                        ; Yes                       ;
; HEX5[5]       ; 2.5 V        ; 0 s                 ; 0 s                 ; 2.32 V                       ; 4.49e-09 V                   ; 2.38 V              ; -0.00552 V          ; 0.096 V                              ; 0.019 V                              ; 4.18e-10 s                  ; 3.59e-10 s                  ; No                         ; Yes                        ; 2.32 V                      ; 4.49e-09 V                  ; 2.38 V             ; -0.00552 V         ; 0.096 V                             ; 0.019 V                             ; 4.18e-10 s                 ; 3.59e-10 s                 ; No                        ; Yes                       ;
; HEX5[6]       ; 2.5 V        ; 0 s                 ; 0 s                 ; 2.32 V                       ; 4.49e-09 V                   ; 2.38 V              ; -0.00552 V          ; 0.096 V                              ; 0.019 V                              ; 4.18e-10 s                  ; 3.59e-10 s                  ; No                         ; Yes                        ; 2.32 V                      ; 4.49e-09 V                  ; 2.38 V             ; -0.00552 V         ; 0.096 V                             ; 0.019 V                             ; 4.18e-10 s                 ; 3.59e-10 s                 ; No                        ; Yes                       ;
; LEDR[0]       ; 2.5 V        ; 0 s                 ; 0 s                 ; 2.32 V                       ; 3.07e-09 V                   ; 2.37 V              ; -0.00994 V          ; 0.186 V                              ; 0.028 V                              ; 4.98e-10 s                  ; 4.96e-10 s                  ; Yes                        ; Yes                        ; 2.32 V                      ; 3.07e-09 V                  ; 2.37 V             ; -0.00994 V         ; 0.186 V                             ; 0.028 V                             ; 4.98e-10 s                 ; 4.96e-10 s                 ; Yes                       ; Yes                       ;
; LEDR[1]       ; 2.5 V        ; 0 s                 ; 0 s                 ; 2.32 V                       ; 3.07e-09 V                   ; 2.38 V              ; -0.0144 V           ; 0.227 V                              ; 0.024 V                              ; 3.14e-10 s                  ; 3.39e-10 s                  ; Yes                        ; Yes                        ; 2.32 V                      ; 3.07e-09 V                  ; 2.38 V             ; -0.0144 V          ; 0.227 V                             ; 0.024 V                             ; 3.14e-10 s                 ; 3.39e-10 s                 ; Yes                       ; Yes                       ;
; LEDR[2]       ; 2.5 V        ; 0 s                 ; 0 s                 ; 2.32 V                       ; 3.07e-09 V                   ; 2.37 V              ; -0.00994 V          ; 0.186 V                              ; 0.028 V                              ; 4.98e-10 s                  ; 4.96e-10 s                  ; Yes                        ; Yes                        ; 2.32 V                      ; 3.07e-09 V                  ; 2.37 V             ; -0.00994 V         ; 0.186 V                             ; 0.028 V                             ; 4.98e-10 s                 ; 4.96e-10 s                 ; Yes                       ; Yes                       ;
; LEDR[3]       ; 2.5 V        ; 0 s                 ; 0 s                 ; 2.32 V                       ; 3.07e-09 V                   ; 2.37 V              ; -0.00994 V          ; 0.186 V                              ; 0.028 V                              ; 4.98e-10 s                  ; 4.96e-10 s                  ; Yes                        ; Yes                        ; 2.32 V                      ; 3.07e-09 V                  ; 2.37 V             ; -0.00994 V         ; 0.186 V                             ; 0.028 V                             ; 4.98e-10 s                 ; 4.96e-10 s                 ; Yes                       ; Yes                       ;
; LEDR[4]       ; 2.5 V        ; 0 s                 ; 0 s                 ; 2.32 V                       ; 3.07e-09 V                   ; 2.37 V              ; -0.00994 V          ; 0.186 V                              ; 0.028 V                              ; 4.98e-10 s                  ; 4.96e-10 s                  ; Yes                        ; Yes                        ; 2.32 V                      ; 3.07e-09 V                  ; 2.37 V             ; -0.00994 V         ; 0.186 V                             ; 0.028 V                             ; 4.98e-10 s                 ; 4.96e-10 s                 ; Yes                       ; Yes                       ;
; LEDR[5]       ; 2.5 V        ; 0 s                 ; 0 s                 ; 2.32 V                       ; 3.07e-09 V                   ; 2.37 V              ; -0.00994 V          ; 0.186 V                              ; 0.028 V                              ; 4.98e-10 s                  ; 4.96e-10 s                  ; Yes                        ; Yes                        ; 2.32 V                      ; 3.07e-09 V                  ; 2.37 V             ; -0.00994 V         ; 0.186 V                             ; 0.028 V                             ; 4.98e-10 s                 ; 4.96e-10 s                 ; Yes                       ; Yes                       ;
; LEDR[6]       ; 2.5 V        ; 0 s                 ; 0 s                 ; 2.32 V                       ; 3.07e-09 V                   ; 2.38 V              ; -0.0144 V           ; 0.227 V                              ; 0.024 V                              ; 3.14e-10 s                  ; 3.39e-10 s                  ; Yes                        ; Yes                        ; 2.32 V                      ; 3.07e-09 V                  ; 2.38 V             ; -0.0144 V          ; 0.227 V                             ; 0.024 V                             ; 3.14e-10 s                 ; 3.39e-10 s                 ; Yes                       ; Yes                       ;
; LEDR[7]       ; 2.5 V        ; 0 s                 ; 0 s                 ; 2.32 V                       ; 3.07e-09 V                   ; 2.37 V              ; -0.00994 V          ; 0.186 V                              ; 0.028 V                              ; 4.98e-10 s                  ; 4.96e-10 s                  ; Yes                        ; Yes                        ; 2.32 V                      ; 3.07e-09 V                  ; 2.37 V             ; -0.00994 V         ; 0.186 V                             ; 0.028 V                             ; 4.98e-10 s                 ; 4.96e-10 s                 ; Yes                       ; Yes                       ;
; LEDR[8]       ; 2.5 V        ; 0 s                 ; 0 s                 ; 2.32 V                       ; 3.07e-09 V                   ; 2.37 V              ; -0.00994 V          ; 0.186 V                              ; 0.028 V                              ; 4.98e-10 s                  ; 4.96e-10 s                  ; Yes                        ; Yes                        ; 2.32 V                      ; 3.07e-09 V                  ; 2.37 V             ; -0.00994 V         ; 0.186 V                             ; 0.028 V                             ; 4.98e-10 s                 ; 4.96e-10 s                 ; Yes                       ; Yes                       ;
; LEDR[9]       ; 2.5 V        ; 0 s                 ; 0 s                 ; 2.32 V                       ; 4.49e-09 V                   ; 2.38 V              ; -0.00552 V          ; 0.096 V                              ; 0.019 V                              ; 4.18e-10 s                  ; 3.59e-10 s                  ; No                         ; Yes                        ; 2.32 V                      ; 4.49e-09 V                  ; 2.38 V             ; -0.00552 V         ; 0.096 V                             ; 0.019 V                             ; 4.18e-10 s                 ; 3.59e-10 s                 ; No                        ; Yes                       ;
; LEDR[10]      ; 2.5 V        ; 0 s                 ; 0 s                 ; 2.32 V                       ; 4.49e-09 V                   ; 2.38 V              ; -0.00552 V          ; 0.096 V                              ; 0.019 V                              ; 4.18e-10 s                  ; 3.59e-10 s                  ; No                         ; Yes                        ; 2.32 V                      ; 4.49e-09 V                  ; 2.38 V             ; -0.00552 V         ; 0.096 V                             ; 0.019 V                             ; 4.18e-10 s                 ; 3.59e-10 s                 ; No                        ; Yes                       ;
; LEDR[11]      ; 2.5 V        ; 0 s                 ; 0 s                 ; 2.32 V                       ; 4.49e-09 V                   ; 2.38 V              ; -0.00552 V          ; 0.096 V                              ; 0.019 V                              ; 4.18e-10 s                  ; 3.59e-10 s                  ; No                         ; Yes                        ; 2.32 V                      ; 4.49e-09 V                  ; 2.38 V             ; -0.00552 V         ; 0.096 V                             ; 0.019 V                             ; 4.18e-10 s                 ; 3.59e-10 s                 ; No                        ; Yes                       ;
; LEDR[12]      ; 2.5 V        ; 0 s                 ; 0 s                 ; 2.32 V                       ; 3.07e-09 V                   ; 2.38 V              ; -0.0144 V           ; 0.227 V                              ; 0.024 V                              ; 3.14e-10 s                  ; 3.39e-10 s                  ; Yes                        ; Yes                        ; 2.32 V                      ; 3.07e-09 V                  ; 2.38 V             ; -0.0144 V          ; 0.227 V                             ; 0.024 V                             ; 3.14e-10 s                 ; 3.39e-10 s                 ; Yes                       ; Yes                       ;
; LEDR[13]      ; 2.5 V        ; 0 s                 ; 0 s                 ; 2.32 V                       ; 3.07e-09 V                   ; 2.37 V              ; -0.00994 V          ; 0.186 V                              ; 0.028 V                              ; 4.98e-10 s                  ; 4.96e-10 s                  ; Yes                        ; Yes                        ; 2.32 V                      ; 3.07e-09 V                  ; 2.37 V             ; -0.00994 V         ; 0.186 V                             ; 0.028 V                             ; 4.98e-10 s                 ; 4.96e-10 s                 ; Yes                       ; Yes                       ;
; LEDR[14]      ; 2.5 V        ; 0 s                 ; 0 s                 ; 2.32 V                       ; 3.07e-09 V                   ; 2.37 V              ; -0.00994 V          ; 0.186 V                              ; 0.028 V                              ; 4.98e-10 s                  ; 4.96e-10 s                  ; Yes                        ; Yes                        ; 2.32 V                      ; 3.07e-09 V                  ; 2.37 V             ; -0.00994 V         ; 0.186 V                             ; 0.028 V                             ; 4.98e-10 s                 ; 4.96e-10 s                 ; Yes                       ; Yes                       ;
; LEDR[15]      ; 2.5 V        ; 0 s                 ; 0 s                 ; 2.32 V                       ; 3.07e-09 V                   ; 2.37 V              ; -0.00994 V          ; 0.186 V                              ; 0.028 V                              ; 4.98e-10 s                  ; 4.96e-10 s                  ; Yes                        ; Yes                        ; 2.32 V                      ; 3.07e-09 V                  ; 2.37 V             ; -0.00994 V         ; 0.186 V                             ; 0.028 V                             ; 4.98e-10 s                 ; 4.96e-10 s                 ; Yes                       ; Yes                       ;
; LEDR[16]      ; 2.5 V        ; 0 s                 ; 0 s                 ; 2.32 V                       ; 3.07e-09 V                   ; 2.37 V              ; -0.00994 V          ; 0.186 V                              ; 0.028 V                              ; 4.98e-10 s                  ; 4.96e-10 s                  ; Yes                        ; Yes                        ; 2.32 V                      ; 3.07e-09 V                  ; 2.37 V             ; -0.00994 V         ; 0.186 V                             ; 0.028 V                             ; 4.98e-10 s                 ; 4.96e-10 s                 ; Yes                       ; Yes                       ;
; LEDR[17]      ; 2.5 V        ; 0 s                 ; 0 s                 ; 2.32 V                       ; 3.07e-09 V                   ; 2.37 V              ; -0.00994 V          ; 0.186 V                              ; 0.028 V                              ; 4.98e-10 s                  ; 4.96e-10 s                  ; Yes                        ; Yes                        ; 2.32 V                      ; 3.07e-09 V                  ; 2.37 V             ; -0.00994 V         ; 0.186 V                             ; 0.028 V                             ; 4.98e-10 s                 ; 4.96e-10 s                 ; Yes                       ; Yes                       ;
; ~ALTERA_DCLK~ ; 2.5 V        ; 0 s                 ; 0 s                 ; 2.32 V                       ; 2.67e-09 V                   ; 2.38 V              ; -0.0485 V           ; 0.167 V                              ; 0.096 V                              ; 2.95e-10 s                  ; 2.73e-10 s                  ; Yes                        ; Yes                        ; 2.32 V                      ; 2.67e-09 V                  ; 2.38 V             ; -0.0485 V          ; 0.167 V                             ; 0.096 V                             ; 2.95e-10 s                 ; 2.73e-10 s                 ; Yes                       ; Yes                       ;
; ~ALTERA_nCEO~ ; 2.5 V        ; 0 s                 ; 0 s                 ; 2.32 V                       ; 4.18e-09 V                   ; 2.38 V              ; -0.00483 V          ; 0.152 V                              ; 0.012 V                              ; 4.81e-10 s                  ; 6.29e-10 s                  ; Yes                        ; Yes                        ; 2.32 V                      ; 4.18e-09 V                  ; 2.38 V             ; -0.00483 V         ; 0.152 V                             ; 0.012 V                             ; 4.81e-10 s                 ; 6.29e-10 s                 ; Yes                       ; Yes                       ;
+---------------+--------------+---------------------+---------------------+------------------------------+------------------------------+---------------------+---------------------+--------------------------------------+--------------------------------------+-----------------------------+-----------------------------+----------------------------+----------------------------+-----------------------------+-----------------------------+--------------------+--------------------+-------------------------------------+-------------------------------------+----------------------------+----------------------------+---------------------------+---------------------------+


+--------------------------------------------------------------------------------------------------------------------------------------------------------------------------------------------------------------------------------------------------------------------------------------------------------------------------------------------------------------------------------------------------------------------------------------------------------------------------------------------------------------------------------------------------------------------------------------------------------------------------------------------------------------------------------------------+
; Signal Integrity Metrics (Slow 1200mv 85c Model)                                                                                                                                                                                                                                                                                                                                                                                                                                                                                                                                                                                                                                           ;
+---------------+--------------+---------------------+---------------------+------------------------------+------------------------------+---------------------+---------------------+--------------------------------------+--------------------------------------+-----------------------------+-----------------------------+----------------------------+----------------------------+-----------------------------+-----------------------------+--------------------+--------------------+-------------------------------------+-------------------------------------+----------------------------+----------------------------+---------------------------+---------------------------+
; Pin           ; I/O Standard ; Board Delay on Rise ; Board Delay on Fall ; Steady State Voh at FPGA Pin ; Steady State Vol at FPGA Pin ; Voh Max at FPGA Pin ; Vol Min at FPGA Pin ; Ringback Voltage on Rise at FPGA Pin ; Ringback Voltage on Fall at FPGA Pin ; 10-90 Rise Time at FPGA Pin ; 90-10 Fall Time at FPGA Pin ; Monotonic Rise at FPGA Pin ; Monotonic Fall at FPGA Pin ; Steady State Voh at Far-end ; Steady State Vol at Far-end ; Voh Max at Far-end ; Vol Min at Far-end ; Ringback Voltage on Rise at Far-end ; Ringback Voltage on Fall at Far-end ; 10-90 Rise Time at Far-end ; 90-10 Fall Time at Far-end ; Monotonic Rise at Far-end ; Monotonic Fall at Far-end ;
+---------------+--------------+---------------------+---------------------+------------------------------+------------------------------+---------------------+---------------------+--------------------------------------+--------------------------------------+-----------------------------+-----------------------------+----------------------------+----------------------------+-----------------------------+-----------------------------+--------------------+--------------------+-------------------------------------+-------------------------------------+----------------------------+----------------------------+---------------------------+---------------------------+
; HEX0[0]       ; 2.5 V        ; 0 s                 ; 0 s                 ; 2.32 V                       ; 6.92e-07 V                   ; 2.35 V              ; -0.00996 V          ; 0.121 V                              ; 0.03 V                               ; 4.64e-10 s                  ; 4.47e-10 s                  ; Yes                        ; Yes                        ; 2.32 V                      ; 6.92e-07 V                  ; 2.35 V             ; -0.00996 V         ; 0.121 V                             ; 0.03 V                              ; 4.64e-10 s                 ; 4.47e-10 s                 ; Yes                       ; Yes                       ;
; HEX0[1]       ; 2.5 V        ; 0 s                 ; 0 s                 ; 2.32 V                       ; 6.92e-07 V                   ; 2.33 V              ; -0.00265 V          ; 0.133 V                              ; 0.056 V                              ; 3.55e-09 s                  ; 3.31e-09 s                  ; Yes                        ; Yes                        ; 2.32 V                      ; 6.92e-07 V                  ; 2.33 V             ; -0.00265 V         ; 0.133 V                             ; 0.056 V                             ; 3.55e-09 s                 ; 3.31e-09 s                 ; Yes                       ; Yes                       ;
; HEX0[2]       ; 2.5 V        ; 0 s                 ; 0 s                 ; 2.32 V                       ; 6.92e-07 V                   ; 2.35 V              ; -0.00996 V          ; 0.121 V                              ; 0.03 V                               ; 4.64e-10 s                  ; 4.47e-10 s                  ; Yes                        ; Yes                        ; 2.32 V                      ; 6.92e-07 V                  ; 2.35 V             ; -0.00996 V         ; 0.121 V                             ; 0.03 V                              ; 4.64e-10 s                 ; 4.47e-10 s                 ; Yes                       ; Yes                       ;
; HEX0[3]       ; 2.5 V        ; 0 s                 ; 0 s                 ; 2.32 V                       ; 4.67e-07 V                   ; 2.36 V              ; -0.00552 V          ; 0.11 V                               ; 0.007 V                              ; 4.54e-10 s                  ; 4.35e-10 s                  ; Yes                        ; Yes                        ; 2.32 V                      ; 4.67e-07 V                  ; 2.36 V             ; -0.00552 V         ; 0.11 V                              ; 0.007 V                             ; 4.54e-10 s                 ; 4.35e-10 s                 ; Yes                       ; Yes                       ;
; HEX0[4]       ; 2.5 V        ; 0 s                 ; 0 s                 ; 2.32 V                       ; 4.67e-07 V                   ; 2.36 V              ; -0.00552 V          ; 0.11 V                               ; 0.007 V                              ; 4.54e-10 s                  ; 4.35e-10 s                  ; Yes                        ; Yes                        ; 2.32 V                      ; 4.67e-07 V                  ; 2.36 V             ; -0.00552 V         ; 0.11 V                              ; 0.007 V                             ; 4.54e-10 s                 ; 4.35e-10 s                 ; Yes                       ; Yes                       ;
; HEX0[5]       ; 2.5 V        ; 0 s                 ; 0 s                 ; 2.32 V                       ; 4.67e-07 V                   ; 2.33 V              ; -0.00269 V          ; 0.13 V                               ; 0.055 V                              ; 3.54e-09 s                  ; 3.29e-09 s                  ; Yes                        ; Yes                        ; 2.32 V                      ; 4.67e-07 V                  ; 2.33 V             ; -0.00269 V         ; 0.13 V                              ; 0.055 V                             ; 3.54e-09 s                 ; 3.29e-09 s                 ; Yes                       ; Yes                       ;
; HEX0[6]       ; 2.5 V        ; 0 s                 ; 0 s                 ; 2.32 V                       ; 4.67e-07 V                   ; 2.36 V              ; -0.00552 V          ; 0.11 V                               ; 0.007 V                              ; 4.54e-10 s                  ; 4.35e-10 s                  ; Yes                        ; Yes                        ; 2.32 V                      ; 4.67e-07 V                  ; 2.36 V             ; -0.00552 V         ; 0.11 V                              ; 0.007 V                             ; 4.54e-10 s                 ; 4.35e-10 s                 ; Yes                       ; Yes                       ;
; HEX1[0]       ; 2.5 V        ; 0 s                 ; 0 s                 ; 2.32 V                       ; 4.67e-07 V                   ; 2.36 V              ; -0.00552 V          ; 0.11 V                               ; 0.007 V                              ; 4.54e-10 s                  ; 4.35e-10 s                  ; Yes                        ; Yes                        ; 2.32 V                      ; 4.67e-07 V                  ; 2.36 V             ; -0.00552 V         ; 0.11 V                              ; 0.007 V                             ; 4.54e-10 s                 ; 4.35e-10 s                 ; Yes                       ; Yes                       ;
; HEX1[1]       ; 2.5 V        ; 0 s                 ; 0 s                 ; 2.32 V                       ; 4.67e-07 V                   ; 2.35 V              ; -0.00942 V          ; 0.116 V                              ; 0.033 V                              ; 6.66e-10 s                  ; 6.27e-10 s                  ; Yes                        ; Yes                        ; 2.32 V                      ; 4.67e-07 V                  ; 2.35 V             ; -0.00942 V         ; 0.116 V                             ; 0.033 V                             ; 6.66e-10 s                 ; 6.27e-10 s                 ; Yes                       ; Yes                       ;
; HEX1[2]       ; 2.5 V        ; 0 s                 ; 0 s                 ; 2.32 V                       ; 4.67e-07 V                   ; 2.35 V              ; -0.00942 V          ; 0.116 V                              ; 0.033 V                              ; 6.66e-10 s                  ; 6.27e-10 s                  ; Yes                        ; Yes                        ; 2.32 V                      ; 4.67e-07 V                  ; 2.35 V             ; -0.00942 V         ; 0.116 V                             ; 0.033 V                             ; 6.66e-10 s                 ; 6.27e-10 s                 ; Yes                       ; Yes                       ;
; HEX1[3]       ; 2.5 V        ; 0 s                 ; 0 s                 ; 2.32 V                       ; 4.67e-07 V                   ; 2.35 V              ; -0.00942 V          ; 0.116 V                              ; 0.033 V                              ; 6.66e-10 s                  ; 6.27e-10 s                  ; Yes                        ; Yes                        ; 2.32 V                      ; 4.67e-07 V                  ; 2.35 V             ; -0.00942 V         ; 0.116 V                             ; 0.033 V                             ; 6.66e-10 s                 ; 6.27e-10 s                 ; Yes                       ; Yes                       ;
; HEX1[4]       ; 2.5 V        ; 0 s                 ; 0 s                 ; 2.32 V                       ; 4.67e-07 V                   ; 2.35 V              ; -0.00942 V          ; 0.116 V                              ; 0.033 V                              ; 6.66e-10 s                  ; 6.27e-10 s                  ; Yes                        ; Yes                        ; 2.32 V                      ; 4.67e-07 V                  ; 2.35 V             ; -0.00942 V         ; 0.116 V                             ; 0.033 V                             ; 6.66e-10 s                 ; 6.27e-10 s                 ; Yes                       ; Yes                       ;
; HEX1[5]       ; 2.5 V        ; 0 s                 ; 0 s                 ; 2.32 V                       ; 4.67e-07 V                   ; 2.33 V              ; -0.00269 V          ; 0.13 V                               ; 0.055 V                              ; 3.54e-09 s                  ; 3.29e-09 s                  ; Yes                        ; Yes                        ; 2.32 V                      ; 4.67e-07 V                  ; 2.33 V             ; -0.00269 V         ; 0.13 V                              ; 0.055 V                             ; 3.54e-09 s                 ; 3.29e-09 s                 ; Yes                       ; Yes                       ;
; HEX1[6]       ; 2.5 V        ; 0 s                 ; 0 s                 ; 2.32 V                       ; 4.67e-07 V                   ; 2.33 V              ; -0.00269 V          ; 0.13 V                               ; 0.055 V                              ; 3.54e-09 s                  ; 3.29e-09 s                  ; Yes                        ; Yes                        ; 2.32 V                      ; 4.67e-07 V                  ; 2.33 V             ; -0.00269 V         ; 0.13 V                              ; 0.055 V                             ; 3.54e-09 s                 ; 3.29e-09 s                 ; Yes                       ; Yes                       ;
; HEX2[0]       ; 2.5 V        ; 0 s                 ; 0 s                 ; 2.32 V                       ; 4.67e-07 V                   ; 2.35 V              ; -0.00942 V          ; 0.116 V                              ; 0.033 V                              ; 6.66e-10 s                  ; 6.27e-10 s                  ; Yes                        ; Yes                        ; 2.32 V                      ; 4.67e-07 V                  ; 2.35 V             ; -0.00942 V         ; 0.116 V                             ; 0.033 V                             ; 6.66e-10 s                 ; 6.27e-10 s                 ; Yes                       ; Yes                       ;
; HEX2[1]       ; 2.5 V        ; 0 s                 ; 0 s                 ; 2.32 V                       ; 4.67e-07 V                   ; 2.35 V              ; -0.00942 V          ; 0.116 V                              ; 0.033 V                              ; 6.66e-10 s                  ; 6.27e-10 s                  ; Yes                        ; Yes                        ; 2.32 V                      ; 4.67e-07 V                  ; 2.35 V             ; -0.00942 V         ; 0.116 V                             ; 0.033 V                             ; 6.66e-10 s                 ; 6.27e-10 s                 ; Yes                       ; Yes                       ;
; HEX2[2]       ; 2.5 V        ; 0 s                 ; 0 s                 ; 2.32 V                       ; 4.67e-07 V                   ; 2.35 V              ; -0.00942 V          ; 0.116 V                              ; 0.033 V                              ; 6.66e-10 s                  ; 6.27e-10 s                  ; Yes                        ; Yes                        ; 2.32 V                      ; 4.67e-07 V                  ; 2.35 V             ; -0.00942 V         ; 0.116 V                             ; 0.033 V                             ; 6.66e-10 s                 ; 6.27e-10 s                 ; Yes                       ; Yes                       ;
; HEX2[3]       ; 2.5 V        ; 0 s                 ; 0 s                 ; 2.32 V                       ; 4.67e-07 V                   ; 2.35 V              ; -0.00942 V          ; 0.116 V                              ; 0.033 V                              ; 6.66e-10 s                  ; 6.27e-10 s                  ; Yes                        ; Yes                        ; 2.32 V                      ; 4.67e-07 V                  ; 2.35 V             ; -0.00942 V         ; 0.116 V                             ; 0.033 V                             ; 6.66e-10 s                 ; 6.27e-10 s                 ; Yes                       ; Yes                       ;
; HEX2[4]       ; 2.5 V        ; 0 s                 ; 0 s                 ; 2.32 V                       ; 4.67e-07 V                   ; 2.35 V              ; -0.00942 V          ; 0.116 V                              ; 0.033 V                              ; 6.66e-10 s                  ; 6.27e-10 s                  ; Yes                        ; Yes                        ; 2.32 V                      ; 4.67e-07 V                  ; 2.35 V             ; -0.00942 V         ; 0.116 V                             ; 0.033 V                             ; 6.66e-10 s                 ; 6.27e-10 s                 ; Yes                       ; Yes                       ;
; HEX2[5]       ; 2.5 V        ; 0 s                 ; 0 s                 ; 2.32 V                       ; 4.67e-07 V                   ; 2.35 V              ; -0.00942 V          ; 0.116 V                              ; 0.033 V                              ; 6.66e-10 s                  ; 6.27e-10 s                  ; Yes                        ; Yes                        ; 2.32 V                      ; 4.67e-07 V                  ; 2.35 V             ; -0.00942 V         ; 0.116 V                             ; 0.033 V                             ; 6.66e-10 s                 ; 6.27e-10 s                 ; Yes                       ; Yes                       ;
; HEX2[6]       ; 2.5 V        ; 0 s                 ; 0 s                 ; 2.32 V                       ; 4.67e-07 V                   ; 2.35 V              ; -0.00942 V          ; 0.116 V                              ; 0.033 V                              ; 6.66e-10 s                  ; 6.27e-10 s                  ; Yes                        ; Yes                        ; 2.32 V                      ; 4.67e-07 V                  ; 2.35 V             ; -0.00942 V         ; 0.116 V                             ; 0.033 V                             ; 6.66e-10 s                 ; 6.27e-10 s                 ; Yes                       ; Yes                       ;
; HEX3[0]       ; 2.5 V        ; 0 s                 ; 0 s                 ; 2.32 V                       ; 4.67e-07 V                   ; 2.35 V              ; -0.00942 V          ; 0.116 V                              ; 0.033 V                              ; 6.66e-10 s                  ; 6.27e-10 s                  ; Yes                        ; Yes                        ; 2.32 V                      ; 4.67e-07 V                  ; 2.35 V             ; -0.00942 V         ; 0.116 V                             ; 0.033 V                             ; 6.66e-10 s                 ; 6.27e-10 s                 ; Yes                       ; Yes                       ;
; HEX3[1]       ; 2.5 V        ; 0 s                 ; 0 s                 ; 2.32 V                       ; 4.67e-07 V                   ; 2.36 V              ; -0.00552 V          ; 0.11 V                               ; 0.007 V                              ; 4.54e-10 s                  ; 4.35e-10 s                  ; Yes                        ; Yes                        ; 2.32 V                      ; 4.67e-07 V                  ; 2.36 V             ; -0.00552 V         ; 0.11 V                              ; 0.007 V                             ; 4.54e-10 s                 ; 4.35e-10 s                 ; Yes                       ; Yes                       ;
; HEX3[2]       ; 2.5 V        ; 0 s                 ; 0 s                 ; 2.32 V                       ; 6.92e-07 V                   ; 2.33 V              ; -0.00265 V          ; 0.133 V                              ; 0.056 V                              ; 3.55e-09 s                  ; 3.31e-09 s                  ; Yes                        ; Yes                        ; 2.32 V                      ; 6.92e-07 V                  ; 2.33 V             ; -0.00265 V         ; 0.133 V                             ; 0.056 V                             ; 3.55e-09 s                 ; 3.31e-09 s                 ; Yes                       ; Yes                       ;
; HEX3[3]       ; 2.5 V        ; 0 s                 ; 0 s                 ; 2.32 V                       ; 6.92e-07 V                   ; 2.35 V              ; -0.00996 V          ; 0.121 V                              ; 0.03 V                               ; 4.64e-10 s                  ; 4.47e-10 s                  ; Yes                        ; Yes                        ; 2.32 V                      ; 6.92e-07 V                  ; 2.35 V             ; -0.00996 V         ; 0.121 V                             ; 0.03 V                              ; 4.64e-10 s                 ; 4.47e-10 s                 ; Yes                       ; Yes                       ;
; HEX3[4]       ; 2.5 V        ; 0 s                 ; 0 s                 ; 2.32 V                       ; 6.92e-07 V                   ; 2.35 V              ; -0.00996 V          ; 0.121 V                              ; 0.03 V                               ; 4.64e-10 s                  ; 4.47e-10 s                  ; Yes                        ; Yes                        ; 2.32 V                      ; 6.92e-07 V                  ; 2.35 V             ; -0.00996 V         ; 0.121 V                             ; 0.03 V                              ; 4.64e-10 s                 ; 4.47e-10 s                 ; Yes                       ; Yes                       ;
; HEX3[5]       ; 2.5 V        ; 0 s                 ; 0 s                 ; 2.32 V                       ; 6.92e-07 V                   ; 2.35 V              ; -0.00996 V          ; 0.121 V                              ; 0.03 V                               ; 4.64e-10 s                  ; 4.47e-10 s                  ; Yes                        ; Yes                        ; 2.32 V                      ; 6.92e-07 V                  ; 2.35 V             ; -0.00996 V         ; 0.121 V                             ; 0.03 V                              ; 4.64e-10 s                 ; 4.47e-10 s                 ; Yes                       ; Yes                       ;
; HEX3[6]       ; 2.5 V        ; 0 s                 ; 0 s                 ; 2.32 V                       ; 6.92e-07 V                   ; 2.35 V              ; -0.00996 V          ; 0.121 V                              ; 0.03 V                               ; 4.64e-10 s                  ; 4.47e-10 s                  ; Yes                        ; Yes                        ; 2.32 V                      ; 6.92e-07 V                  ; 2.35 V             ; -0.00996 V         ; 0.121 V                             ; 0.03 V                              ; 4.64e-10 s                 ; 4.47e-10 s                 ; Yes                       ; Yes                       ;
; HEX4[0]       ; 2.5 V        ; 0 s                 ; 0 s                 ; 2.32 V                       ; 6.92e-07 V                   ; 2.35 V              ; -0.00996 V          ; 0.121 V                              ; 0.03 V                               ; 4.64e-10 s                  ; 4.47e-10 s                  ; Yes                        ; Yes                        ; 2.32 V                      ; 6.92e-07 V                  ; 2.35 V             ; -0.00996 V         ; 0.121 V                             ; 0.03 V                              ; 4.64e-10 s                 ; 4.47e-10 s                 ; Yes                       ; Yes                       ;
; HEX4[1]       ; 2.5 V        ; 0 s                 ; 0 s                 ; 2.32 V                       ; 6.92e-07 V                   ; 2.35 V              ; -0.00996 V          ; 0.121 V                              ; 0.03 V                               ; 4.64e-10 s                  ; 4.47e-10 s                  ; Yes                        ; Yes                        ; 2.32 V                      ; 6.92e-07 V                  ; 2.35 V             ; -0.00996 V         ; 0.121 V                             ; 0.03 V                              ; 4.64e-10 s                 ; 4.47e-10 s                 ; Yes                       ; Yes                       ;
; HEX4[2]       ; 2.5 V        ; 0 s                 ; 0 s                 ; 2.32 V                       ; 6.92e-07 V                   ; 2.35 V              ; -0.00996 V          ; 0.121 V                              ; 0.03 V                               ; 4.64e-10 s                  ; 4.47e-10 s                  ; Yes                        ; Yes                        ; 2.32 V                      ; 6.92e-07 V                  ; 2.35 V             ; -0.00996 V         ; 0.121 V                             ; 0.03 V                              ; 4.64e-10 s                 ; 4.47e-10 s                 ; Yes                       ; Yes                       ;
; HEX4[3]       ; 2.5 V        ; 0 s                 ; 0 s                 ; 2.32 V                       ; 6.92e-07 V                   ; 2.35 V              ; -0.00996 V          ; 0.121 V                              ; 0.03 V                               ; 4.64e-10 s                  ; 4.47e-10 s                  ; Yes                        ; Yes                        ; 2.32 V                      ; 6.92e-07 V                  ; 2.35 V             ; -0.00996 V         ; 0.121 V                             ; 0.03 V                              ; 4.64e-10 s                 ; 4.47e-10 s                 ; Yes                       ; Yes                       ;
; HEX4[4]       ; 2.5 V        ; 0 s                 ; 0 s                 ; 2.32 V                       ; 6.92e-07 V                   ; 2.35 V              ; -0.00996 V          ; 0.121 V                              ; 0.03 V                               ; 4.64e-10 s                  ; 4.47e-10 s                  ; Yes                        ; Yes                        ; 2.32 V                      ; 6.92e-07 V                  ; 2.35 V             ; -0.00996 V         ; 0.121 V                             ; 0.03 V                              ; 4.64e-10 s                 ; 4.47e-10 s                 ; Yes                       ; Yes                       ;
; HEX4[5]       ; 2.5 V        ; 0 s                 ; 0 s                 ; 2.32 V                       ; 6.92e-07 V                   ; 2.35 V              ; -0.00996 V          ; 0.121 V                              ; 0.03 V                               ; 4.64e-10 s                  ; 4.47e-10 s                  ; Yes                        ; Yes                        ; 2.32 V                      ; 6.92e-07 V                  ; 2.35 V             ; -0.00996 V         ; 0.121 V                             ; 0.03 V                              ; 4.64e-10 s                 ; 4.47e-10 s                 ; Yes                       ; Yes                       ;
; HEX4[6]       ; 2.5 V        ; 0 s                 ; 0 s                 ; 2.32 V                       ; 6.92e-07 V                   ; 2.35 V              ; -0.00996 V          ; 0.121 V                              ; 0.03 V                               ; 4.64e-10 s                  ; 4.47e-10 s                  ; Yes                        ; Yes                        ; 2.32 V                      ; 6.92e-07 V                  ; 2.35 V             ; -0.00996 V         ; 0.121 V                             ; 0.03 V                              ; 4.64e-10 s                 ; 4.47e-10 s                 ; Yes                       ; Yes                       ;
; HEX5[0]       ; 2.5 V        ; 0 s                 ; 0 s                 ; 2.32 V                       ; 6.92e-07 V                   ; 2.35 V              ; -0.00996 V          ; 0.121 V                              ; 0.03 V                               ; 4.64e-10 s                  ; 4.47e-10 s                  ; Yes                        ; Yes                        ; 2.32 V                      ; 6.92e-07 V                  ; 2.35 V             ; -0.00996 V         ; 0.121 V                             ; 0.03 V                              ; 4.64e-10 s                 ; 4.47e-10 s                 ; Yes                       ; Yes                       ;
; HEX5[1]       ; 2.5 V        ; 0 s                 ; 0 s                 ; 2.32 V                       ; 6.92e-07 V                   ; 2.33 V              ; -0.00265 V          ; 0.133 V                              ; 0.056 V                              ; 3.55e-09 s                  ; 3.31e-09 s                  ; Yes                        ; Yes                        ; 2.32 V                      ; 6.92e-07 V                  ; 2.33 V             ; -0.00265 V         ; 0.133 V                             ; 0.056 V                             ; 3.55e-09 s                 ; 3.31e-09 s                 ; Yes                       ; Yes                       ;
; HEX5[2]       ; 2.5 V        ; 0 s                 ; 0 s                 ; 2.32 V                       ; 6.92e-07 V                   ; 2.35 V              ; -0.00996 V          ; 0.121 V                              ; 0.03 V                               ; 4.64e-10 s                  ; 4.47e-10 s                  ; Yes                        ; Yes                        ; 2.32 V                      ; 6.92e-07 V                  ; 2.35 V             ; -0.00996 V         ; 0.121 V                             ; 0.03 V                              ; 4.64e-10 s                 ; 4.47e-10 s                 ; Yes                       ; Yes                       ;
; HEX5[3]       ; 2.5 V        ; 0 s                 ; 0 s                 ; 2.32 V                       ; 6.92e-07 V                   ; 2.35 V              ; -0.00996 V          ; 0.121 V                              ; 0.03 V                               ; 4.64e-10 s                  ; 4.47e-10 s                  ; Yes                        ; Yes                        ; 2.32 V                      ; 6.92e-07 V                  ; 2.35 V             ; -0.00996 V         ; 0.121 V                             ; 0.03 V                              ; 4.64e-10 s                 ; 4.47e-10 s                 ; Yes                       ; Yes                       ;
; HEX5[4]       ; 2.5 V        ; 0 s                 ; 0 s                 ; 2.32 V                       ; 6.92e-07 V                   ; 2.35 V              ; -0.00996 V          ; 0.121 V                              ; 0.03 V                               ; 4.64e-10 s                  ; 4.47e-10 s                  ; Yes                        ; Yes                        ; 2.32 V                      ; 6.92e-07 V                  ; 2.35 V             ; -0.00996 V         ; 0.121 V                             ; 0.03 V                              ; 4.64e-10 s                 ; 4.47e-10 s                 ; Yes                       ; Yes                       ;
; HEX5[5]       ; 2.5 V        ; 0 s                 ; 0 s                 ; 2.32 V                       ; 6.92e-07 V                   ; 2.35 V              ; -0.00996 V          ; 0.121 V                              ; 0.03 V                               ; 4.64e-10 s                  ; 4.47e-10 s                  ; Yes                        ; Yes                        ; 2.32 V                      ; 6.92e-07 V                  ; 2.35 V             ; -0.00996 V         ; 0.121 V                             ; 0.03 V                              ; 4.64e-10 s                 ; 4.47e-10 s                 ; Yes                       ; Yes                       ;
; HEX5[6]       ; 2.5 V        ; 0 s                 ; 0 s                 ; 2.32 V                       ; 6.92e-07 V                   ; 2.35 V              ; -0.00996 V          ; 0.121 V                              ; 0.03 V                               ; 4.64e-10 s                  ; 4.47e-10 s                  ; Yes                        ; Yes                        ; 2.32 V                      ; 6.92e-07 V                  ; 2.35 V             ; -0.00996 V         ; 0.121 V                             ; 0.03 V                              ; 4.64e-10 s                 ; 4.47e-10 s                 ; Yes                       ; Yes                       ;
; LEDR[0]       ; 2.5 V        ; 0 s                 ; 0 s                 ; 2.32 V                       ; 4.67e-07 V                   ; 2.35 V              ; -0.00942 V          ; 0.116 V                              ; 0.033 V                              ; 6.66e-10 s                  ; 6.27e-10 s                  ; Yes                        ; Yes                        ; 2.32 V                      ; 4.67e-07 V                  ; 2.35 V             ; -0.00942 V         ; 0.116 V                             ; 0.033 V                             ; 6.66e-10 s                 ; 6.27e-10 s                 ; Yes                       ; Yes                       ;
; LEDR[1]       ; 2.5 V        ; 0 s                 ; 0 s                 ; 2.32 V                       ; 4.67e-07 V                   ; 2.36 V              ; -0.00552 V          ; 0.11 V                               ; 0.007 V                              ; 4.54e-10 s                  ; 4.35e-10 s                  ; Yes                        ; Yes                        ; 2.32 V                      ; 4.67e-07 V                  ; 2.36 V             ; -0.00552 V         ; 0.11 V                              ; 0.007 V                             ; 4.54e-10 s                 ; 4.35e-10 s                 ; Yes                       ; Yes                       ;
; LEDR[2]       ; 2.5 V        ; 0 s                 ; 0 s                 ; 2.32 V                       ; 4.67e-07 V                   ; 2.35 V              ; -0.00942 V          ; 0.116 V                              ; 0.033 V                              ; 6.66e-10 s                  ; 6.27e-10 s                  ; Yes                        ; Yes                        ; 2.32 V                      ; 4.67e-07 V                  ; 2.35 V             ; -0.00942 V         ; 0.116 V                             ; 0.033 V                             ; 6.66e-10 s                 ; 6.27e-10 s                 ; Yes                       ; Yes                       ;
; LEDR[3]       ; 2.5 V        ; 0 s                 ; 0 s                 ; 2.32 V                       ; 4.67e-07 V                   ; 2.35 V              ; -0.00942 V          ; 0.116 V                              ; 0.033 V                              ; 6.66e-10 s                  ; 6.27e-10 s                  ; Yes                        ; Yes                        ; 2.32 V                      ; 4.67e-07 V                  ; 2.35 V             ; -0.00942 V         ; 0.116 V                             ; 0.033 V                             ; 6.66e-10 s                 ; 6.27e-10 s                 ; Yes                       ; Yes                       ;
; LEDR[4]       ; 2.5 V        ; 0 s                 ; 0 s                 ; 2.32 V                       ; 4.67e-07 V                   ; 2.35 V              ; -0.00942 V          ; 0.116 V                              ; 0.033 V                              ; 6.66e-10 s                  ; 6.27e-10 s                  ; Yes                        ; Yes                        ; 2.32 V                      ; 4.67e-07 V                  ; 2.35 V             ; -0.00942 V         ; 0.116 V                             ; 0.033 V                             ; 6.66e-10 s                 ; 6.27e-10 s                 ; Yes                       ; Yes                       ;
; LEDR[5]       ; 2.5 V        ; 0 s                 ; 0 s                 ; 2.32 V                       ; 4.67e-07 V                   ; 2.35 V              ; -0.00942 V          ; 0.116 V                              ; 0.033 V                              ; 6.66e-10 s                  ; 6.27e-10 s                  ; Yes                        ; Yes                        ; 2.32 V                      ; 4.67e-07 V                  ; 2.35 V             ; -0.00942 V         ; 0.116 V                             ; 0.033 V                             ; 6.66e-10 s                 ; 6.27e-10 s                 ; Yes                       ; Yes                       ;
; LEDR[6]       ; 2.5 V        ; 0 s                 ; 0 s                 ; 2.32 V                       ; 4.67e-07 V                   ; 2.36 V              ; -0.00552 V          ; 0.11 V                               ; 0.007 V                              ; 4.54e-10 s                  ; 4.35e-10 s                  ; Yes                        ; Yes                        ; 2.32 V                      ; 4.67e-07 V                  ; 2.36 V             ; -0.00552 V         ; 0.11 V                              ; 0.007 V                             ; 4.54e-10 s                 ; 4.35e-10 s                 ; Yes                       ; Yes                       ;
; LEDR[7]       ; 2.5 V        ; 0 s                 ; 0 s                 ; 2.32 V                       ; 4.67e-07 V                   ; 2.35 V              ; -0.00942 V          ; 0.116 V                              ; 0.033 V                              ; 6.66e-10 s                  ; 6.27e-10 s                  ; Yes                        ; Yes                        ; 2.32 V                      ; 4.67e-07 V                  ; 2.35 V             ; -0.00942 V         ; 0.116 V                             ; 0.033 V                             ; 6.66e-10 s                 ; 6.27e-10 s                 ; Yes                       ; Yes                       ;
; LEDR[8]       ; 2.5 V        ; 0 s                 ; 0 s                 ; 2.32 V                       ; 4.67e-07 V                   ; 2.35 V              ; -0.00942 V          ; 0.116 V                              ; 0.033 V                              ; 6.66e-10 s                  ; 6.27e-10 s                  ; Yes                        ; Yes                        ; 2.32 V                      ; 4.67e-07 V                  ; 2.35 V             ; -0.00942 V         ; 0.116 V                             ; 0.033 V                             ; 6.66e-10 s                 ; 6.27e-10 s                 ; Yes                       ; Yes                       ;
; LEDR[9]       ; 2.5 V        ; 0 s                 ; 0 s                 ; 2.32 V                       ; 6.92e-07 V                   ; 2.35 V              ; -0.00996 V          ; 0.121 V                              ; 0.03 V                               ; 4.64e-10 s                  ; 4.47e-10 s                  ; Yes                        ; Yes                        ; 2.32 V                      ; 6.92e-07 V                  ; 2.35 V             ; -0.00996 V         ; 0.121 V                             ; 0.03 V                              ; 4.64e-10 s                 ; 4.47e-10 s                 ; Yes                       ; Yes                       ;
; LEDR[10]      ; 2.5 V        ; 0 s                 ; 0 s                 ; 2.32 V                       ; 6.92e-07 V                   ; 2.35 V              ; -0.00996 V          ; 0.121 V                              ; 0.03 V                               ; 4.64e-10 s                  ; 4.47e-10 s                  ; Yes                        ; Yes                        ; 2.32 V                      ; 6.92e-07 V                  ; 2.35 V             ; -0.00996 V         ; 0.121 V                             ; 0.03 V                              ; 4.64e-10 s                 ; 4.47e-10 s                 ; Yes                       ; Yes                       ;
; LEDR[11]      ; 2.5 V        ; 0 s                 ; 0 s                 ; 2.32 V                       ; 6.92e-07 V                   ; 2.35 V              ; -0.00996 V          ; 0.121 V                              ; 0.03 V                               ; 4.64e-10 s                  ; 4.47e-10 s                  ; Yes                        ; Yes                        ; 2.32 V                      ; 6.92e-07 V                  ; 2.35 V             ; -0.00996 V         ; 0.121 V                             ; 0.03 V                              ; 4.64e-10 s                 ; 4.47e-10 s                 ; Yes                       ; Yes                       ;
; LEDR[12]      ; 2.5 V        ; 0 s                 ; 0 s                 ; 2.32 V                       ; 4.67e-07 V                   ; 2.36 V              ; -0.00552 V          ; 0.11 V                               ; 0.007 V                              ; 4.54e-10 s                  ; 4.35e-10 s                  ; Yes                        ; Yes                        ; 2.32 V                      ; 4.67e-07 V                  ; 2.36 V             ; -0.00552 V         ; 0.11 V                              ; 0.007 V                             ; 4.54e-10 s                 ; 4.35e-10 s                 ; Yes                       ; Yes                       ;
; LEDR[13]      ; 2.5 V        ; 0 s                 ; 0 s                 ; 2.32 V                       ; 4.67e-07 V                   ; 2.35 V              ; -0.00942 V          ; 0.116 V                              ; 0.033 V                              ; 6.66e-10 s                  ; 6.27e-10 s                  ; Yes                        ; Yes                        ; 2.32 V                      ; 4.67e-07 V                  ; 2.35 V             ; -0.00942 V         ; 0.116 V                             ; 0.033 V                             ; 6.66e-10 s                 ; 6.27e-10 s                 ; Yes                       ; Yes                       ;
; LEDR[14]      ; 2.5 V        ; 0 s                 ; 0 s                 ; 2.32 V                       ; 4.67e-07 V                   ; 2.35 V              ; -0.00942 V          ; 0.116 V                              ; 0.033 V                              ; 6.66e-10 s                  ; 6.27e-10 s                  ; Yes                        ; Yes                        ; 2.32 V                      ; 4.67e-07 V                  ; 2.35 V             ; -0.00942 V         ; 0.116 V                             ; 0.033 V                             ; 6.66e-10 s                 ; 6.27e-10 s                 ; Yes                       ; Yes                       ;
; LEDR[15]      ; 2.5 V        ; 0 s                 ; 0 s                 ; 2.32 V                       ; 4.67e-07 V                   ; 2.35 V              ; -0.00942 V          ; 0.116 V                              ; 0.033 V                              ; 6.66e-10 s                  ; 6.27e-10 s                  ; Yes                        ; Yes                        ; 2.32 V                      ; 4.67e-07 V                  ; 2.35 V             ; -0.00942 V         ; 0.116 V                             ; 0.033 V                             ; 6.66e-10 s                 ; 6.27e-10 s                 ; Yes                       ; Yes                       ;
; LEDR[16]      ; 2.5 V        ; 0 s                 ; 0 s                 ; 2.32 V                       ; 4.67e-07 V                   ; 2.35 V              ; -0.00942 V          ; 0.116 V                              ; 0.033 V                              ; 6.66e-10 s                  ; 6.27e-10 s                  ; Yes                        ; Yes                        ; 2.32 V                      ; 4.67e-07 V                  ; 2.35 V             ; -0.00942 V         ; 0.116 V                             ; 0.033 V                             ; 6.66e-10 s                 ; 6.27e-10 s                 ; Yes                       ; Yes                       ;
; LEDR[17]      ; 2.5 V        ; 0 s                 ; 0 s                 ; 2.32 V                       ; 4.67e-07 V                   ; 2.35 V              ; -0.00942 V          ; 0.116 V                              ; 0.033 V                              ; 6.66e-10 s                  ; 6.27e-10 s                  ; Yes                        ; Yes                        ; 2.32 V                      ; 4.67e-07 V                  ; 2.35 V             ; -0.00942 V         ; 0.116 V                             ; 0.033 V                             ; 6.66e-10 s                 ; 6.27e-10 s                 ; Yes                       ; Yes                       ;
; ~ALTERA_DCLK~ ; 2.5 V        ; 0 s                 ; 0 s                 ; 2.32 V                       ; 3.75e-07 V                   ; 2.35 V              ; -0.0109 V           ; 0.084 V                              ; 0.027 V                              ; 4.31e-10 s                  ; 3.61e-10 s                  ; Yes                        ; Yes                        ; 2.32 V                      ; 3.75e-07 V                  ; 2.35 V             ; -0.0109 V          ; 0.084 V                             ; 0.027 V                             ; 4.31e-10 s                 ; 3.61e-10 s                 ; Yes                       ; Yes                       ;
; ~ALTERA_nCEO~ ; 2.5 V        ; 0 s                 ; 0 s                 ; 2.32 V                       ; 6.15e-07 V                   ; 2.35 V              ; -0.00712 V          ; 0.093 V                              ; 0.02 V                               ; 6.21e-10 s                  ; 7.9e-10 s                   ; Yes                        ; Yes                        ; 2.32 V                      ; 6.15e-07 V                  ; 2.35 V             ; -0.00712 V         ; 0.093 V                             ; 0.02 V                              ; 6.21e-10 s                 ; 7.9e-10 s                  ; Yes                       ; Yes                       ;
+---------------+--------------+---------------------+---------------------+------------------------------+------------------------------+---------------------+---------------------+--------------------------------------+--------------------------------------+-----------------------------+-----------------------------+----------------------------+----------------------------+-----------------------------+-----------------------------+--------------------+--------------------+-------------------------------------+-------------------------------------+----------------------------+----------------------------+---------------------------+---------------------------+


+--------------------------------------------------------------------------------------------------------------------------------------------------------------------------------------------------------------------------------------------------------------------------------------------------------------------------------------------------------------------------------------------------------------------------------------------------------------------------------------------------------------------------------------------------------------------------------------------------------------------------------------------------------------------------------------------+
; Signal Integrity Metrics (Fast 1200mv 0c Model)                                                                                                                                                                                                                                                                                                                                                                                                                                                                                                                                                                                                                                            ;
+---------------+--------------+---------------------+---------------------+------------------------------+------------------------------+---------------------+---------------------+--------------------------------------+--------------------------------------+-----------------------------+-----------------------------+----------------------------+----------------------------+-----------------------------+-----------------------------+--------------------+--------------------+-------------------------------------+-------------------------------------+----------------------------+----------------------------+---------------------------+---------------------------+
; Pin           ; I/O Standard ; Board Delay on Rise ; Board Delay on Fall ; Steady State Voh at FPGA Pin ; Steady State Vol at FPGA Pin ; Voh Max at FPGA Pin ; Vol Min at FPGA Pin ; Ringback Voltage on Rise at FPGA Pin ; Ringback Voltage on Fall at FPGA Pin ; 10-90 Rise Time at FPGA Pin ; 90-10 Fall Time at FPGA Pin ; Monotonic Rise at FPGA Pin ; Monotonic Fall at FPGA Pin ; Steady State Voh at Far-end ; Steady State Vol at Far-end ; Voh Max at Far-end ; Vol Min at Far-end ; Ringback Voltage on Rise at Far-end ; Ringback Voltage on Fall at Far-end ; 10-90 Rise Time at Far-end ; 90-10 Fall Time at Far-end ; Monotonic Rise at Far-end ; Monotonic Fall at Far-end ;
+---------------+--------------+---------------------+---------------------+------------------------------+------------------------------+---------------------+---------------------+--------------------------------------+--------------------------------------+-----------------------------+-----------------------------+----------------------------+----------------------------+-----------------------------+-----------------------------+--------------------+--------------------+-------------------------------------+-------------------------------------+----------------------------+----------------------------+---------------------------+---------------------------+
; HEX0[0]       ; 2.5 V        ; 0 s                 ; 0 s                 ; 2.62 V                       ; 4.05e-08 V                   ; 2.72 V              ; -0.0349 V           ; 0.173 V                              ; 0.1 V                                ; 2.72e-10 s                  ; 2.69e-10 s                  ; Yes                        ; Yes                        ; 2.62 V                      ; 4.05e-08 V                  ; 2.72 V             ; -0.0349 V          ; 0.173 V                             ; 0.1 V                               ; 2.72e-10 s                 ; 2.69e-10 s                 ; Yes                       ; Yes                       ;
; HEX0[1]       ; 2.5 V        ; 0 s                 ; 0 s                 ; 2.62 V                       ; 4.05e-08 V                   ; 2.64 V              ; -0.0113 V           ; 0.208 V                              ; 0.179 V                              ; 2.38e-09 s                  ; 2.23e-09 s                  ; No                         ; Yes                        ; 2.62 V                      ; 4.05e-08 V                  ; 2.64 V             ; -0.0113 V          ; 0.208 V                             ; 0.179 V                             ; 2.38e-09 s                 ; 2.23e-09 s                 ; No                        ; Yes                       ;
; HEX0[2]       ; 2.5 V        ; 0 s                 ; 0 s                 ; 2.62 V                       ; 4.05e-08 V                   ; 2.72 V              ; -0.0349 V           ; 0.173 V                              ; 0.1 V                                ; 2.72e-10 s                  ; 2.69e-10 s                  ; Yes                        ; Yes                        ; 2.62 V                      ; 4.05e-08 V                  ; 2.72 V             ; -0.0349 V          ; 0.173 V                             ; 0.1 V                               ; 2.72e-10 s                 ; 2.69e-10 s                 ; Yes                       ; Yes                       ;
; HEX0[3]       ; 2.5 V        ; 0 s                 ; 0 s                 ; 2.62 V                       ; 2.74e-08 V                   ; 2.73 V              ; -0.0384 V           ; 0.169 V                              ; 0.089 V                              ; 2.7e-10 s                   ; 2.62e-10 s                  ; Yes                        ; Yes                        ; 2.62 V                      ; 2.74e-08 V                  ; 2.73 V             ; -0.0384 V          ; 0.169 V                             ; 0.089 V                             ; 2.7e-10 s                  ; 2.62e-10 s                 ; Yes                       ; Yes                       ;
; HEX0[4]       ; 2.5 V        ; 0 s                 ; 0 s                 ; 2.62 V                       ; 2.74e-08 V                   ; 2.73 V              ; -0.0384 V           ; 0.169 V                              ; 0.089 V                              ; 2.7e-10 s                   ; 2.62e-10 s                  ; Yes                        ; Yes                        ; 2.62 V                      ; 2.74e-08 V                  ; 2.73 V             ; -0.0384 V          ; 0.169 V                             ; 0.089 V                             ; 2.7e-10 s                  ; 2.62e-10 s                 ; Yes                       ; Yes                       ;
; HEX0[5]       ; 2.5 V        ; 0 s                 ; 0 s                 ; 2.62 V                       ; 2.74e-08 V                   ; 2.64 V              ; -0.0117 V           ; 0.202 V                              ; 0.176 V                              ; 2.38e-09 s                  ; 2.22e-09 s                  ; No                         ; Yes                        ; 2.62 V                      ; 2.74e-08 V                  ; 2.64 V             ; -0.0117 V          ; 0.202 V                             ; 0.176 V                             ; 2.38e-09 s                 ; 2.22e-09 s                 ; No                        ; Yes                       ;
; HEX0[6]       ; 2.5 V        ; 0 s                 ; 0 s                 ; 2.62 V                       ; 2.74e-08 V                   ; 2.73 V              ; -0.0384 V           ; 0.169 V                              ; 0.089 V                              ; 2.7e-10 s                   ; 2.62e-10 s                  ; Yes                        ; Yes                        ; 2.62 V                      ; 2.74e-08 V                  ; 2.73 V             ; -0.0384 V          ; 0.169 V                             ; 0.089 V                             ; 2.7e-10 s                  ; 2.62e-10 s                 ; Yes                       ; Yes                       ;
; HEX1[0]       ; 2.5 V        ; 0 s                 ; 0 s                 ; 2.62 V                       ; 2.74e-08 V                   ; 2.73 V              ; -0.0384 V           ; 0.169 V                              ; 0.089 V                              ; 2.7e-10 s                   ; 2.62e-10 s                  ; Yes                        ; Yes                        ; 2.62 V                      ; 2.74e-08 V                  ; 2.73 V             ; -0.0384 V          ; 0.169 V                             ; 0.089 V                             ; 2.7e-10 s                  ; 2.62e-10 s                 ; Yes                       ; Yes                       ;
; HEX1[1]       ; 2.5 V        ; 0 s                 ; 0 s                 ; 2.62 V                       ; 2.74e-08 V                   ; 2.71 V              ; -0.0317 V           ; 0.148 V                              ; 0.064 V                              ; 4.51e-10 s                  ; 4.15e-10 s                  ; No                         ; Yes                        ; 2.62 V                      ; 2.74e-08 V                  ; 2.71 V             ; -0.0317 V          ; 0.148 V                             ; 0.064 V                             ; 4.51e-10 s                 ; 4.15e-10 s                 ; No                        ; Yes                       ;
; HEX1[2]       ; 2.5 V        ; 0 s                 ; 0 s                 ; 2.62 V                       ; 2.74e-08 V                   ; 2.71 V              ; -0.0317 V           ; 0.148 V                              ; 0.064 V                              ; 4.51e-10 s                  ; 4.15e-10 s                  ; No                         ; Yes                        ; 2.62 V                      ; 2.74e-08 V                  ; 2.71 V             ; -0.0317 V          ; 0.148 V                             ; 0.064 V                             ; 4.51e-10 s                 ; 4.15e-10 s                 ; No                        ; Yes                       ;
; HEX1[3]       ; 2.5 V        ; 0 s                 ; 0 s                 ; 2.62 V                       ; 2.74e-08 V                   ; 2.71 V              ; -0.0317 V           ; 0.148 V                              ; 0.064 V                              ; 4.51e-10 s                  ; 4.15e-10 s                  ; No                         ; Yes                        ; 2.62 V                      ; 2.74e-08 V                  ; 2.71 V             ; -0.0317 V          ; 0.148 V                             ; 0.064 V                             ; 4.51e-10 s                 ; 4.15e-10 s                 ; No                        ; Yes                       ;
; HEX1[4]       ; 2.5 V        ; 0 s                 ; 0 s                 ; 2.62 V                       ; 2.74e-08 V                   ; 2.71 V              ; -0.0317 V           ; 0.148 V                              ; 0.064 V                              ; 4.51e-10 s                  ; 4.15e-10 s                  ; No                         ; Yes                        ; 2.62 V                      ; 2.74e-08 V                  ; 2.71 V             ; -0.0317 V          ; 0.148 V                             ; 0.064 V                             ; 4.51e-10 s                 ; 4.15e-10 s                 ; No                        ; Yes                       ;
; HEX1[5]       ; 2.5 V        ; 0 s                 ; 0 s                 ; 2.62 V                       ; 2.74e-08 V                   ; 2.64 V              ; -0.0117 V           ; 0.202 V                              ; 0.176 V                              ; 2.38e-09 s                  ; 2.22e-09 s                  ; No                         ; Yes                        ; 2.62 V                      ; 2.74e-08 V                  ; 2.64 V             ; -0.0117 V          ; 0.202 V                             ; 0.176 V                             ; 2.38e-09 s                 ; 2.22e-09 s                 ; No                        ; Yes                       ;
; HEX1[6]       ; 2.5 V        ; 0 s                 ; 0 s                 ; 2.62 V                       ; 2.74e-08 V                   ; 2.64 V              ; -0.0117 V           ; 0.202 V                              ; 0.176 V                              ; 2.38e-09 s                  ; 2.22e-09 s                  ; No                         ; Yes                        ; 2.62 V                      ; 2.74e-08 V                  ; 2.64 V             ; -0.0117 V          ; 0.202 V                             ; 0.176 V                             ; 2.38e-09 s                 ; 2.22e-09 s                 ; No                        ; Yes                       ;
; HEX2[0]       ; 2.5 V        ; 0 s                 ; 0 s                 ; 2.62 V                       ; 2.74e-08 V                   ; 2.71 V              ; -0.0317 V           ; 0.148 V                              ; 0.064 V                              ; 4.51e-10 s                  ; 4.15e-10 s                  ; No                         ; Yes                        ; 2.62 V                      ; 2.74e-08 V                  ; 2.71 V             ; -0.0317 V          ; 0.148 V                             ; 0.064 V                             ; 4.51e-10 s                 ; 4.15e-10 s                 ; No                        ; Yes                       ;
; HEX2[1]       ; 2.5 V        ; 0 s                 ; 0 s                 ; 2.62 V                       ; 2.74e-08 V                   ; 2.71 V              ; -0.0317 V           ; 0.148 V                              ; 0.064 V                              ; 4.51e-10 s                  ; 4.15e-10 s                  ; No                         ; Yes                        ; 2.62 V                      ; 2.74e-08 V                  ; 2.71 V             ; -0.0317 V          ; 0.148 V                             ; 0.064 V                             ; 4.51e-10 s                 ; 4.15e-10 s                 ; No                        ; Yes                       ;
; HEX2[2]       ; 2.5 V        ; 0 s                 ; 0 s                 ; 2.62 V                       ; 2.74e-08 V                   ; 2.71 V              ; -0.0317 V           ; 0.148 V                              ; 0.064 V                              ; 4.51e-10 s                  ; 4.15e-10 s                  ; No                         ; Yes                        ; 2.62 V                      ; 2.74e-08 V                  ; 2.71 V             ; -0.0317 V          ; 0.148 V                             ; 0.064 V                             ; 4.51e-10 s                 ; 4.15e-10 s                 ; No                        ; Yes                       ;
; HEX2[3]       ; 2.5 V        ; 0 s                 ; 0 s                 ; 2.62 V                       ; 2.74e-08 V                   ; 2.71 V              ; -0.0317 V           ; 0.148 V                              ; 0.064 V                              ; 4.51e-10 s                  ; 4.15e-10 s                  ; No                         ; Yes                        ; 2.62 V                      ; 2.74e-08 V                  ; 2.71 V             ; -0.0317 V          ; 0.148 V                             ; 0.064 V                             ; 4.51e-10 s                 ; 4.15e-10 s                 ; No                        ; Yes                       ;
; HEX2[4]       ; 2.5 V        ; 0 s                 ; 0 s                 ; 2.62 V                       ; 2.74e-08 V                   ; 2.71 V              ; -0.0317 V           ; 0.148 V                              ; 0.064 V                              ; 4.51e-10 s                  ; 4.15e-10 s                  ; No                         ; Yes                        ; 2.62 V                      ; 2.74e-08 V                  ; 2.71 V             ; -0.0317 V          ; 0.148 V                             ; 0.064 V                             ; 4.51e-10 s                 ; 4.15e-10 s                 ; No                        ; Yes                       ;
; HEX2[5]       ; 2.5 V        ; 0 s                 ; 0 s                 ; 2.62 V                       ; 2.74e-08 V                   ; 2.71 V              ; -0.0317 V           ; 0.148 V                              ; 0.064 V                              ; 4.51e-10 s                  ; 4.15e-10 s                  ; No                         ; Yes                        ; 2.62 V                      ; 2.74e-08 V                  ; 2.71 V             ; -0.0317 V          ; 0.148 V                             ; 0.064 V                             ; 4.51e-10 s                 ; 4.15e-10 s                 ; No                        ; Yes                       ;
; HEX2[6]       ; 2.5 V        ; 0 s                 ; 0 s                 ; 2.62 V                       ; 2.74e-08 V                   ; 2.71 V              ; -0.0317 V           ; 0.148 V                              ; 0.064 V                              ; 4.51e-10 s                  ; 4.15e-10 s                  ; No                         ; Yes                        ; 2.62 V                      ; 2.74e-08 V                  ; 2.71 V             ; -0.0317 V          ; 0.148 V                             ; 0.064 V                             ; 4.51e-10 s                 ; 4.15e-10 s                 ; No                        ; Yes                       ;
; HEX3[0]       ; 2.5 V        ; 0 s                 ; 0 s                 ; 2.62 V                       ; 2.74e-08 V                   ; 2.71 V              ; -0.0317 V           ; 0.148 V                              ; 0.064 V                              ; 4.51e-10 s                  ; 4.15e-10 s                  ; No                         ; Yes                        ; 2.62 V                      ; 2.74e-08 V                  ; 2.71 V             ; -0.0317 V          ; 0.148 V                             ; 0.064 V                             ; 4.51e-10 s                 ; 4.15e-10 s                 ; No                        ; Yes                       ;
; HEX3[1]       ; 2.5 V        ; 0 s                 ; 0 s                 ; 2.62 V                       ; 2.74e-08 V                   ; 2.73 V              ; -0.0384 V           ; 0.169 V                              ; 0.089 V                              ; 2.7e-10 s                   ; 2.62e-10 s                  ; Yes                        ; Yes                        ; 2.62 V                      ; 2.74e-08 V                  ; 2.73 V             ; -0.0384 V          ; 0.169 V                             ; 0.089 V                             ; 2.7e-10 s                  ; 2.62e-10 s                 ; Yes                       ; Yes                       ;
; HEX3[2]       ; 2.5 V        ; 0 s                 ; 0 s                 ; 2.62 V                       ; 4.05e-08 V                   ; 2.64 V              ; -0.0113 V           ; 0.208 V                              ; 0.179 V                              ; 2.38e-09 s                  ; 2.23e-09 s                  ; No                         ; Yes                        ; 2.62 V                      ; 4.05e-08 V                  ; 2.64 V             ; -0.0113 V          ; 0.208 V                             ; 0.179 V                             ; 2.38e-09 s                 ; 2.23e-09 s                 ; No                        ; Yes                       ;
; HEX3[3]       ; 2.5 V        ; 0 s                 ; 0 s                 ; 2.62 V                       ; 4.05e-08 V                   ; 2.72 V              ; -0.0349 V           ; 0.173 V                              ; 0.1 V                                ; 2.72e-10 s                  ; 2.69e-10 s                  ; Yes                        ; Yes                        ; 2.62 V                      ; 4.05e-08 V                  ; 2.72 V             ; -0.0349 V          ; 0.173 V                             ; 0.1 V                               ; 2.72e-10 s                 ; 2.69e-10 s                 ; Yes                       ; Yes                       ;
; HEX3[4]       ; 2.5 V        ; 0 s                 ; 0 s                 ; 2.62 V                       ; 4.05e-08 V                   ; 2.72 V              ; -0.0349 V           ; 0.173 V                              ; 0.1 V                                ; 2.72e-10 s                  ; 2.69e-10 s                  ; Yes                        ; Yes                        ; 2.62 V                      ; 4.05e-08 V                  ; 2.72 V             ; -0.0349 V          ; 0.173 V                             ; 0.1 V                               ; 2.72e-10 s                 ; 2.69e-10 s                 ; Yes                       ; Yes                       ;
; HEX3[5]       ; 2.5 V        ; 0 s                 ; 0 s                 ; 2.62 V                       ; 4.05e-08 V                   ; 2.72 V              ; -0.0349 V           ; 0.173 V                              ; 0.1 V                                ; 2.72e-10 s                  ; 2.69e-10 s                  ; Yes                        ; Yes                        ; 2.62 V                      ; 4.05e-08 V                  ; 2.72 V             ; -0.0349 V          ; 0.173 V                             ; 0.1 V                               ; 2.72e-10 s                 ; 2.69e-10 s                 ; Yes                       ; Yes                       ;
; HEX3[6]       ; 2.5 V        ; 0 s                 ; 0 s                 ; 2.62 V                       ; 4.05e-08 V                   ; 2.72 V              ; -0.0349 V           ; 0.173 V                              ; 0.1 V                                ; 2.72e-10 s                  ; 2.69e-10 s                  ; Yes                        ; Yes                        ; 2.62 V                      ; 4.05e-08 V                  ; 2.72 V             ; -0.0349 V          ; 0.173 V                             ; 0.1 V                               ; 2.72e-10 s                 ; 2.69e-10 s                 ; Yes                       ; Yes                       ;
; HEX4[0]       ; 2.5 V        ; 0 s                 ; 0 s                 ; 2.62 V                       ; 4.05e-08 V                   ; 2.72 V              ; -0.0349 V           ; 0.173 V                              ; 0.1 V                                ; 2.72e-10 s                  ; 2.69e-10 s                  ; Yes                        ; Yes                        ; 2.62 V                      ; 4.05e-08 V                  ; 2.72 V             ; -0.0349 V          ; 0.173 V                             ; 0.1 V                               ; 2.72e-10 s                 ; 2.69e-10 s                 ; Yes                       ; Yes                       ;
; HEX4[1]       ; 2.5 V        ; 0 s                 ; 0 s                 ; 2.62 V                       ; 4.05e-08 V                   ; 2.72 V              ; -0.0349 V           ; 0.173 V                              ; 0.1 V                                ; 2.72e-10 s                  ; 2.69e-10 s                  ; Yes                        ; Yes                        ; 2.62 V                      ; 4.05e-08 V                  ; 2.72 V             ; -0.0349 V          ; 0.173 V                             ; 0.1 V                               ; 2.72e-10 s                 ; 2.69e-10 s                 ; Yes                       ; Yes                       ;
; HEX4[2]       ; 2.5 V        ; 0 s                 ; 0 s                 ; 2.62 V                       ; 4.05e-08 V                   ; 2.72 V              ; -0.0349 V           ; 0.173 V                              ; 0.1 V                                ; 2.72e-10 s                  ; 2.69e-10 s                  ; Yes                        ; Yes                        ; 2.62 V                      ; 4.05e-08 V                  ; 2.72 V             ; -0.0349 V          ; 0.173 V                             ; 0.1 V                               ; 2.72e-10 s                 ; 2.69e-10 s                 ; Yes                       ; Yes                       ;
; HEX4[3]       ; 2.5 V        ; 0 s                 ; 0 s                 ; 2.62 V                       ; 4.05e-08 V                   ; 2.72 V              ; -0.0349 V           ; 0.173 V                              ; 0.1 V                                ; 2.72e-10 s                  ; 2.69e-10 s                  ; Yes                        ; Yes                        ; 2.62 V                      ; 4.05e-08 V                  ; 2.72 V             ; -0.0349 V          ; 0.173 V                             ; 0.1 V                               ; 2.72e-10 s                 ; 2.69e-10 s                 ; Yes                       ; Yes                       ;
; HEX4[4]       ; 2.5 V        ; 0 s                 ; 0 s                 ; 2.62 V                       ; 4.05e-08 V                   ; 2.72 V              ; -0.0349 V           ; 0.173 V                              ; 0.1 V                                ; 2.72e-10 s                  ; 2.69e-10 s                  ; Yes                        ; Yes                        ; 2.62 V                      ; 4.05e-08 V                  ; 2.72 V             ; -0.0349 V          ; 0.173 V                             ; 0.1 V                               ; 2.72e-10 s                 ; 2.69e-10 s                 ; Yes                       ; Yes                       ;
; HEX4[5]       ; 2.5 V        ; 0 s                 ; 0 s                 ; 2.62 V                       ; 4.05e-08 V                   ; 2.72 V              ; -0.0349 V           ; 0.173 V                              ; 0.1 V                                ; 2.72e-10 s                  ; 2.69e-10 s                  ; Yes                        ; Yes                        ; 2.62 V                      ; 4.05e-08 V                  ; 2.72 V             ; -0.0349 V          ; 0.173 V                             ; 0.1 V                               ; 2.72e-10 s                 ; 2.69e-10 s                 ; Yes                       ; Yes                       ;
; HEX4[6]       ; 2.5 V        ; 0 s                 ; 0 s                 ; 2.62 V                       ; 4.05e-08 V                   ; 2.72 V              ; -0.0349 V           ; 0.173 V                              ; 0.1 V                                ; 2.72e-10 s                  ; 2.69e-10 s                  ; Yes                        ; Yes                        ; 2.62 V                      ; 4.05e-08 V                  ; 2.72 V             ; -0.0349 V          ; 0.173 V                             ; 0.1 V                               ; 2.72e-10 s                 ; 2.69e-10 s                 ; Yes                       ; Yes                       ;
; HEX5[0]       ; 2.5 V        ; 0 s                 ; 0 s                 ; 2.62 V                       ; 4.05e-08 V                   ; 2.72 V              ; -0.0349 V           ; 0.173 V                              ; 0.1 V                                ; 2.72e-10 s                  ; 2.69e-10 s                  ; Yes                        ; Yes                        ; 2.62 V                      ; 4.05e-08 V                  ; 2.72 V             ; -0.0349 V          ; 0.173 V                             ; 0.1 V                               ; 2.72e-10 s                 ; 2.69e-10 s                 ; Yes                       ; Yes                       ;
; HEX5[1]       ; 2.5 V        ; 0 s                 ; 0 s                 ; 2.62 V                       ; 4.05e-08 V                   ; 2.64 V              ; -0.0113 V           ; 0.208 V                              ; 0.179 V                              ; 2.38e-09 s                  ; 2.23e-09 s                  ; No                         ; Yes                        ; 2.62 V                      ; 4.05e-08 V                  ; 2.64 V             ; -0.0113 V          ; 0.208 V                             ; 0.179 V                             ; 2.38e-09 s                 ; 2.23e-09 s                 ; No                        ; Yes                       ;
; HEX5[2]       ; 2.5 V        ; 0 s                 ; 0 s                 ; 2.62 V                       ; 4.05e-08 V                   ; 2.72 V              ; -0.0349 V           ; 0.173 V                              ; 0.1 V                                ; 2.72e-10 s                  ; 2.69e-10 s                  ; Yes                        ; Yes                        ; 2.62 V                      ; 4.05e-08 V                  ; 2.72 V             ; -0.0349 V          ; 0.173 V                             ; 0.1 V                               ; 2.72e-10 s                 ; 2.69e-10 s                 ; Yes                       ; Yes                       ;
; HEX5[3]       ; 2.5 V        ; 0 s                 ; 0 s                 ; 2.62 V                       ; 4.05e-08 V                   ; 2.72 V              ; -0.0349 V           ; 0.173 V                              ; 0.1 V                                ; 2.72e-10 s                  ; 2.69e-10 s                  ; Yes                        ; Yes                        ; 2.62 V                      ; 4.05e-08 V                  ; 2.72 V             ; -0.0349 V          ; 0.173 V                             ; 0.1 V                               ; 2.72e-10 s                 ; 2.69e-10 s                 ; Yes                       ; Yes                       ;
; HEX5[4]       ; 2.5 V        ; 0 s                 ; 0 s                 ; 2.62 V                       ; 4.05e-08 V                   ; 2.72 V              ; -0.0349 V           ; 0.173 V                              ; 0.1 V                                ; 2.72e-10 s                  ; 2.69e-10 s                  ; Yes                        ; Yes                        ; 2.62 V                      ; 4.05e-08 V                  ; 2.72 V             ; -0.0349 V          ; 0.173 V                             ; 0.1 V                               ; 2.72e-10 s                 ; 2.69e-10 s                 ; Yes                       ; Yes                       ;
; HEX5[5]       ; 2.5 V        ; 0 s                 ; 0 s                 ; 2.62 V                       ; 4.05e-08 V                   ; 2.72 V              ; -0.0349 V           ; 0.173 V                              ; 0.1 V                                ; 2.72e-10 s                  ; 2.69e-10 s                  ; Yes                        ; Yes                        ; 2.62 V                      ; 4.05e-08 V                  ; 2.72 V             ; -0.0349 V          ; 0.173 V                             ; 0.1 V                               ; 2.72e-10 s                 ; 2.69e-10 s                 ; Yes                       ; Yes                       ;
; HEX5[6]       ; 2.5 V        ; 0 s                 ; 0 s                 ; 2.62 V                       ; 4.05e-08 V                   ; 2.72 V              ; -0.0349 V           ; 0.173 V                              ; 0.1 V                                ; 2.72e-10 s                  ; 2.69e-10 s                  ; Yes                        ; Yes                        ; 2.62 V                      ; 4.05e-08 V                  ; 2.72 V             ; -0.0349 V          ; 0.173 V                             ; 0.1 V                               ; 2.72e-10 s                 ; 2.69e-10 s                 ; Yes                       ; Yes                       ;
; LEDR[0]       ; 2.5 V        ; 0 s                 ; 0 s                 ; 2.62 V                       ; 2.74e-08 V                   ; 2.71 V              ; -0.0317 V           ; 0.148 V                              ; 0.064 V                              ; 4.51e-10 s                  ; 4.15e-10 s                  ; No                         ; Yes                        ; 2.62 V                      ; 2.74e-08 V                  ; 2.71 V             ; -0.0317 V          ; 0.148 V                             ; 0.064 V                             ; 4.51e-10 s                 ; 4.15e-10 s                 ; No                        ; Yes                       ;
; LEDR[1]       ; 2.5 V        ; 0 s                 ; 0 s                 ; 2.62 V                       ; 2.74e-08 V                   ; 2.73 V              ; -0.0384 V           ; 0.169 V                              ; 0.089 V                              ; 2.7e-10 s                   ; 2.62e-10 s                  ; Yes                        ; Yes                        ; 2.62 V                      ; 2.74e-08 V                  ; 2.73 V             ; -0.0384 V          ; 0.169 V                             ; 0.089 V                             ; 2.7e-10 s                  ; 2.62e-10 s                 ; Yes                       ; Yes                       ;
; LEDR[2]       ; 2.5 V        ; 0 s                 ; 0 s                 ; 2.62 V                       ; 2.74e-08 V                   ; 2.71 V              ; -0.0317 V           ; 0.148 V                              ; 0.064 V                              ; 4.51e-10 s                  ; 4.15e-10 s                  ; No                         ; Yes                        ; 2.62 V                      ; 2.74e-08 V                  ; 2.71 V             ; -0.0317 V          ; 0.148 V                             ; 0.064 V                             ; 4.51e-10 s                 ; 4.15e-10 s                 ; No                        ; Yes                       ;
; LEDR[3]       ; 2.5 V        ; 0 s                 ; 0 s                 ; 2.62 V                       ; 2.74e-08 V                   ; 2.71 V              ; -0.0317 V           ; 0.148 V                              ; 0.064 V                              ; 4.51e-10 s                  ; 4.15e-10 s                  ; No                         ; Yes                        ; 2.62 V                      ; 2.74e-08 V                  ; 2.71 V             ; -0.0317 V          ; 0.148 V                             ; 0.064 V                             ; 4.51e-10 s                 ; 4.15e-10 s                 ; No                        ; Yes                       ;
; LEDR[4]       ; 2.5 V        ; 0 s                 ; 0 s                 ; 2.62 V                       ; 2.74e-08 V                   ; 2.71 V              ; -0.0317 V           ; 0.148 V                              ; 0.064 V                              ; 4.51e-10 s                  ; 4.15e-10 s                  ; No                         ; Yes                        ; 2.62 V                      ; 2.74e-08 V                  ; 2.71 V             ; -0.0317 V          ; 0.148 V                             ; 0.064 V                             ; 4.51e-10 s                 ; 4.15e-10 s                 ; No                        ; Yes                       ;
; LEDR[5]       ; 2.5 V        ; 0 s                 ; 0 s                 ; 2.62 V                       ; 2.74e-08 V                   ; 2.71 V              ; -0.0317 V           ; 0.148 V                              ; 0.064 V                              ; 4.51e-10 s                  ; 4.15e-10 s                  ; No                         ; Yes                        ; 2.62 V                      ; 2.74e-08 V                  ; 2.71 V             ; -0.0317 V          ; 0.148 V                             ; 0.064 V                             ; 4.51e-10 s                 ; 4.15e-10 s                 ; No                        ; Yes                       ;
; LEDR[6]       ; 2.5 V        ; 0 s                 ; 0 s                 ; 2.62 V                       ; 2.74e-08 V                   ; 2.73 V              ; -0.0384 V           ; 0.169 V                              ; 0.089 V                              ; 2.7e-10 s                   ; 2.62e-10 s                  ; Yes                        ; Yes                        ; 2.62 V                      ; 2.74e-08 V                  ; 2.73 V             ; -0.0384 V          ; 0.169 V                             ; 0.089 V                             ; 2.7e-10 s                  ; 2.62e-10 s                 ; Yes                       ; Yes                       ;
; LEDR[7]       ; 2.5 V        ; 0 s                 ; 0 s                 ; 2.62 V                       ; 2.74e-08 V                   ; 2.71 V              ; -0.0317 V           ; 0.148 V                              ; 0.064 V                              ; 4.51e-10 s                  ; 4.15e-10 s                  ; No                         ; Yes                        ; 2.62 V                      ; 2.74e-08 V                  ; 2.71 V             ; -0.0317 V          ; 0.148 V                             ; 0.064 V                             ; 4.51e-10 s                 ; 4.15e-10 s                 ; No                        ; Yes                       ;
; LEDR[8]       ; 2.5 V        ; 0 s                 ; 0 s                 ; 2.62 V                       ; 2.74e-08 V                   ; 2.71 V              ; -0.0317 V           ; 0.148 V                              ; 0.064 V                              ; 4.51e-10 s                  ; 4.15e-10 s                  ; No                         ; Yes                        ; 2.62 V                      ; 2.74e-08 V                  ; 2.71 V             ; -0.0317 V          ; 0.148 V                             ; 0.064 V                             ; 4.51e-10 s                 ; 4.15e-10 s                 ; No                        ; Yes                       ;
; LEDR[9]       ; 2.5 V        ; 0 s                 ; 0 s                 ; 2.62 V                       ; 4.05e-08 V                   ; 2.72 V              ; -0.0349 V           ; 0.173 V                              ; 0.1 V                                ; 2.72e-10 s                  ; 2.69e-10 s                  ; Yes                        ; Yes                        ; 2.62 V                      ; 4.05e-08 V                  ; 2.72 V             ; -0.0349 V          ; 0.173 V                             ; 0.1 V                               ; 2.72e-10 s                 ; 2.69e-10 s                 ; Yes                       ; Yes                       ;
; LEDR[10]      ; 2.5 V        ; 0 s                 ; 0 s                 ; 2.62 V                       ; 4.05e-08 V                   ; 2.72 V              ; -0.0349 V           ; 0.173 V                              ; 0.1 V                                ; 2.72e-10 s                  ; 2.69e-10 s                  ; Yes                        ; Yes                        ; 2.62 V                      ; 4.05e-08 V                  ; 2.72 V             ; -0.0349 V          ; 0.173 V                             ; 0.1 V                               ; 2.72e-10 s                 ; 2.69e-10 s                 ; Yes                       ; Yes                       ;
; LEDR[11]      ; 2.5 V        ; 0 s                 ; 0 s                 ; 2.62 V                       ; 4.05e-08 V                   ; 2.72 V              ; -0.0349 V           ; 0.173 V                              ; 0.1 V                                ; 2.72e-10 s                  ; 2.69e-10 s                  ; Yes                        ; Yes                        ; 2.62 V                      ; 4.05e-08 V                  ; 2.72 V             ; -0.0349 V          ; 0.173 V                             ; 0.1 V                               ; 2.72e-10 s                 ; 2.69e-10 s                 ; Yes                       ; Yes                       ;
; LEDR[12]      ; 2.5 V        ; 0 s                 ; 0 s                 ; 2.62 V                       ; 2.74e-08 V                   ; 2.73 V              ; -0.0384 V           ; 0.169 V                              ; 0.089 V                              ; 2.7e-10 s                   ; 2.62e-10 s                  ; Yes                        ; Yes                        ; 2.62 V                      ; 2.74e-08 V                  ; 2.73 V             ; -0.0384 V          ; 0.169 V                             ; 0.089 V                             ; 2.7e-10 s                  ; 2.62e-10 s                 ; Yes                       ; Yes                       ;
; LEDR[13]      ; 2.5 V        ; 0 s                 ; 0 s                 ; 2.62 V                       ; 2.74e-08 V                   ; 2.71 V              ; -0.0317 V           ; 0.148 V                              ; 0.064 V                              ; 4.51e-10 s                  ; 4.15e-10 s                  ; No                         ; Yes                        ; 2.62 V                      ; 2.74e-08 V                  ; 2.71 V             ; -0.0317 V          ; 0.148 V                             ; 0.064 V                             ; 4.51e-10 s                 ; 4.15e-10 s                 ; No                        ; Yes                       ;
; LEDR[14]      ; 2.5 V        ; 0 s                 ; 0 s                 ; 2.62 V                       ; 2.74e-08 V                   ; 2.71 V              ; -0.0317 V           ; 0.148 V                              ; 0.064 V                              ; 4.51e-10 s                  ; 4.15e-10 s                  ; No                         ; Yes                        ; 2.62 V                      ; 2.74e-08 V                  ; 2.71 V             ; -0.0317 V          ; 0.148 V                             ; 0.064 V                             ; 4.51e-10 s                 ; 4.15e-10 s                 ; No                        ; Yes                       ;
; LEDR[15]      ; 2.5 V        ; 0 s                 ; 0 s                 ; 2.62 V                       ; 2.74e-08 V                   ; 2.71 V              ; -0.0317 V           ; 0.148 V                              ; 0.064 V                              ; 4.51e-10 s                  ; 4.15e-10 s                  ; No                         ; Yes                        ; 2.62 V                      ; 2.74e-08 V                  ; 2.71 V             ; -0.0317 V          ; 0.148 V                             ; 0.064 V                             ; 4.51e-10 s                 ; 4.15e-10 s                 ; No                        ; Yes                       ;
; LEDR[16]      ; 2.5 V        ; 0 s                 ; 0 s                 ; 2.62 V                       ; 2.74e-08 V                   ; 2.71 V              ; -0.0317 V           ; 0.148 V                              ; 0.064 V                              ; 4.51e-10 s                  ; 4.15e-10 s                  ; No                         ; Yes                        ; 2.62 V                      ; 2.74e-08 V                  ; 2.71 V             ; -0.0317 V          ; 0.148 V                             ; 0.064 V                             ; 4.51e-10 s                 ; 4.15e-10 s                 ; No                        ; Yes                       ;
; LEDR[17]      ; 2.5 V        ; 0 s                 ; 0 s                 ; 2.62 V                       ; 2.74e-08 V                   ; 2.71 V              ; -0.0317 V           ; 0.148 V                              ; 0.064 V                              ; 4.51e-10 s                  ; 4.15e-10 s                  ; No                         ; Yes                        ; 2.62 V                      ; 2.74e-08 V                  ; 2.71 V             ; -0.0317 V          ; 0.148 V                             ; 0.064 V                             ; 4.51e-10 s                 ; 4.15e-10 s                 ; No                        ; Yes                       ;
; ~ALTERA_DCLK~ ; 2.5 V        ; 0 s                 ; 0 s                 ; 2.62 V                       ; 2.22e-08 V                   ; 2.74 V              ; -0.06 V             ; 0.158 V                              ; 0.08 V                               ; 2.68e-10 s                  ; 2.19e-10 s                  ; Yes                        ; Yes                        ; 2.62 V                      ; 2.22e-08 V                  ; 2.74 V             ; -0.06 V            ; 0.158 V                             ; 0.08 V                              ; 2.68e-10 s                 ; 2.19e-10 s                 ; Yes                       ; Yes                       ;
; ~ALTERA_nCEO~ ; 2.5 V        ; 0 s                 ; 0 s                 ; 2.62 V                       ; 3.54e-08 V                   ; 2.7 V               ; -0.00943 V          ; 0.276 V                              ; 0.035 V                              ; 3.19e-10 s                  ; 4.99e-10 s                  ; No                         ; Yes                        ; 2.62 V                      ; 3.54e-08 V                  ; 2.7 V              ; -0.00943 V         ; 0.276 V                             ; 0.035 V                             ; 3.19e-10 s                 ; 4.99e-10 s                 ; No                        ; Yes                       ;
+---------------+--------------+---------------------+---------------------+------------------------------+------------------------------+---------------------+---------------------+--------------------------------------+--------------------------------------+-----------------------------+-----------------------------+----------------------------+----------------------------+-----------------------------+-----------------------------+--------------------+--------------------+-------------------------------------+-------------------------------------+----------------------------+----------------------------+---------------------------+---------------------------+


+-----------------------------------------------------------------------+
; Setup Transfers                                                       ;
+------------+----------+--------------+----------+----------+----------+
; From Clock ; To Clock ; RR Paths     ; FR Paths ; RF Paths ; FF Paths ;
+------------+----------+--------------+----------+----------+----------+
; CLOCK_50   ; CLOCK_50 ; > 2147483647 ; 0        ; 0        ; 0        ;
+------------+----------+--------------+----------+----------+----------+
Entries labeled "false path" only account for clock-to-clock false paths and not path-based false paths. As a result, actual path counts may be lower than reported.


+-----------------------------------------------------------------------+
; Hold Transfers                                                        ;
+------------+----------+--------------+----------+----------+----------+
; From Clock ; To Clock ; RR Paths     ; FR Paths ; RF Paths ; FF Paths ;
+------------+----------+--------------+----------+----------+----------+
; CLOCK_50   ; CLOCK_50 ; > 2147483647 ; 0        ; 0        ; 0        ;
+------------+----------+--------------+----------+----------+----------+
Entries labeled "false path" only account for clock-to-clock false paths and not path-based false paths. As a result, actual path counts may be lower than reported.


---------------
; Report TCCS ;
---------------
No dedicated SERDES Transmitter circuitry present in device or used in design


---------------
; Report RSKM ;
---------------
No non-DPA dedicated SERDES Receiver circuitry present in device or used in design


+-------------------------------------------------+
; Unconstrained Paths Summary                     ;
+---------------------------------+-------+-------+
; Property                        ; Setup ; Hold  ;
+---------------------------------+-------+-------+
; Illegal Clocks                  ; 0     ; 0     ;
; Unconstrained Clocks            ; 0     ; 0     ;
; Unconstrained Input Ports       ; 1     ; 1     ;
; Unconstrained Input Port Paths  ; 1024  ; 1024  ;
; Unconstrained Output Ports      ; 60    ; 60    ;
; Unconstrained Output Port Paths ; 18096 ; 18096 ;
+---------------------------------+-------+-------+


+------------------------------------------+
; Clock Status Summary                     ;
+----------+----------+------+-------------+
; Target   ; Clock    ; Type ; Status      ;
+----------+----------+------+-------------+
; CLOCK_50 ; CLOCK_50 ; Base ; Constrained ;
+----------+----------+------+-------------+


+---------------------------------------------------------------------------------------------------+
; Unconstrained Input Ports                                                                         ;
+------------+--------------------------------------------------------------------------------------+
; Input Port ; Comment                                                                              ;
+------------+--------------------------------------------------------------------------------------+
; KEY[0]     ; No input delay, min/max delays, false-path exceptions, or max skew assignments found ;
+------------+--------------------------------------------------------------------------------------+


+-----------------------------------------------------------------------------------------------------+
; Unconstrained Output Ports                                                                          ;
+-------------+---------------------------------------------------------------------------------------+
; Output Port ; Comment                                                                               ;
+-------------+---------------------------------------------------------------------------------------+
; HEX0[0]     ; No output delay, min/max delays, false-path exceptions, or max skew assignments found ;
; HEX0[1]     ; No output delay, min/max delays, false-path exceptions, or max skew assignments found ;
; HEX0[2]     ; No output delay, min/max delays, false-path exceptions, or max skew assignments found ;
; HEX0[3]     ; No output delay, min/max delays, false-path exceptions, or max skew assignments found ;
; HEX0[4]     ; No output delay, min/max delays, false-path exceptions, or max skew assignments found ;
; HEX0[5]     ; No output delay, min/max delays, false-path exceptions, or max skew assignments found ;
; HEX0[6]     ; No output delay, min/max delays, false-path exceptions, or max skew assignments found ;
; HEX1[0]     ; No output delay, min/max delays, false-path exceptions, or max skew assignments found ;
; HEX1[1]     ; No output delay, min/max delays, false-path exceptions, or max skew assignments found ;
; HEX1[2]     ; No output delay, min/max delays, false-path exceptions, or max skew assignments found ;
; HEX1[3]     ; No output delay, min/max delays, false-path exceptions, or max skew assignments found ;
; HEX1[4]     ; No output delay, min/max delays, false-path exceptions, or max skew assignments found ;
; HEX1[5]     ; No output delay, min/max delays, false-path exceptions, or max skew assignments found ;
; HEX1[6]     ; No output delay, min/max delays, false-path exceptions, or max skew assignments found ;
; HEX2[0]     ; No output delay, min/max delays, false-path exceptions, or max skew assignments found ;
; HEX2[1]     ; No output delay, min/max delays, false-path exceptions, or max skew assignments found ;
; HEX2[2]     ; No output delay, min/max delays, false-path exceptions, or max skew assignments found ;
; HEX2[3]     ; No output delay, min/max delays, false-path exceptions, or max skew assignments found ;
; HEX2[4]     ; No output delay, min/max delays, false-path exceptions, or max skew assignments found ;
; HEX2[5]     ; No output delay, min/max delays, false-path exceptions, or max skew assignments found ;
; HEX2[6]     ; No output delay, min/max delays, false-path exceptions, or max skew assignments found ;
; HEX3[0]     ; No output delay, min/max delays, false-path exceptions, or max skew assignments found ;
; HEX3[1]     ; No output delay, min/max delays, false-path exceptions, or max skew assignments found ;
; HEX3[2]     ; No output delay, min/max delays, false-path exceptions, or max skew assignments found ;
; HEX3[3]     ; No output delay, min/max delays, false-path exceptions, or max skew assignments found ;
; HEX3[4]     ; No output delay, min/max delays, false-path exceptions, or max skew assignments found ;
; HEX3[5]     ; No output delay, min/max delays, false-path exceptions, or max skew assignments found ;
; HEX3[6]     ; No output delay, min/max delays, false-path exceptions, or max skew assignments found ;
; HEX4[0]     ; No output delay, min/max delays, false-path exceptions, or max skew assignments found ;
; HEX4[1]     ; No output delay, min/max delays, false-path exceptions, or max skew assignments found ;
; HEX4[2]     ; No output delay, min/max delays, false-path exceptions, or max skew assignments found ;
; HEX4[3]     ; No output delay, min/max delays, false-path exceptions, or max skew assignments found ;
; HEX4[4]     ; No output delay, min/max delays, false-path exceptions, or max skew assignments found ;
; HEX4[5]     ; No output delay, min/max delays, false-path exceptions, or max skew assignments found ;
; HEX4[6]     ; No output delay, min/max delays, false-path exceptions, or max skew assignments found ;
; HEX5[0]     ; No output delay, min/max delays, false-path exceptions, or max skew assignments found ;
; HEX5[1]     ; No output delay, min/max delays, false-path exceptions, or max skew assignments found ;
; HEX5[2]     ; No output delay, min/max delays, false-path exceptions, or max skew assignments found ;
; HEX5[3]     ; No output delay, min/max delays, false-path exceptions, or max skew assignments found ;
; HEX5[4]     ; No output delay, min/max delays, false-path exceptions, or max skew assignments found ;
; HEX5[5]     ; No output delay, min/max delays, false-path exceptions, or max skew assignments found ;
; HEX5[6]     ; No output delay, min/max delays, false-path exceptions, or max skew assignments found ;
; LEDR[0]     ; No output delay, min/max delays, false-path exceptions, or max skew assignments found ;
; LEDR[1]     ; No output delay, min/max delays, false-path exceptions, or max skew assignments found ;
; LEDR[2]     ; No output delay, min/max delays, false-path exceptions, or max skew assignments found ;
; LEDR[3]     ; No output delay, min/max delays, false-path exceptions, or max skew assignments found ;
; LEDR[4]     ; No output delay, min/max delays, false-path exceptions, or max skew assignments found ;
; LEDR[5]     ; No output delay, min/max delays, false-path exceptions, or max skew assignments found ;
; LEDR[6]     ; No output delay, min/max delays, false-path exceptions, or max skew assignments found ;
; LEDR[7]     ; No output delay, min/max delays, false-path exceptions, or max skew assignments found ;
; LEDR[8]     ; No output delay, min/max delays, false-path exceptions, or max skew assignments found ;
; LEDR[9]     ; No output delay, min/max delays, false-path exceptions, or max skew assignments found ;
; LEDR[10]    ; No output delay, min/max delays, false-path exceptions, or max skew assignments found ;
; LEDR[11]    ; No output delay, min/max delays, false-path exceptions, or max skew assignments found ;
; LEDR[12]    ; No output delay, min/max delays, false-path exceptions, or max skew assignments found ;
; LEDR[13]    ; No output delay, min/max delays, false-path exceptions, or max skew assignments found ;
; LEDR[14]    ; No output delay, min/max delays, false-path exceptions, or max skew assignments found ;
; LEDR[15]    ; No output delay, min/max delays, false-path exceptions, or max skew assignments found ;
; LEDR[16]    ; No output delay, min/max delays, false-path exceptions, or max skew assignments found ;
; LEDR[17]    ; No output delay, min/max delays, false-path exceptions, or max skew assignments found ;
+-------------+---------------------------------------------------------------------------------------+


+---------------------------------------------------------------------------------------------------+
; Unconstrained Input Ports                                                                         ;
+------------+--------------------------------------------------------------------------------------+
; Input Port ; Comment                                                                              ;
+------------+--------------------------------------------------------------------------------------+
; KEY[0]     ; No input delay, min/max delays, false-path exceptions, or max skew assignments found ;
+------------+--------------------------------------------------------------------------------------+


+-----------------------------------------------------------------------------------------------------+
; Unconstrained Output Ports                                                                          ;
+-------------+---------------------------------------------------------------------------------------+
; Output Port ; Comment                                                                               ;
+-------------+---------------------------------------------------------------------------------------+
; HEX0[0]     ; No output delay, min/max delays, false-path exceptions, or max skew assignments found ;
; HEX0[1]     ; No output delay, min/max delays, false-path exceptions, or max skew assignments found ;
; HEX0[2]     ; No output delay, min/max delays, false-path exceptions, or max skew assignments found ;
; HEX0[3]     ; No output delay, min/max delays, false-path exceptions, or max skew assignments found ;
; HEX0[4]     ; No output delay, min/max delays, false-path exceptions, or max skew assignments found ;
; HEX0[5]     ; No output delay, min/max delays, false-path exceptions, or max skew assignments found ;
; HEX0[6]     ; No output delay, min/max delays, false-path exceptions, or max skew assignments found ;
; HEX1[0]     ; No output delay, min/max delays, false-path exceptions, or max skew assignments found ;
; HEX1[1]     ; No output delay, min/max delays, false-path exceptions, or max skew assignments found ;
; HEX1[2]     ; No output delay, min/max delays, false-path exceptions, or max skew assignments found ;
; HEX1[3]     ; No output delay, min/max delays, false-path exceptions, or max skew assignments found ;
; HEX1[4]     ; No output delay, min/max delays, false-path exceptions, or max skew assignments found ;
; HEX1[5]     ; No output delay, min/max delays, false-path exceptions, or max skew assignments found ;
; HEX1[6]     ; No output delay, min/max delays, false-path exceptions, or max skew assignments found ;
; HEX2[0]     ; No output delay, min/max delays, false-path exceptions, or max skew assignments found ;
; HEX2[1]     ; No output delay, min/max delays, false-path exceptions, or max skew assignments found ;
; HEX2[2]     ; No output delay, min/max delays, false-path exceptions, or max skew assignments found ;
; HEX2[3]     ; No output delay, min/max delays, false-path exceptions, or max skew assignments found ;
; HEX2[4]     ; No output delay, min/max delays, false-path exceptions, or max skew assignments found ;
; HEX2[5]     ; No output delay, min/max delays, false-path exceptions, or max skew assignments found ;
; HEX2[6]     ; No output delay, min/max delays, false-path exceptions, or max skew assignments found ;
; HEX3[0]     ; No output delay, min/max delays, false-path exceptions, or max skew assignments found ;
; HEX3[1]     ; No output delay, min/max delays, false-path exceptions, or max skew assignments found ;
; HEX3[2]     ; No output delay, min/max delays, false-path exceptions, or max skew assignments found ;
; HEX3[3]     ; No output delay, min/max delays, false-path exceptions, or max skew assignments found ;
; HEX3[4]     ; No output delay, min/max delays, false-path exceptions, or max skew assignments found ;
; HEX3[5]     ; No output delay, min/max delays, false-path exceptions, or max skew assignments found ;
; HEX3[6]     ; No output delay, min/max delays, false-path exceptions, or max skew assignments found ;
; HEX4[0]     ; No output delay, min/max delays, false-path exceptions, or max skew assignments found ;
; HEX4[1]     ; No output delay, min/max delays, false-path exceptions, or max skew assignments found ;
; HEX4[2]     ; No output delay, min/max delays, false-path exceptions, or max skew assignments found ;
; HEX4[3]     ; No output delay, min/max delays, false-path exceptions, or max skew assignments found ;
; HEX4[4]     ; No output delay, min/max delays, false-path exceptions, or max skew assignments found ;
; HEX4[5]     ; No output delay, min/max delays, false-path exceptions, or max skew assignments found ;
; HEX4[6]     ; No output delay, min/max delays, false-path exceptions, or max skew assignments found ;
; HEX5[0]     ; No output delay, min/max delays, false-path exceptions, or max skew assignments found ;
; HEX5[1]     ; No output delay, min/max delays, false-path exceptions, or max skew assignments found ;
; HEX5[2]     ; No output delay, min/max delays, false-path exceptions, or max skew assignments found ;
; HEX5[3]     ; No output delay, min/max delays, false-path exceptions, or max skew assignments found ;
; HEX5[4]     ; No output delay, min/max delays, false-path exceptions, or max skew assignments found ;
; HEX5[5]     ; No output delay, min/max delays, false-path exceptions, or max skew assignments found ;
; HEX5[6]     ; No output delay, min/max delays, false-path exceptions, or max skew assignments found ;
; LEDR[0]     ; No output delay, min/max delays, false-path exceptions, or max skew assignments found ;
; LEDR[1]     ; No output delay, min/max delays, false-path exceptions, or max skew assignments found ;
; LEDR[2]     ; No output delay, min/max delays, false-path exceptions, or max skew assignments found ;
; LEDR[3]     ; No output delay, min/max delays, false-path exceptions, or max skew assignments found ;
; LEDR[4]     ; No output delay, min/max delays, false-path exceptions, or max skew assignments found ;
; LEDR[5]     ; No output delay, min/max delays, false-path exceptions, or max skew assignments found ;
; LEDR[6]     ; No output delay, min/max delays, false-path exceptions, or max skew assignments found ;
; LEDR[7]     ; No output delay, min/max delays, false-path exceptions, or max skew assignments found ;
; LEDR[8]     ; No output delay, min/max delays, false-path exceptions, or max skew assignments found ;
; LEDR[9]     ; No output delay, min/max delays, false-path exceptions, or max skew assignments found ;
; LEDR[10]    ; No output delay, min/max delays, false-path exceptions, or max skew assignments found ;
; LEDR[11]    ; No output delay, min/max delays, false-path exceptions, or max skew assignments found ;
; LEDR[12]    ; No output delay, min/max delays, false-path exceptions, or max skew assignments found ;
; LEDR[13]    ; No output delay, min/max delays, false-path exceptions, or max skew assignments found ;
; LEDR[14]    ; No output delay, min/max delays, false-path exceptions, or max skew assignments found ;
; LEDR[15]    ; No output delay, min/max delays, false-path exceptions, or max skew assignments found ;
; LEDR[16]    ; No output delay, min/max delays, false-path exceptions, or max skew assignments found ;
; LEDR[17]    ; No output delay, min/max delays, false-path exceptions, or max skew assignments found ;
+-------------+---------------------------------------------------------------------------------------+


+------------------------------------+
; TimeQuest Timing Analyzer Messages ;
+------------------------------------+
Info: *******************************************************************
Info: Running Quartus Prime TimeQuest Timing Analyzer
    Info: Version 17.1.0 Build 590 10/25/2017 SJ Lite Edition
    Info: Processing started: Mon Jul 28 22:18:32 2025
Info: Command: quartus_sta Processador_GUI_MIPS -c Processador_GUI_MIPS
Info: qsta_default_script.tcl version: #3
Warning (18236): Number of processors has not been specified which may cause overloading on shared machines.  Set the global assignment NUM_PARALLEL_PROCESSORS in your QSF to an appropriate value for best performance.
Info (20030): Parallel compilation is enabled and will use 6 of the 6 processors detected
Info (21077): Low junction temperature is 0 degrees C
Info (21077): High junction temperature is 85 degrees C
Critical Warning (332012): Synopsys Design Constraints File file not found: 'Processador_GUI_MIPS.sdc'. A Synopsys Design Constraints File is required by the TimeQuest Timing Analyzer to get proper timing constraints. Without it, the Compiler will not properly optimize the design.
Info (332142): No user constrained base clocks found in the design. Calling "derive_clocks -period 1.0"
Info (332105): Deriving Clocks
    Info (332105): create_clock -period 1.000 -name CLOCK_50 CLOCK_50
Info (332143): No user constrained clock uncertainty found in the design. Calling "derive_clock_uncertainty"
Info (332123): Deriving Clock Uncertainty. Please refer to report_sdc in TimeQuest to see clock uncertainties.
Info: Found TIMEQUEST_REPORT_SCRIPT_INCLUDE_DEFAULT_ANALYSIS = ON
Info: Analyzing Slow 1200mV 85C Model
Critical Warning (332148): Timing requirements not met
    Info (11105): For recommendations on closing timing, run Report Timing Closure Recommendations in the TimeQuest Timing Analyzer.
Info (332146): Worst-case setup slack is -139.525
    Info (332119):     Slack       End Point TNS Clock 
    Info (332119): ========= =================== =====================
    Info (332119):  -139.525        -4428253.982 CLOCK_50 
Info (332146): Worst-case hold slack is 0.878
    Info (332119):     Slack       End Point TNS Clock 
    Info (332119): ========= =================== =====================
    Info (332119):     0.878               0.000 CLOCK_50 
Info (332140): No Recovery paths to report
Info (332140): No Removal paths to report
Info (332146): Worst-case minimum pulse width slack is -3.000
    Info (332119):     Slack       End Point TNS Clock 
    Info (332119): ========= =================== =====================
    Info (332119):    -3.000          -43436.492 CLOCK_50 
Info: Analyzing Slow 1200mV 0C Model
Info (334003): Started post-fitting delay annotation
Info (334004): Delay annotation completed successfully
Info (332123): Deriving Clock Uncertainty. Please refer to report_sdc in TimeQuest to see clock uncertainties.
Critical Warning (332148): Timing requirements not met
    Info (11105): For recommendations on closing timing, run Report Timing Closure Recommendations in the TimeQuest Timing Analyzer.
Info (332146): Worst-case setup slack is -126.570
    Info (332119):     Slack       End Point TNS Clock 
    Info (332119): ========= =================== =====================
    Info (332119):  -126.570        -4009923.448 CLOCK_50 
Info (332146): Worst-case hold slack is 0.803
    Info (332119):     Slack       End Point TNS Clock 
    Info (332119): ========= =================== =====================
    Info (332119):     0.803               0.000 CLOCK_50 
Info (332140): No Recovery paths to report
Info (332140): No Removal paths to report
Info (332146): Worst-case minimum pulse width slack is -3.000
    Info (332119):     Slack       End Point TNS Clock 
    Info (332119): ========= =================== =====================
    Info (332119):    -3.000          -43436.316 CLOCK_50 
Info: Analyzing Fast 1200mV 0C Model
Info (332123): Deriving Clock Uncertainty. Please refer to report_sdc in TimeQuest to see clock uncertainties.
Critical Warning (332148): Timing requirements not met
    Info (11105): For recommendations on closing timing, run Report Timing Closure Recommendations in the TimeQuest Timing Analyzer.
Info (332146): Worst-case setup slack is -69.316
    Info (332119):     Slack       End Point TNS Clock 
    Info (332119): ========= =================== =====================
    Info (332119):   -69.316        -2190373.830 CLOCK_50 
Info (332146): Worst-case hold slack is 0.393
    Info (332119):     Slack       End Point TNS Clock 
    Info (332119): ========= =================== =====================
    Info (332119):     0.393               0.000 CLOCK_50 
Info (332140): No Recovery paths to report
Info (332140): No Removal paths to report
Info (332146): Worst-case minimum pulse width slack is -3.000
    Info (332119):     Slack       End Point TNS Clock 
    Info (332119): ========= =================== =====================
    Info (332119):    -3.000          -36406.167 CLOCK_50 
Info (332102): Design is not fully constrained for setup requirements
Info (332102): Design is not fully constrained for hold requirements
Info: Quartus Prime TimeQuest Timing Analyzer was successful. 0 errors, 5 warnings
    Info: Peak virtual memory: 5415 megabytes
    Info: Processing ended: Mon Jul 28 22:23:37 2025
    Info: Elapsed time: 00:05:05
    Info: Total CPU time (on all processors): 00:04:36


