Fitter report for Processador_GUI_MIPS
Mon Jul 28 22:18:06 2025
Quartus Prime Version 17.1.0 Build 590 10/25/2017 SJ Lite Edition


---------------------
; Table of Contents ;
---------------------
  1. Legal Notice
  2. Fitter Summary
  3. Fitter Settings
  4. Parallel Compilation
  5. Ignored Assignments
  6. Incremental Compilation Preservation Summary
  7. Incremental Compilation Partition Settings
  8. Incremental Compilation Placement Preservation
  9. Pin-Out File
 10. Fitter Resource Usage Summary
 11. Fitter Partition Statistics
 12. Input Pins
 13. Output Pins
 14. Dual Purpose and Dedicated Pins
 15. I/O Bank Usage
 16. All Package Pins
 17. I/O Assignment Warnings
 18. Fitter Resource Utilization by Entity
 19. Delay Chain Summary
 20. Pad To Core Delay Chain Fanout
 21. Control Signals
 22. Global & Other Fast Signals
 23. Non-Global High Fan-Out Signals
 24. Fitter RAM Summary
 25. |Processador_GUI_MIPS|single_port_rom:ROM|altsyncram:rom_rtl_0|altsyncram_ec91:auto_generated|ALTSYNCRAM
 26. Fitter DSP Block Usage Summary
 27. DSP Block Details
 28. Routing Usage Summary
 29. LAB Logic Elements
 30. LAB-wide Signals
 31. LAB Signals Sourced
 32. LAB Signals Sourced Out
 33. LAB Distinct Inputs
 34. I/O Rules Summary
 35. I/O Rules Details
 36. I/O Rules Matrix
 37. Fitter Device Options
 38. Operating Settings and Conditions
 39. Fitter Messages
 40. Fitter Suppressed Messages



----------------
; Legal Notice ;
----------------
Copyright (C) 2017  Intel Corporation. All rights reserved.
Your use of Intel Corporation's design tools, logic functions 
and other software and tools, and its AMPP partner logic 
functions, and any output files from any of the foregoing 
(including device programming or simulation files), and any 
associated documentation or information are expressly subject 
to the terms and conditions of the Intel Program License 
Subscription Agreement, the Intel Quartus Prime License Agreement,
the Intel FPGA IP License Agreement, or other applicable license
agreement, including, without limitation, that your use is for
the sole purpose of programming logic devices manufactured by
Intel and sold by Intel or its authorized distributors.  Please
refer to the applicable agreement for further details.



+----------------------------------------------------------------------------------+
; Fitter Summary                                                                   ;
+------------------------------------+---------------------------------------------+
; Fitter Status                      ; Successful - Mon Jul 28 22:18:05 2025       ;
; Quartus Prime Version              ; 17.1.0 Build 590 10/25/2017 SJ Lite Edition ;
; Revision Name                      ; Processador_GUI_MIPS                        ;
; Top-level Entity Name              ; Processador_GUI_MIPS                        ;
; Family                             ; Cyclone IV E                                ;
; Device                             ; EP4CE115F29C7                               ;
; Timing Models                      ; Final                                       ;
; Total logic elements               ; 46,277 / 114,480 ( 40 % )                   ;
;     Total combinational functions  ; 26,430 / 114,480 ( 23 % )                   ;
;     Dedicated logic registers      ; 33,792 / 114,480 ( 30 % )                   ;
; Total registers                    ; 33792                                       ;
; Total pins                         ; 83 / 529 ( 16 % )                           ;
; Total virtual pins                 ; 0                                           ;
; Total memory bits                  ; 32,768 / 3,981,312 ( < 1 % )                ;
; Embedded Multiplier 9-bit elements ; 6 / 532 ( 1 % )                             ;
; Total PLLs                         ; 0 / 4 ( 0 % )                               ;
+------------------------------------+---------------------------------------------+


+------------------------------------------------------------------------------------------------------------------------------------------------------------+
; Fitter Settings                                                                                                                                            ;
+----------------------------------------------------------------------------+---------------------------------------+---------------------------------------+
; Option                                                                     ; Setting                               ; Default Value                         ;
+----------------------------------------------------------------------------+---------------------------------------+---------------------------------------+
; Device                                                                     ; EP4CE115F29C7                         ;                                       ;
; Minimum Core Junction Temperature                                          ; 0                                     ;                                       ;
; Maximum Core Junction Temperature                                          ; 85                                    ;                                       ;
; Fit Attempts to Skip                                                       ; 0                                     ; 0.0                                   ;
; Use smart compilation                                                      ; Off                                   ; Off                                   ;
; Enable parallel Assembler and TimeQuest Timing Analyzer during compilation ; On                                    ; On                                    ;
; Enable compact report table                                                ; Off                                   ; Off                                   ;
; Auto Merge PLLs                                                            ; On                                    ; On                                    ;
; Router Timing Optimization Level                                           ; Normal                                ; Normal                                ;
; Perform Clocking Topology Analysis During Routing                          ; Off                                   ; Off                                   ;
; Placement Effort Multiplier                                                ; 1.0                                   ; 1.0                                   ;
; Router Effort Multiplier                                                   ; 1.0                                   ; 1.0                                   ;
; Optimize Hold Timing                                                       ; All Paths                             ; All Paths                             ;
; Optimize Multi-Corner Timing                                               ; On                                    ; On                                    ;
; Power Optimization During Fitting                                          ; Normal compilation                    ; Normal compilation                    ;
; SSN Optimization                                                           ; Off                                   ; Off                                   ;
; Optimize Timing                                                            ; Normal compilation                    ; Normal compilation                    ;
; Optimize Timing for ECOs                                                   ; Off                                   ; Off                                   ;
; Regenerate Full Fit Report During ECO Compiles                             ; Off                                   ; Off                                   ;
; Optimize IOC Register Placement for Timing                                 ; Normal                                ; Normal                                ;
; Limit to One Fitting Attempt                                               ; Off                                   ; Off                                   ;
; Final Placement Optimizations                                              ; Automatically                         ; Automatically                         ;
; Fitter Aggressive Routability Optimizations                                ; Automatically                         ; Automatically                         ;
; Fitter Initial Placement Seed                                              ; 1                                     ; 1                                     ;
; Periphery to Core Placement and Routing Optimization                       ; Off                                   ; Off                                   ;
; PCI I/O                                                                    ; Off                                   ; Off                                   ;
; Weak Pull-Up Resistor                                                      ; Off                                   ; Off                                   ;
; Enable Bus-Hold Circuitry                                                  ; Off                                   ; Off                                   ;
; Auto Packed Registers                                                      ; Auto                                  ; Auto                                  ;
; Auto Delay Chains                                                          ; On                                    ; On                                    ;
; Auto Delay Chains for High Fanout Input Pins                               ; Off                                   ; Off                                   ;
; Allow Single-ended Buffer for Differential-XSTL Input                      ; Off                                   ; Off                                   ;
; Treat Bidirectional Pin as Output Pin                                      ; Off                                   ; Off                                   ;
; Perform Physical Synthesis for Combinational Logic for Fitting             ; Off                                   ; Off                                   ;
; Perform Physical Synthesis for Combinational Logic for Performance         ; Off                                   ; Off                                   ;
; Perform Register Duplication for Performance                               ; Off                                   ; Off                                   ;
; Perform Logic to Memory Mapping for Fitting                                ; Off                                   ; Off                                   ;
; Perform Register Retiming for Performance                                  ; Off                                   ; Off                                   ;
; Perform Asynchronous Signal Pipelining                                     ; Off                                   ; Off                                   ;
; Fitter Effort                                                              ; Auto Fit                              ; Auto Fit                              ;
; Physical Synthesis Effort Level                                            ; Normal                                ; Normal                                ;
; Logic Cell Insertion - Logic Duplication                                   ; Auto                                  ; Auto                                  ;
; Auto Register Duplication                                                  ; Auto                                  ; Auto                                  ;
; Auto Global Clock                                                          ; On                                    ; On                                    ;
; Auto Global Register Control Signals                                       ; On                                    ; On                                    ;
; Reserve all unused pins                                                    ; As input tri-stated with weak pull-up ; As input tri-stated with weak pull-up ;
; Synchronizer Identification                                                ; Auto                                  ; Auto                                  ;
; Enable Beneficial Skew Optimization                                        ; On                                    ; On                                    ;
; Optimize Design for Metastability                                          ; On                                    ; On                                    ;
; Force Fitter to Avoid Periphery Placement Warnings                         ; Off                                   ; Off                                   ;
; Enable input tri-state on active configuration pins in user mode           ; Off                                   ; Off                                   ;
+----------------------------------------------------------------------------+---------------------------------------+---------------------------------------+


+------------------------------------------+
; Parallel Compilation                     ;
+----------------------------+-------------+
; Processors                 ; Number      ;
+----------------------------+-------------+
; Number detected on machine ; 12          ;
; Maximum allowed            ; 6           ;
;                            ;             ;
; Average used               ; 1.04        ;
; Maximum used               ; 6           ;
;                            ;             ;
; Usage by Processor         ; % Time Used ;
;     Processor 1            ; 100.0%      ;
;     Processor 2            ;   0.9%      ;
;     Processor 3            ;   0.9%      ;
;     Processor 4            ;   0.9%      ;
;     Processor 5            ;   0.8%      ;
;     Processor 6            ;   0.8%      ;
+----------------------------+-------------+


+----------------------------------------------------------------------------------------+
; Ignored Assignments                                                                    ;
+----------+----------------+--------------+------------+---------------+----------------+
; Name     ; Ignored Entity ; Ignored From ; Ignored To ; Ignored Value ; Ignored Source ;
+----------+----------------+--------------+------------+---------------+----------------+
; Location ;                ;              ; HEX6[0]    ; PIN_AA17      ; QSF Assignment ;
; Location ;                ;              ; HEX6[1]    ; PIN_AB16      ; QSF Assignment ;
; Location ;                ;              ; HEX6[2]    ; PIN_AA16      ; QSF Assignment ;
; Location ;                ;              ; HEX6[3]    ; PIN_AB17      ; QSF Assignment ;
; Location ;                ;              ; HEX6[4]    ; PIN_AB15      ; QSF Assignment ;
; Location ;                ;              ; HEX6[5]    ; PIN_AA15      ; QSF Assignment ;
; Location ;                ;              ; HEX6[6]    ; PIN_AC17      ; QSF Assignment ;
+----------+----------------+--------------+------------+---------------+----------------+


+----------------------------------------------------------------------------------------------------+
; Incremental Compilation Preservation Summary                                                       ;
+---------------------+----------------------+----------------------------+--------------------------+
; Type                ; Total [A + B]        ; From Design Partitions [A] ; From Rapid Recompile [B] ;
+---------------------+----------------------+----------------------------+--------------------------+
; Placement (by node) ;                      ;                            ;                          ;
;     -- Requested    ; 0.00 % ( 0 / 60438 ) ; 0.00 % ( 0 / 60438 )       ; 0.00 % ( 0 / 60438 )     ;
;     -- Achieved     ; 0.00 % ( 0 / 60438 ) ; 0.00 % ( 0 / 60438 )       ; 0.00 % ( 0 / 60438 )     ;
;                     ;                      ;                            ;                          ;
; Routing (by net)    ;                      ;                            ;                          ;
;     -- Requested    ; 0.00 % ( 0 / 0 )     ; 0.00 % ( 0 / 0 )           ; 0.00 % ( 0 / 0 )         ;
;     -- Achieved     ; 0.00 % ( 0 / 0 )     ; 0.00 % ( 0 / 0 )           ; 0.00 % ( 0 / 0 )         ;
+---------------------+----------------------+----------------------------+--------------------------+


+----------------------------------------------------------------------------------------------------------------------------------------------------------------------------------------+
; Incremental Compilation Partition Settings                                                                                                                                             ;
+--------------------------------+----------------+-------------------+-------------------------+------------------------+------------------------------+--------------------------------+
; Partition Name                 ; Partition Type ; Netlist Type Used ; Preservation Level Used ; Netlist Type Requested ; Preservation Level Requested ; Contents                       ;
+--------------------------------+----------------+-------------------+-------------------------+------------------------+------------------------------+--------------------------------+
; Top                            ; User-created   ; Source File       ; N/A                     ; Source File            ; N/A                          ;                                ;
; hard_block:auto_generated_inst ; Auto-generated ; Source File       ; N/A                     ; Source File            ; N/A                          ; hard_block:auto_generated_inst ;
+--------------------------------+----------------+-------------------+-------------------------+------------------------+------------------------------+--------------------------------+


+------------------------------------------------------------------------------------------------------------------------------------+
; Incremental Compilation Placement Preservation                                                                                     ;
+--------------------------------+-----------------------+-------------------------+-------------------+---------------------+-------+
; Partition Name                 ; Preservation Achieved ; Preservation Level Used ; Netlist Type Used ; Preservation Method ; Notes ;
+--------------------------------+-----------------------+-------------------------+-------------------+---------------------+-------+
; Top                            ; 0.00 % ( 0 / 60428 )  ; N/A                     ; Source File       ; N/A                 ;       ;
; hard_block:auto_generated_inst ; 0.00 % ( 0 / 10 )     ; N/A                     ; Source File       ; N/A                 ;       ;
+--------------------------------+-----------------------+-------------------------+-------------------+---------------------+-------+


+--------------+
; Pin-Out File ;
+--------------+
The pin-out file can be found in C:/Users/usuario/Desktop/Projeto Final/Nova pasta/output_files/Processador_GUI_MIPS.pin.


+----------------------------------------------------------------------------+
; Fitter Resource Usage Summary                                              ;
+---------------------------------------------+------------------------------+
; Resource                                    ; Usage                        ;
+---------------------------------------------+------------------------------+
; Total logic elements                        ; 46,277 / 114,480 ( 40 % )    ;
;     -- Combinational with no register       ; 12485                        ;
;     -- Register only                        ; 19847                        ;
;     -- Combinational with a register        ; 13945                        ;
;                                             ;                              ;
; Logic element usage by number of LUT inputs ;                              ;
;     -- 4 input functions                    ; 24655                        ;
;     -- 3 input functions                    ; 1057                         ;
;     -- <=2 input functions                  ; 718                          ;
;     -- Register only                        ; 19847                        ;
;                                             ;                              ;
; Logic elements by mode                      ;                              ;
;     -- normal mode                          ; 25756                        ;
;     -- arithmetic mode                      ; 674                          ;
;                                             ;                              ;
; Total registers*                            ; 33,792 / 117,053 ( 29 % )    ;
;     -- Dedicated logic registers            ; 33,792 / 114,480 ( 30 % )    ;
;     -- I/O registers                        ; 0 / 2,573 ( 0 % )            ;
;                                             ;                              ;
; Total LABs:  partially or completely used   ; 4,254 / 7,155 ( 59 % )       ;
; Virtual pins                                ; 0                            ;
; I/O pins                                    ; 83 / 529 ( 16 % )            ;
;     -- Clock pins                           ; 1 / 7 ( 14 % )               ;
;     -- Dedicated input pins                 ; 0 / 9 ( 0 % )                ;
;                                             ;                              ;
; M9Ks                                        ; 4 / 432 ( < 1 % )            ;
; Total block memory bits                     ; 32,768 / 3,981,312 ( < 1 % ) ;
; Total block memory implementation bits      ; 36,864 / 3,981,312 ( < 1 % ) ;
; Embedded Multiplier 9-bit elements          ; 6 / 532 ( 1 % )              ;
; PLLs                                        ; 0 / 4 ( 0 % )                ;
; Global signals                              ; 1                            ;
;     -- Global clocks                        ; 1 / 20 ( 5 % )               ;
; JTAGs                                       ; 0 / 1 ( 0 % )                ;
; CRC blocks                                  ; 0 / 1 ( 0 % )                ;
; ASMI blocks                                 ; 0 / 1 ( 0 % )                ;
; Oscillator blocks                           ; 0 / 1 ( 0 % )                ;
; Impedance control blocks                    ; 0 / 4 ( 0 % )                ;
; Average interconnect usage (total/H/V)      ; 33.6% / 32.3% / 35.4%        ;
; Peak interconnect usage (total/H/V)         ; 81.1% / 78.9% / 84.4%        ;
; Maximum fan-out                             ; 33796                        ;
; Highest non-global fan-out                  ; 4648                         ;
; Total fan-out                               ; 215909                       ;
; Average fan-out                             ; 3.00                         ;
+---------------------------------------------+------------------------------+
*  Register count does not include registers inside RAM blocks or DSP blocks.



+--------------------------------------------------------------------------------------------------------+
; Fitter Partition Statistics                                                                            ;
+---------------------------------------------+-------------------------+--------------------------------+
; Statistic                                   ; Top                     ; hard_block:auto_generated_inst ;
+---------------------------------------------+-------------------------+--------------------------------+
; Difficulty Clustering Region                ; Low                     ; Low                            ;
;                                             ;                         ;                                ;
; Total logic elements                        ; 46277 / 114480 ( 40 % ) ; 0 / 114480 ( 0 % )             ;
;     -- Combinational with no register       ; 12485                   ; 0                              ;
;     -- Register only                        ; 19847                   ; 0                              ;
;     -- Combinational with a register        ; 13945                   ; 0                              ;
;                                             ;                         ;                                ;
; Logic element usage by number of LUT inputs ;                         ;                                ;
;     -- 4 input functions                    ; 24655                   ; 0                              ;
;     -- 3 input functions                    ; 1057                    ; 0                              ;
;     -- <=2 input functions                  ; 718                     ; 0                              ;
;     -- Register only                        ; 19847                   ; 0                              ;
;                                             ;                         ;                                ;
; Logic elements by mode                      ;                         ;                                ;
;     -- normal mode                          ; 25756                   ; 0                              ;
;     -- arithmetic mode                      ; 674                     ; 0                              ;
;                                             ;                         ;                                ;
; Total registers                             ; 33792                   ; 0                              ;
;     -- Dedicated logic registers            ; 33792 / 114480 ( 30 % ) ; 0 / 114480 ( 0 % )             ;
;     -- I/O registers                        ; 0                       ; 0                              ;
;                                             ;                         ;                                ;
; Total LABs:  partially or completely used   ; 4254 / 7155 ( 59 % )    ; 0 / 7155 ( 0 % )               ;
;                                             ;                         ;                                ;
; Virtual pins                                ; 0                       ; 0                              ;
; I/O pins                                    ; 83                      ; 0                              ;
; Embedded Multiplier 9-bit elements          ; 6 / 532 ( 1 % )         ; 0 / 532 ( 0 % )                ;
; Total memory bits                           ; 32768                   ; 0                              ;
; Total RAM block bits                        ; 36864                   ; 0                              ;
; M9K                                         ; 4 / 432 ( < 1 % )       ; 0 / 432 ( 0 % )                ;
; Clock control block                         ; 1 / 24 ( 4 % )          ; 0 / 24 ( 0 % )                 ;
;                                             ;                         ;                                ;
; Connections                                 ;                         ;                                ;
;     -- Input Connections                    ; 0                       ; 0                              ;
;     -- Registered Input Connections         ; 0                       ; 0                              ;
;     -- Output Connections                   ; 0                       ; 0                              ;
;     -- Registered Output Connections        ; 0                       ; 0                              ;
;                                             ;                         ;                                ;
; Internal Connections                        ;                         ;                                ;
;     -- Total Connections                    ; 216478                  ; 5                              ;
;     -- Registered Connections               ; 34992                   ; 0                              ;
;                                             ;                         ;                                ;
; External Connections                        ;                         ;                                ;
;     -- Top                                  ; 0                       ; 0                              ;
;     -- hard_block:auto_generated_inst       ; 0                       ; 0                              ;
;                                             ;                         ;                                ;
; Partition Interface                         ;                         ;                                ;
;     -- Input Ports                          ; 23                      ; 0                              ;
;     -- Output Ports                         ; 60                      ; 0                              ;
;     -- Bidir Ports                          ; 0                       ; 0                              ;
;                                             ;                         ;                                ;
; Registered Ports                            ;                         ;                                ;
;     -- Registered Input Ports               ; 0                       ; 0                              ;
;     -- Registered Output Ports              ; 0                       ; 0                              ;
;                                             ;                         ;                                ;
; Port Connectivity                           ;                         ;                                ;
;     -- Input Ports driven by GND            ; 0                       ; 0                              ;
;     -- Output Ports driven by GND           ; 0                       ; 0                              ;
;     -- Input Ports driven by VCC            ; 0                       ; 0                              ;
;     -- Output Ports driven by VCC           ; 0                       ; 0                              ;
;     -- Input Ports with no Source           ; 0                       ; 0                              ;
;     -- Output Ports with no Source          ; 0                       ; 0                              ;
;     -- Input Ports with no Fanout           ; 0                       ; 0                              ;
;     -- Output Ports with no Fanout          ; 0                       ; 0                              ;
+---------------------------------------------+-------------------------+--------------------------------+


+-------------------------------------------------------------------------------------------------------------------------------------------------------------------------------------------------------------------------------------------------------------------------------------------+
; Input Pins                                                                                                                                                                                                                                                                                ;
+----------+-------+----------+--------------+--------------+--------------+-----------------------+--------------------+--------+----------------+---------------+-----------------+----------+--------------+--------------+---------------------------+----------------------+-----------+
; Name     ; Pin # ; I/O Bank ; X coordinate ; Y coordinate ; Z coordinate ; Combinational Fan-Out ; Registered Fan-Out ; Global ; Input Register ; Power Up High ; PCI I/O Enabled ; Bus Hold ; Weak Pull Up ; I/O Standard ; Termination Control Block ; Location assigned by ; Slew Rate ;
+----------+-------+----------+--------------+--------------+--------------+-----------------------+--------------------+--------+----------------+---------------+-----------------+----------+--------------+--------------+---------------------------+----------------------+-----------+
; CLOCK_50 ; Y2    ; 2        ; 0            ; 36           ; 14           ; 33796                 ; 0                  ; yes    ; no             ; no            ; yes             ; no       ; Off          ; 2.5 V        ; --                        ; User                 ; no        ;
; KEY[0]   ; AB22  ; 4        ; 107          ; 0            ; 0            ; 70                    ; 0                  ; no     ; no             ; no            ; yes             ; no       ; Off          ; 2.5 V        ; --                        ; User                 ; no        ;
; KEY[1]   ; AC15  ; 4        ; 60           ; 0            ; 21           ; 0                     ; 0                  ; no     ; no             ; no            ; yes             ; no       ; Off          ; 2.5 V        ; --                        ; User                 ; no        ;
; KEY[2]   ; AB21  ; 4        ; 109          ; 0            ; 7            ; 0                     ; 0                  ; no     ; no             ; no            ; yes             ; no       ; Off          ; 2.5 V        ; --                        ; User                 ; no        ;
; KEY[3]   ; Y17   ; 4        ; 96           ; 0            ; 21           ; 0                     ; 0                  ; no     ; no             ; no            ; yes             ; no       ; Off          ; 2.5 V        ; --                        ; User                 ; no        ;
; SW[0]    ; Y16   ; 4        ; 96           ; 0            ; 14           ; 0                     ; 0                  ; no     ; no             ; no            ; yes             ; no       ; Off          ; 2.5 V        ; --                        ; User                 ; no        ;
; SW[10]   ; AE21  ; 4        ; 85           ; 0            ; 0            ; 0                     ; 0                  ; no     ; no             ; no            ; yes             ; no       ; Off          ; 2.5 V        ; --                        ; User                 ; no        ;
; SW[11]   ; AF25  ; 4        ; 83           ; 0            ; 0            ; 0                     ; 0                  ; no     ; no             ; no            ; yes             ; no       ; Off          ; 2.5 V        ; --                        ; User                 ; no        ;
; SW[12]   ; AC22  ; 4        ; 109          ; 0            ; 0            ; 0                     ; 0                  ; no     ; no             ; no            ; yes             ; no       ; Off          ; 2.5 V        ; --                        ; User                 ; no        ;
; SW[13]   ; AE22  ; 4        ; 96           ; 0            ; 7            ; 0                     ; 0                  ; no     ; no             ; no            ; yes             ; no       ; Off          ; 2.5 V        ; --                        ; User                 ; no        ;
; SW[14]   ; AF21  ; 4        ; 87           ; 0            ; 21           ; 0                     ; 0                  ; no     ; no             ; no            ; yes             ; no       ; Off          ; 2.5 V        ; --                        ; User                 ; no        ;
; SW[15]   ; AF22  ; 4        ; 96           ; 0            ; 0            ; 0                     ; 0                  ; no     ; no             ; no            ; yes             ; no       ; Off          ; 2.5 V        ; --                        ; User                 ; no        ;
; SW[16]   ; AD22  ; 4        ; 111          ; 0            ; 7            ; 0                     ; 0                  ; no     ; no             ; no            ; yes             ; no       ; Off          ; 2.5 V        ; --                        ; User                 ; no        ;
; SW[17]   ; AG25  ; 4        ; 91           ; 0            ; 21           ; 0                     ; 0                  ; no     ; no             ; no            ; yes             ; no       ; Off          ; 2.5 V        ; --                        ; User                 ; no        ;
; SW[1]    ; AD21  ; 4        ; 102          ; 0            ; 14           ; 0                     ; 0                  ; no     ; no             ; no            ; yes             ; no       ; Off          ; 2.5 V        ; --                        ; User                 ; no        ;
; SW[2]    ; AE16  ; 4        ; 65           ; 0            ; 21           ; 0                     ; 0                  ; no     ; no             ; no            ; yes             ; no       ; Off          ; 2.5 V        ; --                        ; User                 ; no        ;
; SW[3]    ; AD15  ; 4        ; 60           ; 0            ; 14           ; 0                     ; 0                  ; no     ; no             ; no            ; yes             ; no       ; Off          ; 2.5 V        ; --                        ; User                 ; no        ;
; SW[4]    ; AE15  ; 4        ; 60           ; 0            ; 7            ; 0                     ; 0                  ; no     ; no             ; no            ; yes             ; no       ; Off          ; 2.5 V        ; --                        ; User                 ; no        ;
; SW[5]    ; AC19  ; 4        ; 94           ; 0            ; 7            ; 0                     ; 0                  ; no     ; no             ; no            ; yes             ; no       ; Off          ; 2.5 V        ; --                        ; User                 ; no        ;
; SW[6]    ; AF16  ; 4        ; 65           ; 0            ; 14           ; 0                     ; 0                  ; no     ; no             ; no            ; yes             ; no       ; Off          ; 2.5 V        ; --                        ; User                 ; no        ;
; SW[7]    ; AD19  ; 4        ; 94           ; 0            ; 0            ; 0                     ; 0                  ; no     ; no             ; no            ; yes             ; no       ; Off          ; 2.5 V        ; --                        ; User                 ; no        ;
; SW[8]    ; AF15  ; 4        ; 60           ; 0            ; 0            ; 0                     ; 0                  ; no     ; no             ; no            ; yes             ; no       ; Off          ; 2.5 V        ; --                        ; User                 ; no        ;
; SW[9]    ; AF24  ; 4        ; 83           ; 0            ; 7            ; 0                     ; 0                  ; no     ; no             ; no            ; yes             ; no       ; Off          ; 2.5 V        ; --                        ; User                 ; no        ;
+----------+-------+----------+--------------+--------------+--------------+-----------------------+--------------------+--------+----------------+---------------+-----------------+----------+--------------+--------------+---------------------------+----------------------+-----------+


+-----------------------------------------------------------------------------------------------------------------------------------------------------------------------------------------------------------------------------------------------------------------------------------------------------------------------------------------------------------------------------------------------------------------------------------------------------------+
; Output Pins                                                                                                                                                                                                                                                                                                                                                                                                                                               ;
+----------+-------+----------+--------------+--------------+--------------+-----------------+------------------------+---------------+-----------+-----------------+------------+---------------+----------+--------------+--------------+------------------+-----------------------------------+---------------------------+----------------------------+-----------------------------+----------------------+----------------------+---------------------+
; Name     ; Pin # ; I/O Bank ; X coordinate ; Y coordinate ; Z coordinate ; Output Register ; Output Enable Register ; Power Up High ; Slew Rate ; PCI I/O Enabled ; Open Drain ; TRI Primitive ; Bus Hold ; Weak Pull Up ; I/O Standard ; Current Strength ; Termination                       ; Termination Control Block ; Output Buffer Pre-emphasis ; Voltage Output Differential ; Location assigned by ; Output Enable Source ; Output Enable Group ;
+----------+-------+----------+--------------+--------------+--------------+-----------------+------------------------+---------------+-----------+-----------------+------------+---------------+----------+--------------+--------------+------------------+-----------------------------------+---------------------------+----------------------------+-----------------------------+----------------------+----------------------+---------------------+
; HEX0[0]  ; G18   ; 7        ; 69           ; 73           ; 21           ; no              ; no                     ; no            ; 2         ; no              ; no         ; no            ; no       ; Off          ; 2.5 V        ; Default          ; Series 50 Ohm without Calibration ; --                        ; no                         ; no                          ; User                 ; -                    ; -                   ;
; HEX0[1]  ; F22   ; 7        ; 107          ; 73           ; 21           ; no              ; no                     ; no            ; 2         ; no              ; no         ; no            ; no       ; Off          ; 2.5 V        ; Default          ; Series 50 Ohm without Calibration ; --                        ; no                         ; no                          ; User                 ; -                    ; -                   ;
; HEX0[2]  ; E17   ; 7        ; 67           ; 73           ; 21           ; no              ; no                     ; no            ; 2         ; no              ; no         ; no            ; no       ; Off          ; 2.5 V        ; Default          ; Series 50 Ohm without Calibration ; --                        ; no                         ; no                          ; User                 ; -                    ; -                   ;
; HEX0[3]  ; L26   ; 6        ; 115          ; 50           ; 0            ; no              ; no                     ; no            ; 2         ; no              ; no         ; no            ; no       ; Off          ; 2.5 V        ; Default          ; Series 50 Ohm without Calibration ; --                        ; no                         ; no                          ; User                 ; -                    ; -                   ;
; HEX0[4]  ; L25   ; 6        ; 115          ; 54           ; 14           ; no              ; no                     ; no            ; 2         ; no              ; no         ; no            ; no       ; Off          ; 2.5 V        ; Default          ; Series 50 Ohm without Calibration ; --                        ; no                         ; no                          ; User                 ; -                    ; -                   ;
; HEX0[5]  ; J22   ; 6        ; 115          ; 67           ; 14           ; no              ; no                     ; no            ; 2         ; no              ; no         ; no            ; no       ; Off          ; 2.5 V        ; Default          ; Series 50 Ohm without Calibration ; --                        ; no                         ; no                          ; User                 ; -                    ; -                   ;
; HEX0[6]  ; H22   ; 6        ; 115          ; 69           ; 0            ; no              ; no                     ; no            ; 2         ; no              ; no         ; no            ; no       ; Off          ; 2.5 V        ; Default          ; Series 50 Ohm without Calibration ; --                        ; no                         ; no                          ; User                 ; -                    ; -                   ;
; HEX1[0]  ; M24   ; 6        ; 115          ; 41           ; 0            ; no              ; no                     ; no            ; 2         ; no              ; no         ; no            ; no       ; Off          ; 2.5 V        ; Default          ; Series 50 Ohm without Calibration ; --                        ; no                         ; no                          ; User                 ; -                    ; -                   ;
; HEX1[1]  ; Y22   ; 5        ; 115          ; 30           ; 7            ; no              ; no                     ; no            ; 2         ; no              ; no         ; no            ; no       ; Off          ; 2.5 V        ; Default          ; Series 50 Ohm without Calibration ; --                        ; no                         ; no                          ; User                 ; -                    ; -                   ;
; HEX1[2]  ; W21   ; 5        ; 115          ; 25           ; 21           ; no              ; no                     ; no            ; 2         ; no              ; no         ; no            ; no       ; Off          ; 2.5 V        ; Default          ; Series 50 Ohm without Calibration ; --                        ; no                         ; no                          ; User                 ; -                    ; -                   ;
; HEX1[3]  ; W22   ; 5        ; 115          ; 30           ; 0            ; no              ; no                     ; no            ; 2         ; no              ; no         ; no            ; no       ; Off          ; 2.5 V        ; Default          ; Series 50 Ohm without Calibration ; --                        ; no                         ; no                          ; User                 ; -                    ; -                   ;
; HEX1[4]  ; W25   ; 5        ; 115          ; 20           ; 7            ; no              ; no                     ; no            ; 2         ; no              ; no         ; no            ; no       ; Off          ; 2.5 V        ; Default          ; Series 50 Ohm without Calibration ; --                        ; no                         ; no                          ; User                 ; -                    ; -                   ;
; HEX1[5]  ; U23   ; 5        ; 115          ; 22           ; 0            ; no              ; no                     ; no            ; 2         ; no              ; no         ; no            ; no       ; Off          ; 2.5 V        ; Default          ; Series 50 Ohm without Calibration ; --                        ; no                         ; no                          ; User                 ; -                    ; -                   ;
; HEX1[6]  ; U24   ; 5        ; 115          ; 28           ; 7            ; no              ; no                     ; no            ; 2         ; no              ; no         ; no            ; no       ; Off          ; 2.5 V        ; Default          ; Series 50 Ohm without Calibration ; --                        ; no                         ; no                          ; User                 ; -                    ; -                   ;
; HEX2[0]  ; AA25  ; 5        ; 115          ; 17           ; 7            ; no              ; no                     ; no            ; 2         ; no              ; no         ; no            ; no       ; Off          ; 2.5 V        ; Default          ; Series 50 Ohm without Calibration ; --                        ; no                         ; no                          ; User                 ; -                    ; -                   ;
; HEX2[1]  ; AA26  ; 5        ; 115          ; 16           ; 0            ; no              ; no                     ; no            ; 2         ; no              ; no         ; no            ; no       ; Off          ; 2.5 V        ; Default          ; Series 50 Ohm without Calibration ; --                        ; no                         ; no                          ; User                 ; -                    ; -                   ;
; HEX2[2]  ; Y25   ; 5        ; 115          ; 19           ; 7            ; no              ; no                     ; no            ; 2         ; no              ; no         ; no            ; no       ; Off          ; 2.5 V        ; Default          ; Series 50 Ohm without Calibration ; --                        ; no                         ; no                          ; User                 ; -                    ; -                   ;
; HEX2[3]  ; W26   ; 5        ; 115          ; 19           ; 0            ; no              ; no                     ; no            ; 2         ; no              ; no         ; no            ; no       ; Off          ; 2.5 V        ; Default          ; Series 50 Ohm without Calibration ; --                        ; no                         ; no                          ; User                 ; -                    ; -                   ;
; HEX2[4]  ; Y26   ; 5        ; 115          ; 18           ; 0            ; no              ; no                     ; no            ; 2         ; no              ; no         ; no            ; no       ; Off          ; 2.5 V        ; Default          ; Series 50 Ohm without Calibration ; --                        ; no                         ; no                          ; User                 ; -                    ; -                   ;
; HEX2[5]  ; W27   ; 5        ; 115          ; 20           ; 0            ; no              ; no                     ; no            ; 2         ; no              ; no         ; no            ; no       ; Off          ; 2.5 V        ; Default          ; Series 50 Ohm without Calibration ; --                        ; no                         ; no                          ; User                 ; -                    ; -                   ;
; HEX2[6]  ; W28   ; 5        ; 115          ; 21           ; 14           ; no              ; no                     ; no            ; 2         ; no              ; no         ; no            ; no       ; Off          ; 2.5 V        ; Default          ; Series 50 Ohm without Calibration ; --                        ; no                         ; no                          ; User                 ; -                    ; -                   ;
; HEX3[0]  ; V21   ; 5        ; 115          ; 25           ; 14           ; no              ; no                     ; no            ; 2         ; no              ; no         ; no            ; no       ; Off          ; 2.5 V        ; Default          ; Series 50 Ohm without Calibration ; --                        ; no                         ; no                          ; User                 ; -                    ; -                   ;
; HEX3[1]  ; U21   ; 5        ; 115          ; 29           ; 0            ; no              ; no                     ; no            ; 2         ; no              ; no         ; no            ; no       ; Off          ; 2.5 V        ; Default          ; Series 50 Ohm without Calibration ; --                        ; no                         ; no                          ; User                 ; -                    ; -                   ;
; HEX3[2]  ; AB20  ; 4        ; 100          ; 0            ; 0            ; no              ; no                     ; no            ; 2         ; no              ; no         ; no            ; no       ; Off          ; 2.5 V        ; Default          ; Series 50 Ohm without Calibration ; --                        ; no                         ; no                          ; User                 ; -                    ; -                   ;
; HEX3[3]  ; AA21  ; 4        ; 111          ; 0            ; 0            ; no              ; no                     ; no            ; 2         ; no              ; no         ; no            ; no       ; Off          ; 2.5 V        ; Default          ; Series 50 Ohm without Calibration ; --                        ; no                         ; no                          ; User                 ; -                    ; -                   ;
; HEX3[4]  ; AD24  ; 4        ; 105          ; 0            ; 21           ; no              ; no                     ; no            ; 2         ; no              ; no         ; no            ; no       ; Off          ; 2.5 V        ; Default          ; Series 50 Ohm without Calibration ; --                        ; no                         ; no                          ; User                 ; -                    ; -                   ;
; HEX3[5]  ; AF23  ; 4        ; 105          ; 0            ; 7            ; no              ; no                     ; no            ; 2         ; no              ; no         ; no            ; no       ; Off          ; 2.5 V        ; Default          ; Series 50 Ohm without Calibration ; --                        ; no                         ; no                          ; User                 ; -                    ; -                   ;
; HEX3[6]  ; Y19   ; 4        ; 105          ; 0            ; 0            ; no              ; no                     ; no            ; 2         ; no              ; no         ; no            ; no       ; Off          ; 2.5 V        ; Default          ; Series 50 Ohm without Calibration ; --                        ; no                         ; no                          ; User                 ; -                    ; -                   ;
; HEX4[0]  ; AB19  ; 4        ; 98           ; 0            ; 21           ; no              ; no                     ; no            ; 2         ; no              ; no         ; no            ; no       ; Off          ; 2.5 V        ; Default          ; Series 50 Ohm without Calibration ; --                        ; no                         ; no                          ; User                 ; -                    ; -                   ;
; HEX4[1]  ; AA19  ; 4        ; 107          ; 0            ; 7            ; no              ; no                     ; no            ; 2         ; no              ; no         ; no            ; no       ; Off          ; 2.5 V        ; Default          ; Series 50 Ohm without Calibration ; --                        ; no                         ; no                          ; User                 ; -                    ; -                   ;
; HEX4[2]  ; AG21  ; 4        ; 74           ; 0            ; 7            ; no              ; no                     ; no            ; 2         ; no              ; no         ; no            ; no       ; Off          ; 2.5 V        ; Default          ; Series 50 Ohm without Calibration ; --                        ; no                         ; no                          ; User                 ; -                    ; -                   ;
; HEX4[3]  ; AH21  ; 4        ; 74           ; 0            ; 0            ; no              ; no                     ; no            ; 2         ; no              ; no         ; no            ; no       ; Off          ; 2.5 V        ; Default          ; Series 50 Ohm without Calibration ; --                        ; no                         ; no                          ; User                 ; -                    ; -                   ;
; HEX4[4]  ; AE19  ; 4        ; 83           ; 0            ; 21           ; no              ; no                     ; no            ; 2         ; no              ; no         ; no            ; no       ; Off          ; 2.5 V        ; Default          ; Series 50 Ohm without Calibration ; --                        ; no                         ; no                          ; User                 ; -                    ; -                   ;
; HEX4[5]  ; AF19  ; 4        ; 83           ; 0            ; 14           ; no              ; no                     ; no            ; 2         ; no              ; no         ; no            ; no       ; Off          ; 2.5 V        ; Default          ; Series 50 Ohm without Calibration ; --                        ; no                         ; no                          ; User                 ; -                    ; -                   ;
; HEX4[6]  ; AE18  ; 4        ; 79           ; 0            ; 21           ; no              ; no                     ; no            ; 2         ; no              ; no         ; no            ; no       ; Off          ; 2.5 V        ; Default          ; Series 50 Ohm without Calibration ; --                        ; no                         ; no                          ; User                 ; -                    ; -                   ;
; HEX5[0]  ; AD18  ; 4        ; 85           ; 0            ; 7            ; no              ; no                     ; no            ; 2         ; no              ; no         ; no            ; no       ; Off          ; 2.5 V        ; Default          ; Series 50 Ohm without Calibration ; --                        ; no                         ; no                          ; User                 ; -                    ; -                   ;
; HEX5[1]  ; AC18  ; 4        ; 87           ; 0            ; 14           ; no              ; no                     ; no            ; 2         ; no              ; no         ; no            ; no       ; Off          ; 2.5 V        ; Default          ; Series 50 Ohm without Calibration ; --                        ; no                         ; no                          ; User                 ; -                    ; -                   ;
; HEX5[2]  ; AB18  ; 4        ; 98           ; 0            ; 14           ; no              ; no                     ; no            ; 2         ; no              ; no         ; no            ; no       ; Off          ; 2.5 V        ; Default          ; Series 50 Ohm without Calibration ; --                        ; no                         ; no                          ; User                 ; -                    ; -                   ;
; HEX5[3]  ; AH19  ; 4        ; 72           ; 0            ; 0            ; no              ; no                     ; no            ; 2         ; no              ; no         ; no            ; no       ; Off          ; 2.5 V        ; Default          ; Series 50 Ohm without Calibration ; --                        ; no                         ; no                          ; User                 ; -                    ; -                   ;
; HEX5[4]  ; AG19  ; 4        ; 72           ; 0            ; 7            ; no              ; no                     ; no            ; 2         ; no              ; no         ; no            ; no       ; Off          ; 2.5 V        ; Default          ; Series 50 Ohm without Calibration ; --                        ; no                         ; no                          ; User                 ; -                    ; -                   ;
; HEX5[5]  ; AF18  ; 4        ; 79           ; 0            ; 14           ; no              ; no                     ; no            ; 2         ; no              ; no         ; no            ; no       ; Off          ; 2.5 V        ; Default          ; Series 50 Ohm without Calibration ; --                        ; no                         ; no                          ; User                 ; -                    ; -                   ;
; HEX5[6]  ; AH18  ; 4        ; 69           ; 0            ; 0            ; no              ; no                     ; no            ; 2         ; no              ; no         ; no            ; no       ; Off          ; 2.5 V        ; Default          ; Series 50 Ohm without Calibration ; --                        ; no                         ; no                          ; User                 ; -                    ; -                   ;
; LEDR[0]  ; T3    ; 2        ; 0            ; 32           ; 14           ; no              ; no                     ; no            ; 2         ; no              ; no         ; no            ; no       ; Off          ; 2.5 V        ; Default          ; Series 50 Ohm without Calibration ; --                        ; no                         ; no                          ; Fitter               ; -                    ; -                   ;
; LEDR[10] ; E10   ; 8        ; 18           ; 73           ; 14           ; no              ; no                     ; no            ; 2         ; no              ; no         ; no            ; no       ; Off          ; 2.5 V        ; Default          ; Series 50 Ohm without Calibration ; --                        ; no                         ; no                          ; Fitter               ; -                    ; -                   ;
; LEDR[11] ; C21   ; 7        ; 91           ; 73           ; 14           ; no              ; no                     ; no            ; 2         ; no              ; no         ; no            ; no       ; Off          ; 2.5 V        ; Default          ; Series 50 Ohm without Calibration ; --                        ; no                         ; no                          ; Fitter               ; -                    ; -                   ;
; LEDR[12] ; N8    ; 1        ; 0            ; 42           ; 7            ; no              ; no                     ; no            ; 2         ; no              ; no         ; no            ; no       ; Off          ; 2.5 V        ; Default          ; Series 50 Ohm without Calibration ; --                        ; no                         ; no                          ; Fitter               ; -                    ; -                   ;
; LEDR[13] ; U4    ; 2        ; 0            ; 34           ; 14           ; no              ; no                     ; no            ; 2         ; no              ; no         ; no            ; no       ; Off          ; 2.5 V        ; Default          ; Series 50 Ohm without Calibration ; --                        ; no                         ; no                          ; Fitter               ; -                    ; -                   ;
; LEDR[14] ; R1    ; 2        ; 0            ; 35           ; 7            ; no              ; no                     ; no            ; 2         ; no              ; no         ; no            ; no       ; Off          ; 2.5 V        ; Default          ; Series 50 Ohm without Calibration ; --                        ; no                         ; no                          ; Fitter               ; -                    ; -                   ;
; LEDR[15] ; R7    ; 2        ; 0            ; 35           ; 14           ; no              ; no                     ; no            ; 2         ; no              ; no         ; no            ; no       ; Off          ; 2.5 V        ; Default          ; Series 50 Ohm without Calibration ; --                        ; no                         ; no                          ; Fitter               ; -                    ; -                   ;
; LEDR[16] ; P1    ; 1        ; 0            ; 42           ; 0            ; no              ; no                     ; no            ; 2         ; no              ; no         ; no            ; no       ; Off          ; 2.5 V        ; Default          ; Series 50 Ohm without Calibration ; --                        ; no                         ; no                          ; Fitter               ; -                    ; -                   ;
; LEDR[17] ; R2    ; 2        ; 0            ; 35           ; 0            ; no              ; no                     ; no            ; 2         ; no              ; no         ; no            ; no       ; Off          ; 2.5 V        ; Default          ; Series 50 Ohm without Calibration ; --                        ; no                         ; no                          ; Fitter               ; -                    ; -                   ;
; LEDR[1]  ; R5    ; 2        ; 0            ; 32           ; 21           ; no              ; no                     ; no            ; 2         ; no              ; no         ; no            ; no       ; Off          ; 2.5 V        ; Default          ; Series 50 Ohm without Calibration ; --                        ; no                         ; no                          ; Fitter               ; -                    ; -                   ;
; LEDR[2]  ; G24   ; 6        ; 115          ; 69           ; 21           ; no              ; no                     ; no            ; 2         ; no              ; no         ; no            ; no       ; Off          ; 2.5 V        ; Default          ; Series 50 Ohm without Calibration ; --                        ; no                         ; no                          ; Fitter               ; -                    ; -                   ;
; LEDR[3]  ; F24   ; 6        ; 115          ; 68           ; 14           ; no              ; no                     ; no            ; 2         ; no              ; no         ; no            ; no       ; Off          ; 2.5 V        ; Default          ; Series 50 Ohm without Calibration ; --                        ; no                         ; no                          ; Fitter               ; -                    ; -                   ;
; LEDR[4]  ; G26   ; 6        ; 115          ; 66           ; 21           ; no              ; no                     ; no            ; 2         ; no              ; no         ; no            ; no       ; Off          ; 2.5 V        ; Default          ; Series 50 Ohm without Calibration ; --                        ; no                         ; no                          ; Fitter               ; -                    ; -                   ;
; LEDR[5]  ; F25   ; 6        ; 115          ; 68           ; 21           ; no              ; no                     ; no            ; 2         ; no              ; no         ; no            ; no       ; Off          ; 2.5 V        ; Default          ; Series 50 Ohm without Calibration ; --                        ; no                         ; no                          ; Fitter               ; -                    ; -                   ;
; LEDR[6]  ; AA22  ; 5        ; 115          ; 6            ; 14           ; no              ; no                     ; no            ; 2         ; no              ; no         ; no            ; no       ; Off          ; 2.5 V        ; Default          ; Series 50 Ohm without Calibration ; --                        ; no                         ; no                          ; Fitter               ; -                    ; -                   ;
; LEDR[7]  ; G23   ; 6        ; 115          ; 69           ; 14           ; no              ; no                     ; no            ; 2         ; no              ; no         ; no            ; no       ; Off          ; 2.5 V        ; Default          ; Series 50 Ohm without Calibration ; --                        ; no                         ; no                          ; Fitter               ; -                    ; -                   ;
; LEDR[8]  ; G25   ; 6        ; 115          ; 66           ; 14           ; no              ; no                     ; no            ; 2         ; no              ; no         ; no            ; no       ; Off          ; 2.5 V        ; Default          ; Series 50 Ohm without Calibration ; --                        ; no                         ; no                          ; Fitter               ; -                    ; -                   ;
; LEDR[9]  ; A8    ; 8        ; 18           ; 73           ; 21           ; no              ; no                     ; no            ; 2         ; no              ; no         ; no            ; no       ; Off          ; 2.5 V        ; Default          ; Series 50 Ohm without Calibration ; --                        ; no                         ; no                          ; Fitter               ; -                    ; -                   ;
+----------+-------+----------+--------------+--------------+--------------+-----------------+------------------------+---------------+-----------+-----------------+------------+---------------+----------+--------------+--------------+------------------+-----------------------------------+---------------------------+----------------------------+-----------------------------+----------------------+----------------------+---------------------+


+-------------------------------------------------------------------------------------------------------------------------+
; Dual Purpose and Dedicated Pins                                                                                         ;
+----------+-----------------------------+--------------------------+-------------------------+---------------------------+
; Location ; Pin Name                    ; Reserved As              ; User Signal Name        ; Pin Type                  ;
+----------+-----------------------------+--------------------------+-------------------------+---------------------------+
; F4       ; DIFFIO_L5n, DATA1, ASDO     ; As input tri-stated      ; ~ALTERA_ASDO_DATA1~     ; Dual Purpose Pin          ;
; E2       ; DIFFIO_L8p, FLASH_nCE, nCSO ; As input tri-stated      ; ~ALTERA_FLASH_nCE_nCSO~ ; Dual Purpose Pin          ;
; M6       ; nSTATUS                     ; -                        ; -                       ; Dedicated Programming Pin ;
; P3       ; DCLK                        ; As output driving ground ; ~ALTERA_DCLK~           ; Dual Purpose Pin          ;
; N7       ; DATA0                       ; As input tri-stated      ; ~ALTERA_DATA0~          ; Dual Purpose Pin          ;
; P4       ; nCONFIG                     ; -                        ; -                       ; Dedicated Programming Pin ;
; R8       ; nCE                         ; -                        ; -                       ; Dedicated Programming Pin ;
; P24      ; CONF_DONE                   ; -                        ; -                       ; Dedicated Programming Pin ;
; N22      ; MSEL0                       ; -                        ; -                       ; Dedicated Programming Pin ;
; P23      ; MSEL1                       ; -                        ; -                       ; Dedicated Programming Pin ;
; M22      ; MSEL2                       ; -                        ; -                       ; Dedicated Programming Pin ;
; P22      ; MSEL3                       ; -                        ; -                       ; Dedicated Programming Pin ;
; P28      ; DIFFIO_R23n, nCEO           ; Use as programming pin   ; ~ALTERA_nCEO~           ; Dual Purpose Pin          ;
; A8       ; DIFFIO_T11n, DATA9          ; Use as regular IO        ; LEDR[9]                 ; Dual Purpose Pin          ;
+----------+-----------------------------+--------------------------+-------------------------+---------------------------+


+------------------------------------------------------------+
; I/O Bank Usage                                             ;
+----------+------------------+---------------+--------------+
; I/O Bank ; Usage            ; VCCIO Voltage ; VREF Voltage ;
+----------+------------------+---------------+--------------+
; 1        ; 6 / 56 ( 11 % )  ; 2.5V          ; --           ;
; 2        ; 7 / 63 ( 11 % )  ; 2.5V          ; --           ;
; 3        ; 0 / 73 ( 0 % )   ; 2.5V          ; --           ;
; 4        ; 41 / 71 ( 58 % ) ; 2.5V          ; --           ;
; 5        ; 16 / 65 ( 25 % ) ; 2.5V          ; --           ;
; 6        ; 12 / 58 ( 21 % ) ; 2.5V          ; --           ;
; 7        ; 4 / 72 ( 6 % )   ; 2.5V          ; --           ;
; 8        ; 2 / 71 ( 3 % )   ; 2.5V          ; --           ;
+----------+------------------+---------------+--------------+


+-----------------------------------------------------------------------------------------------------------------------------------------------------------------------------------------+
; All Package Pins                                                                                                                                                                        ;
+----------+------------+----------+-----------------------------------------------------------+--------+--------------+---------+------------+-----------------+----------+--------------+
; Location ; Pad Number ; I/O Bank ; Pin Name/Usage                                            ; Dir.   ; I/O Standard ; Voltage ; I/O Type   ; User Assignment ; Bus Hold ; Weak Pull Up ;
+----------+------------+----------+-----------------------------------------------------------+--------+--------------+---------+------------+-----------------+----------+--------------+
; A2       ;            ; 8        ; VCCIO8                                                    ; power  ;              ; 2.5V    ; --         ;                 ; --       ; --           ;
; A3       ; 535        ; 8        ; RESERVED_INPUT_WITH_WEAK_PULLUP                           ;        ;              ;         ; Column I/O ;                 ; no       ; On           ;
; A4       ; 532        ; 8        ; RESERVED_INPUT_WITH_WEAK_PULLUP                           ;        ;              ;         ; Column I/O ;                 ; no       ; On           ;
; A5       ;            ; 8        ; VCCIO8                                                    ; power  ;              ; 2.5V    ; --         ;                 ; --       ; --           ;
; A6       ; 504        ; 8        ; RESERVED_INPUT_WITH_WEAK_PULLUP                           ;        ;              ;         ; Column I/O ;                 ; no       ; On           ;
; A7       ; 501        ; 8        ; RESERVED_INPUT_WITH_WEAK_PULLUP                           ;        ;              ;         ; Column I/O ;                 ; no       ; On           ;
; A8       ; 517        ; 8        ; LEDR[9]                                                   ; output ; 2.5 V        ;         ; Column I/O ; N               ; no       ; Off          ;
; A9       ;            ; 8        ; VCCIO8                                                    ; power  ;              ; 2.5V    ; --         ;                 ; --       ; --           ;
; A10      ; 491        ; 8        ; RESERVED_INPUT_WITH_WEAK_PULLUP                           ;        ;              ;         ; Column I/O ;                 ; no       ; On           ;
; A11      ; 487        ; 8        ; RESERVED_INPUT_WITH_WEAK_PULLUP                           ;        ;              ;         ; Column I/O ;                 ; no       ; On           ;
; A12      ; 482        ; 8        ; RESERVED_INPUT_WITH_WEAK_PULLUP                           ;        ;              ;         ; Column I/O ;                 ; no       ; On           ;
; A13      ;            ; 8        ; VCCIO8                                                    ; power  ;              ; 2.5V    ; --         ;                 ; --       ; --           ;
; A14      ; 472        ; 8        ; GND+                                                      ;        ;              ;         ; Column I/O ;                 ; --       ; --           ;
; A15      ; 470        ; 7        ; GND+                                                      ;        ;              ;         ; Column I/O ;                 ; --       ; --           ;
; A16      ;            ; 7        ; VCCIO7                                                    ; power  ;              ; 2.5V    ; --         ;                 ; --       ; --           ;
; A17      ; 462        ; 7        ; RESERVED_INPUT_WITH_WEAK_PULLUP                           ;        ;              ;         ; Column I/O ;                 ; no       ; On           ;
; A18      ; 442        ; 7        ; RESERVED_INPUT_WITH_WEAK_PULLUP                           ;        ;              ;         ; Column I/O ;                 ; no       ; On           ;
; A19      ; 440        ; 7        ; RESERVED_INPUT_WITH_WEAK_PULLUP                           ;        ;              ;         ; Column I/O ;                 ; no       ; On           ;
; A20      ;            ; 7        ; VCCIO7                                                    ; power  ;              ; 2.5V    ; --         ;                 ; --       ; --           ;
; A21      ; 425        ; 7        ; RESERVED_INPUT_WITH_WEAK_PULLUP                           ;        ;              ;         ; Column I/O ;                 ; no       ; On           ;
; A22      ; 423        ; 7        ; RESERVED_INPUT_WITH_WEAK_PULLUP                           ;        ;              ;         ; Column I/O ;                 ; no       ; On           ;
; A23      ; 412        ; 7        ; RESERVED_INPUT_WITH_WEAK_PULLUP                           ;        ;              ;         ; Column I/O ;                 ; no       ; On           ;
; A24      ;            ; 7        ; VCCIO7                                                    ; power  ;              ; 2.5V    ; --         ;                 ; --       ; --           ;
; A25      ; 405        ; 7        ; RESERVED_INPUT_WITH_WEAK_PULLUP                           ;        ;              ;         ; Column I/O ;                 ; no       ; On           ;
; A26      ; 404        ; 7        ; RESERVED_INPUT_WITH_WEAK_PULLUP                           ;        ;              ;         ; Column I/O ;                 ; no       ; On           ;
; A27      ;            ; 7        ; VCCIO7                                                    ; power  ;              ; 2.5V    ; --         ;                 ; --       ; --           ;
; AA1      ;            ; 2        ; VCCIO2                                                    ; power  ;              ; 2.5V    ; --         ;                 ; --       ; --           ;
; AA2      ;            ;          ; GND                                                       ; gnd    ;              ;         ; --         ;                 ; --       ; --           ;
; AA3      ; 102        ; 2        ; RESERVED_INPUT_WITH_WEAK_PULLUP                           ;        ;              ;         ; Row I/O    ;                 ; no       ; On           ;
; AA4      ; 101        ; 2        ; RESERVED_INPUT_WITH_WEAK_PULLUP                           ;        ;              ;         ; Row I/O    ;                 ; no       ; On           ;
; AA5      ; 119        ; 2        ; RESERVED_INPUT_WITH_WEAK_PULLUP                           ;        ;              ;         ; Row I/O    ;                 ; no       ; On           ;
; AA6      ; 118        ; 2        ; RESERVED_INPUT_WITH_WEAK_PULLUP                           ;        ;              ;         ; Row I/O    ;                 ; no       ; On           ;
; AA7      ; 120        ; 2        ; RESERVED_INPUT_WITH_WEAK_PULLUP                           ;        ;              ;         ; Row I/O    ;                 ; no       ; On           ;
; AA8      ; 154        ; 3        ; RESERVED_INPUT_WITH_WEAK_PULLUP                           ;        ;              ;         ; Column I/O ;                 ; no       ; On           ;
; AA9      ;            ;          ; GNDA1                                                     ; gnd    ;              ;         ; --         ;                 ; --       ; --           ;
; AA10     ; 155        ; 3        ; RESERVED_INPUT_WITH_WEAK_PULLUP                           ;        ;              ;         ; Column I/O ;                 ; no       ; On           ;
; AA11     ;            ; 3        ; VCCIO3                                                    ; power  ;              ; 2.5V    ; --         ;                 ; --       ; --           ;
; AA12     ; 188        ; 3        ; RESERVED_INPUT_WITH_WEAK_PULLUP                           ;        ;              ;         ; Column I/O ;                 ; no       ; On           ;
; AA13     ; 190        ; 3        ; RESERVED_INPUT_WITH_WEAK_PULLUP                           ;        ;              ;         ; Column I/O ;                 ; no       ; On           ;
; AA14     ; 191        ; 3        ; RESERVED_INPUT_WITH_WEAK_PULLUP                           ;        ;              ;         ; Column I/O ;                 ; no       ; On           ;
; AA15     ; 213        ; 4        ; RESERVED_INPUT_WITH_WEAK_PULLUP                           ;        ;              ;         ; Column I/O ;                 ; --       ; --           ;
; AA16     ; 211        ; 4        ; RESERVED_INPUT_WITH_WEAK_PULLUP                           ;        ;              ;         ; Column I/O ;                 ; no       ; On           ;
; AA17     ; 241        ; 4        ; RESERVED_INPUT_WITH_WEAK_PULLUP                           ;        ;              ;         ; Column I/O ;                 ; no       ; On           ;
; AA18     ;            ; 4        ; VCCIO4                                                    ; power  ;              ; 2.5V    ; --         ;                 ; --       ; --           ;
; AA19     ; 264        ; 4        ; HEX4[1]                                                   ; output ; 2.5 V        ;         ; Column I/O ; Y               ; no       ; Off          ;
; AA20     ;            ;          ; GNDA4                                                     ; gnd    ;              ;         ; --         ;                 ; --       ; --           ;
; AA21     ; 269        ; 4        ; HEX3[3]                                                   ; output ; 2.5 V        ;         ; Column I/O ; Y               ; no       ; Off          ;
; AA22     ; 275        ; 5        ; LEDR[6]                                                   ; output ; 2.5 V        ;         ; Row I/O    ; N               ; no       ; Off          ;
; AA23     ; 280        ; 5        ; RESERVED_INPUT_WITH_WEAK_PULLUP                           ;        ;              ;         ; Row I/O    ;                 ; no       ; On           ;
; AA24     ; 279        ; 5        ; RESERVED_INPUT_WITH_WEAK_PULLUP                           ;        ;              ;         ; Row I/O    ;                 ; --       ; --           ;
; AA25     ; 294        ; 5        ; HEX2[0]                                                   ; output ; 2.5 V        ;         ; Row I/O    ; Y               ; no       ; Off          ;
; AA26     ; 293        ; 5        ; HEX2[1]                                                   ; output ; 2.5 V        ;         ; Row I/O    ; Y               ; no       ; Off          ;
; AA27     ;            ;          ; GND                                                       ; gnd    ;              ;         ; --         ;                 ; --       ; --           ;
; AA28     ;            ; 5        ; VCCIO5                                                    ; power  ;              ; 2.5V    ; --         ;                 ; --       ; --           ;
; AB1      ; 86         ; 2        ; RESERVED_INPUT_WITH_WEAK_PULLUP                           ;        ;              ;         ; Row I/O    ;                 ; no       ; On           ;
; AB2      ; 85         ; 2        ; RESERVED_INPUT_WITH_WEAK_PULLUP                           ;        ;              ;         ; Row I/O    ;                 ; no       ; On           ;
; AB3      ; 99         ; 2        ; RESERVED_INPUT_WITH_WEAK_PULLUP                           ;        ;              ;         ; Row I/O    ;                 ; no       ; On           ;
; AB4      ; 121        ; 2        ; RESERVED_INPUT_WITH_WEAK_PULLUP                           ;        ;              ;         ; Row I/O    ;                 ; --       ; --           ;
; AB5      ; 127        ; 2        ; RESERVED_INPUT_WITH_WEAK_PULLUP                           ;        ;              ;         ; Row I/O    ;                 ; no       ; On           ;
; AB6      ; 126        ; 2        ; RESERVED_INPUT_WITH_WEAK_PULLUP                           ;        ;              ;         ; Row I/O    ;                 ; no       ; On           ;
; AB7      ; 152        ; 3        ; RESERVED_INPUT_WITH_WEAK_PULLUP                           ;        ;              ;         ; Column I/O ;                 ; no       ; On           ;
; AB8      ; 148        ; 3        ; RESERVED_INPUT_WITH_WEAK_PULLUP                           ;        ;              ;         ; Column I/O ;                 ; no       ; On           ;
; AB9      ; 147        ; 3        ; RESERVED_INPUT_WITH_WEAK_PULLUP                           ;        ;              ;         ; Column I/O ;                 ; no       ; On           ;
; AB10     ; 173        ; 3        ; RESERVED_INPUT_WITH_WEAK_PULLUP                           ;        ;              ;         ; Column I/O ;                 ; no       ; On           ;
; AB11     ; 164        ; 3        ; RESERVED_INPUT_WITH_WEAK_PULLUP                           ;        ;              ;         ; Column I/O ;                 ; --       ; --           ;
; AB12     ; 180        ; 3        ; RESERVED_INPUT_WITH_WEAK_PULLUP                           ;        ;              ;         ; Column I/O ;                 ; no       ; On           ;
; AB13     ; 181        ; 3        ; RESERVED_INPUT_WITH_WEAK_PULLUP                           ;        ;              ;         ; Column I/O ;                 ; --       ; --           ;
; AB14     ; 192        ; 3        ; RESERVED_INPUT_WITH_WEAK_PULLUP                           ;        ;              ;         ; Column I/O ;                 ; no       ; On           ;
; AB15     ; 214        ; 4        ; RESERVED_INPUT_WITH_WEAK_PULLUP                           ;        ;              ;         ; Column I/O ;                 ; no       ; On           ;
; AB16     ; 212        ; 4        ; RESERVED_INPUT_WITH_WEAK_PULLUP                           ;        ;              ;         ; Column I/O ;                 ; no       ; On           ;
; AB17     ; 242        ; 4        ; RESERVED_INPUT_WITH_WEAK_PULLUP                           ;        ;              ;         ; Column I/O ;                 ; no       ; On           ;
; AB18     ; 254        ; 4        ; HEX5[2]                                                   ; output ; 2.5 V        ;         ; Column I/O ; Y               ; no       ; Off          ;
; AB19     ; 253        ; 4        ; HEX4[0]                                                   ; output ; 2.5 V        ;         ; Column I/O ; Y               ; no       ; Off          ;
; AB20     ; 257        ; 4        ; HEX3[2]                                                   ; output ; 2.5 V        ;         ; Column I/O ; Y               ; no       ; Off          ;
; AB21     ; 266        ; 4        ; KEY[2]                                                    ; input  ; 2.5 V        ;         ; Column I/O ; Y               ; no       ; Off          ;
; AB22     ; 265        ; 4        ; KEY[0]                                                    ; input  ; 2.5 V        ;         ; Column I/O ; Y               ; no       ; Off          ;
; AB23     ; 276        ; 5        ; RESERVED_INPUT_WITH_WEAK_PULLUP                           ;        ;              ;         ; Row I/O    ;                 ; no       ; On           ;
; AB24     ; 274        ; 5        ; RESERVED_INPUT_WITH_WEAK_PULLUP                           ;        ;              ;         ; Row I/O    ;                 ; no       ; On           ;
; AB25     ; 292        ; 5        ; RESERVED_INPUT_WITH_WEAK_PULLUP                           ;        ;              ;         ; Row I/O    ;                 ; no       ; On           ;
; AB26     ; 291        ; 5        ; RESERVED_INPUT_WITH_WEAK_PULLUP                           ;        ;              ;         ; Row I/O    ;                 ; no       ; On           ;
; AB27     ; 296        ; 5        ; RESERVED_INPUT_WITH_WEAK_PULLUP                           ;        ;              ;         ; Row I/O    ;                 ; no       ; On           ;
; AB28     ; 295        ; 5        ; RESERVED_INPUT_WITH_WEAK_PULLUP                           ;        ;              ;         ; Row I/O    ;                 ; no       ; On           ;
; AC1      ; 94         ; 2        ; RESERVED_INPUT_WITH_WEAK_PULLUP                           ;        ;              ;         ; Row I/O    ;                 ; no       ; On           ;
; AC2      ; 93         ; 2        ; RESERVED_INPUT_WITH_WEAK_PULLUP                           ;        ;              ;         ; Row I/O    ;                 ; no       ; On           ;
; AC3      ; 95         ; 2        ; RESERVED_INPUT_WITH_WEAK_PULLUP                           ;        ;              ;         ; Row I/O    ;                 ; no       ; On           ;
; AC4      ; 125        ; 2        ; RESERVED_INPUT_WITH_WEAK_PULLUP                           ;        ;              ;         ; Row I/O    ;                 ; no       ; On           ;
; AC5      ; 124        ; 2        ; RESERVED_INPUT_WITH_WEAK_PULLUP                           ;        ;              ;         ; Row I/O    ;                 ; no       ; On           ;
; AC6      ;            ;          ; GND                                                       ; gnd    ;              ;         ; --         ;                 ; --       ; --           ;
; AC7      ; 144        ; 3        ; RESERVED_INPUT_WITH_WEAK_PULLUP                           ;        ;              ;         ; Column I/O ;                 ; no       ; On           ;
; AC8      ; 153        ; 3        ; RESERVED_INPUT_WITH_WEAK_PULLUP                           ;        ;              ;         ; Column I/O ;                 ; no       ; On           ;
; AC9      ;            ;          ; GND                                                       ; gnd    ;              ;         ; --         ;                 ; --       ; --           ;
; AC10     ; 174        ; 3        ; RESERVED_INPUT_WITH_WEAK_PULLUP                           ;        ;              ;         ; Column I/O ;                 ; no       ; On           ;
; AC11     ; 185        ; 3        ; RESERVED_INPUT_WITH_WEAK_PULLUP                           ;        ;              ;         ; Column I/O ;                 ; no       ; On           ;
; AC12     ; 179        ; 3        ; RESERVED_INPUT_WITH_WEAK_PULLUP                           ;        ;              ;         ; Column I/O ;                 ; no       ; On           ;
; AC13     ;            ;          ; GND                                                       ; gnd    ;              ;         ; --         ;                 ; --       ; --           ;
; AC14     ; 195        ; 3        ; RESERVED_INPUT_WITH_WEAK_PULLUP                           ;        ;              ;         ; Column I/O ;                 ; no       ; On           ;
; AC15     ; 203        ; 4        ; KEY[1]                                                    ; input  ; 2.5 V        ;         ; Column I/O ; Y               ; no       ; Off          ;
; AC16     ;            ;          ; GND                                                       ; gnd    ;              ;         ; --         ;                 ; --       ; --           ;
; AC17     ; 221        ; 4        ; RESERVED_INPUT_WITH_WEAK_PULLUP                           ;        ;              ;         ; Column I/O ;                 ; no       ; On           ;
; AC18     ; 240        ; 4        ; HEX5[1]                                                   ; output ; 2.5 V        ;         ; Column I/O ; Y               ; no       ; Off          ;
; AC19     ; 247        ; 4        ; SW[5]                                                     ; input  ; 2.5 V        ;         ; Column I/O ; Y               ; no       ; Off          ;
; AC20     ;            ;          ; GND                                                       ; gnd    ;              ;         ; --         ;                 ; --       ; --           ;
; AC21     ; 258        ; 4        ; RESERVED_INPUT_WITH_WEAK_PULLUP                           ;        ;              ;         ; Column I/O ;                 ; no       ; On           ;
; AC22     ; 267        ; 4        ; SW[12]                                                    ; input  ; 2.5 V        ;         ; Column I/O ; Y               ; no       ; Off          ;
; AC23     ;            ;          ; GND                                                       ; gnd    ;              ;         ; --         ;                 ; --       ; --           ;
; AC24     ; 273        ; 5        ; RESERVED_INPUT_WITH_WEAK_PULLUP                           ;        ;              ;         ; Row I/O    ;                 ; no       ; On           ;
; AC25     ; 272        ; 5        ; RESERVED_INPUT_WITH_WEAK_PULLUP                           ;        ;              ;         ; Row I/O    ;                 ; no       ; On           ;
; AC26     ; 282        ; 5        ; RESERVED_INPUT_WITH_WEAK_PULLUP                           ;        ;              ;         ; Row I/O    ;                 ; no       ; On           ;
; AC27     ; 290        ; 5        ; RESERVED_INPUT_WITH_WEAK_PULLUP                           ;        ;              ;         ; Row I/O    ;                 ; no       ; On           ;
; AC28     ; 289        ; 5        ; RESERVED_INPUT_WITH_WEAK_PULLUP                           ;        ;              ;         ; Row I/O    ;                 ; no       ; On           ;
; AD1      ; 98         ; 2        ; RESERVED_INPUT_WITH_WEAK_PULLUP                           ;        ;              ;         ; Row I/O    ;                 ; no       ; On           ;
; AD2      ; 97         ; 2        ; RESERVED_INPUT_WITH_WEAK_PULLUP                           ;        ;              ;         ; Row I/O    ;                 ; no       ; On           ;
; AD3      ; 96         ; 2        ; RESERVED_INPUT_WITH_WEAK_PULLUP                           ;        ;              ;         ; Row I/O    ;                 ; no       ; On           ;
; AD4      ; 130        ; 3        ; RESERVED_INPUT_WITH_WEAK_PULLUP                           ;        ;              ;         ; Column I/O ;                 ; no       ; On           ;
; AD5      ; 128        ; 3        ; RESERVED_INPUT_WITH_WEAK_PULLUP                           ;        ;              ;         ; Column I/O ;                 ; no       ; On           ;
; AD6      ;            ; 3        ; VCCIO3                                                    ; power  ;              ; 2.5V    ; --         ;                 ; --       ; --           ;
; AD7      ; 134        ; 3        ; RESERVED_INPUT_WITH_WEAK_PULLUP                           ;        ;              ;         ; Column I/O ;                 ; no       ; On           ;
; AD8      ; 143        ; 3        ; RESERVED_INPUT_WITH_WEAK_PULLUP                           ;        ;              ;         ; Column I/O ;                 ; no       ; On           ;
; AD9      ;            ; 3        ; VCCIO3                                                    ; power  ;              ; 2.5V    ; --         ;                 ; --       ; --           ;
; AD10     ; 149        ; 3        ; RESERVED_INPUT_WITH_WEAK_PULLUP                           ;        ;              ;         ; Column I/O ;                 ; no       ; On           ;
; AD11     ; 186        ; 3        ; RESERVED_INPUT_WITH_WEAK_PULLUP                           ;        ;              ;         ; Column I/O ;                 ; no       ; On           ;
; AD12     ; 182        ; 3        ; RESERVED_INPUT_WITH_WEAK_PULLUP                           ;        ;              ;         ; Column I/O ;                 ; no       ; On           ;
; AD13     ;            ; 3        ; VCCIO3                                                    ; power  ;              ; 2.5V    ; --         ;                 ; --       ; --           ;
; AD14     ; 196        ; 3        ; RESERVED_INPUT_WITH_WEAK_PULLUP                           ;        ;              ;         ; Column I/O ;                 ; no       ; On           ;
; AD15     ; 204        ; 4        ; SW[3]                                                     ; input  ; 2.5 V        ;         ; Column I/O ; Y               ; no       ; Off          ;
; AD16     ;            ; 4        ; VCCIO4                                                    ; power  ;              ; 2.5V    ; --         ;                 ; --       ; --           ;
; AD17     ; 222        ; 4        ; RESERVED_INPUT_WITH_WEAK_PULLUP                           ;        ;              ;         ; Column I/O ;                 ; no       ; On           ;
; AD18     ; 237        ; 4        ; HEX5[0]                                                   ; output ; 2.5 V        ;         ; Column I/O ; Y               ; no       ; Off          ;
; AD19     ; 248        ; 4        ; SW[7]                                                     ; input  ; 2.5 V        ;         ; Column I/O ; Y               ; no       ; Off          ;
; AD20     ;            ; 4        ; VCCIO4                                                    ; power  ;              ; 2.5V    ; --         ;                 ; --       ; --           ;
; AD21     ; 259        ; 4        ; SW[1]                                                     ; input  ; 2.5 V        ;         ; Column I/O ; Y               ; no       ; Off          ;
; AD22     ; 268        ; 4        ; SW[16]                                                    ; input  ; 2.5 V        ;         ; Column I/O ; Y               ; no       ; Off          ;
; AD23     ;            ; 4        ; VCCIO4                                                    ; power  ;              ; 2.5V    ; --         ;                 ; --       ; --           ;
; AD24     ; 260        ; 4        ; HEX3[4]                                                   ; output ; 2.5 V        ;         ; Column I/O ; Y               ; no       ; Off          ;
; AD25     ; 255        ; 4        ; RESERVED_INPUT_WITH_WEAK_PULLUP                           ;        ;              ;         ; Column I/O ;                 ; no       ; On           ;
; AD26     ; 281        ; 5        ; RESERVED_INPUT_WITH_WEAK_PULLUP                           ;        ;              ;         ; Row I/O    ;                 ; no       ; On           ;
; AD27     ; 286        ; 5        ; RESERVED_INPUT_WITH_WEAK_PULLUP                           ;        ;              ;         ; Row I/O    ;                 ; no       ; On           ;
; AD28     ; 285        ; 5        ; RESERVED_INPUT_WITH_WEAK_PULLUP                           ;        ;              ;         ; Row I/O    ;                 ; no       ; On           ;
; AE1      ; 106        ; 2        ; RESERVED_INPUT_WITH_WEAK_PULLUP                           ;        ;              ;         ; Row I/O    ;                 ; no       ; On           ;
; AE2      ; 105        ; 2        ; RESERVED_INPUT_WITH_WEAK_PULLUP                           ;        ;              ;         ; Row I/O    ;                 ; no       ; On           ;
; AE3      ; 122        ; 2        ; RESERVED_INPUT_WITH_WEAK_PULLUP                           ;        ;              ;         ; Row I/O    ;                 ; no       ; On           ;
; AE4      ; 132        ; 3        ; RESERVED_INPUT_WITH_WEAK_PULLUP                           ;        ;              ;         ; Column I/O ;                 ; no       ; On           ;
; AE5      ; 135        ; 3        ; RESERVED_INPUT_WITH_WEAK_PULLUP                           ;        ;              ;         ; Column I/O ;                 ; no       ; On           ;
; AE6      ; 129        ; 3        ; RESERVED_INPUT_WITH_WEAK_PULLUP                           ;        ;              ;         ; Column I/O ;                 ; no       ; On           ;
; AE7      ; 158        ; 3        ; RESERVED_INPUT_WITH_WEAK_PULLUP                           ;        ;              ;         ; Column I/O ;                 ; no       ; On           ;
; AE8      ; 161        ; 3        ; RESERVED_INPUT_WITH_WEAK_PULLUP                           ;        ;              ;         ; Column I/O ;                 ; no       ; On           ;
; AE9      ; 163        ; 3        ; RESERVED_INPUT_WITH_WEAK_PULLUP                           ;        ;              ;         ; Column I/O ;                 ; no       ; On           ;
; AE10     ; 165        ; 3        ; RESERVED_INPUT_WITH_WEAK_PULLUP                           ;        ;              ;         ; Column I/O ;                 ; no       ; On           ;
; AE11     ; 171        ; 3        ; RESERVED_INPUT_WITH_WEAK_PULLUP                           ;        ;              ;         ; Column I/O ;                 ; no       ; On           ;
; AE12     ; 169        ; 3        ; RESERVED_INPUT_WITH_WEAK_PULLUP                           ;        ;              ;         ; Column I/O ;                 ; no       ; On           ;
; AE13     ; 177        ; 3        ; RESERVED_INPUT_WITH_WEAK_PULLUP                           ;        ;              ;         ; Column I/O ;                 ; no       ; On           ;
; AE14     ; 183        ; 3        ; RESERVED_INPUT_WITH_WEAK_PULLUP                           ;        ;              ;         ; Column I/O ;                 ; no       ; On           ;
; AE15     ; 205        ; 4        ; SW[4]                                                     ; input  ; 2.5 V        ;         ; Column I/O ; Y               ; no       ; Off          ;
; AE16     ; 209        ; 4        ; SW[2]                                                     ; input  ; 2.5 V        ;         ; Column I/O ; Y               ; no       ; Off          ;
; AE17     ; 215        ; 4        ; RESERVED_INPUT_WITH_WEAK_PULLUP                           ;        ;              ;         ; Column I/O ;                 ; no       ; On           ;
; AE18     ; 225        ; 4        ; HEX4[6]                                                   ; output ; 2.5 V        ;         ; Column I/O ; Y               ; no       ; Off          ;
; AE19     ; 231        ; 4        ; HEX4[4]                                                   ; output ; 2.5 V        ;         ; Column I/O ; Y               ; no       ; Off          ;
; AE20     ; 235        ; 4        ; RESERVED_INPUT_WITH_WEAK_PULLUP                           ;        ;              ;         ; Column I/O ;                 ; no       ; On           ;
; AE21     ; 238        ; 4        ; SW[10]                                                    ; input  ; 2.5 V        ;         ; Column I/O ; Y               ; no       ; Off          ;
; AE22     ; 251        ; 4        ; SW[13]                                                    ; input  ; 2.5 V        ;         ; Column I/O ; Y               ; no       ; Off          ;
; AE23     ; 261        ; 4        ; RESERVED_INPUT_WITH_WEAK_PULLUP                           ;        ;              ;         ; Column I/O ;                 ; no       ; On           ;
; AE24     ; 256        ; 4        ; RESERVED_INPUT_WITH_WEAK_PULLUP                           ;        ;              ;         ; Column I/O ;                 ; no       ; On           ;
; AE25     ; 243        ; 4        ; RESERVED_INPUT_WITH_WEAK_PULLUP                           ;        ;              ;         ; Column I/O ;                 ; no       ; On           ;
; AE26     ; 278        ; 5        ; RESERVED_INPUT_WITH_WEAK_PULLUP                           ;        ;              ;         ; Row I/O    ;                 ; no       ; On           ;
; AE27     ; 284        ; 5        ; RESERVED_INPUT_WITH_WEAK_PULLUP                           ;        ;              ;         ; Row I/O    ;                 ; no       ; On           ;
; AE28     ; 283        ; 5        ; RESERVED_INPUT_WITH_WEAK_PULLUP                           ;        ;              ;         ; Row I/O    ;                 ; no       ; On           ;
; AF1      ;            ;          ; GND                                                       ; gnd    ;              ;         ; --         ;                 ; --       ; --           ;
; AF2      ; 123        ; 2        ; RESERVED_INPUT_WITH_WEAK_PULLUP                           ;        ;              ;         ; Row I/O    ;                 ; no       ; On           ;
; AF3      ; 138        ; 3        ; RESERVED_INPUT_WITH_WEAK_PULLUP                           ;        ;              ;         ; Column I/O ;                 ; no       ; On           ;
; AF4      ; 131        ; 3        ; RESERVED_INPUT_WITH_WEAK_PULLUP                           ;        ;              ;         ; Column I/O ;                 ; no       ; On           ;
; AF5      ; 136        ; 3        ; RESERVED_INPUT_WITH_WEAK_PULLUP                           ;        ;              ;         ; Column I/O ;                 ; no       ; On           ;
; AF6      ; 139        ; 3        ; RESERVED_INPUT_WITH_WEAK_PULLUP                           ;        ;              ;         ; Column I/O ;                 ; no       ; On           ;
; AF7      ; 159        ; 3        ; RESERVED_INPUT_WITH_WEAK_PULLUP                           ;        ;              ;         ; Column I/O ;                 ; no       ; On           ;
; AF8      ; 162        ; 3        ; RESERVED_INPUT_WITH_WEAK_PULLUP                           ;        ;              ;         ; Column I/O ;                 ; no       ; On           ;
; AF9      ; 160        ; 3        ; RESERVED_INPUT_WITH_WEAK_PULLUP                           ;        ;              ;         ; Column I/O ;                 ; no       ; On           ;
; AF10     ; 166        ; 3        ; RESERVED_INPUT_WITH_WEAK_PULLUP                           ;        ;              ;         ; Column I/O ;                 ; no       ; On           ;
; AF11     ; 172        ; 3        ; RESERVED_INPUT_WITH_WEAK_PULLUP                           ;        ;              ;         ; Column I/O ;                 ; no       ; On           ;
; AF12     ; 170        ; 3        ; RESERVED_INPUT_WITH_WEAK_PULLUP                           ;        ;              ;         ; Column I/O ;                 ; no       ; On           ;
; AF13     ; 178        ; 3        ; RESERVED_INPUT_WITH_WEAK_PULLUP                           ;        ;              ;         ; Column I/O ;                 ; no       ; On           ;
; AF14     ; 184        ; 3        ; RESERVED_INPUT_WITH_WEAK_PULLUP                           ;        ;              ;         ; Column I/O ;                 ; no       ; On           ;
; AF15     ; 206        ; 4        ; SW[8]                                                     ; input  ; 2.5 V        ;         ; Column I/O ; Y               ; no       ; Off          ;
; AF16     ; 210        ; 4        ; SW[6]                                                     ; input  ; 2.5 V        ;         ; Column I/O ; Y               ; no       ; Off          ;
; AF17     ; 216        ; 4        ; RESERVED_INPUT_WITH_WEAK_PULLUP                           ;        ;              ;         ; Column I/O ;                 ; no       ; On           ;
; AF18     ; 226        ; 4        ; HEX5[5]                                                   ; output ; 2.5 V        ;         ; Column I/O ; Y               ; no       ; Off          ;
; AF19     ; 232        ; 4        ; HEX4[5]                                                   ; output ; 2.5 V        ;         ; Column I/O ; Y               ; no       ; Off          ;
; AF20     ; 236        ; 4        ; RESERVED_INPUT_WITH_WEAK_PULLUP                           ;        ;              ;         ; Column I/O ;                 ; no       ; On           ;
; AF21     ; 239        ; 4        ; SW[14]                                                    ; input  ; 2.5 V        ;         ; Column I/O ; Y               ; no       ; Off          ;
; AF22     ; 252        ; 4        ; SW[15]                                                    ; input  ; 2.5 V        ;         ; Column I/O ; Y               ; no       ; Off          ;
; AF23     ; 262        ; 4        ; HEX3[5]                                                   ; output ; 2.5 V        ;         ; Column I/O ; Y               ; no       ; Off          ;
; AF24     ; 233        ; 4        ; SW[9]                                                     ; input  ; 2.5 V        ;         ; Column I/O ; Y               ; no       ; Off          ;
; AF25     ; 234        ; 4        ; SW[11]                                                    ; input  ; 2.5 V        ;         ; Column I/O ; Y               ; no       ; Off          ;
; AF26     ; 244        ; 4        ; RESERVED_INPUT_WITH_WEAK_PULLUP                           ;        ;              ;         ; Column I/O ;                 ; no       ; On           ;
; AF27     ; 277        ; 5        ; RESERVED_INPUT_WITH_WEAK_PULLUP                           ;        ;              ;         ; Row I/O    ;                 ; no       ; On           ;
; AF28     ;            ;          ; GND                                                       ; gnd    ;              ;         ; --         ;                 ; --       ; --           ;
; AG1      ;            ; 2        ; VCCIO2                                                    ; power  ;              ; 2.5V    ; --         ;                 ; --       ; --           ;
; AG2      ;            ;          ; GND                                                       ; gnd    ;              ;         ; --         ;                 ; --       ; --           ;
; AG3      ; 133        ; 3        ; RESERVED_INPUT_WITH_WEAK_PULLUP                           ;        ;              ;         ; Column I/O ;                 ; no       ; On           ;
; AG4      ; 141        ; 3        ; RESERVED_INPUT_WITH_WEAK_PULLUP                           ;        ;              ;         ; Column I/O ;                 ; no       ; On           ;
; AG5      ;            ;          ; GND                                                       ; gnd    ;              ;         ; --         ;                 ; --       ; --           ;
; AG6      ; 145        ; 3        ; RESERVED_INPUT_WITH_WEAK_PULLUP                           ;        ;              ;         ; Column I/O ;                 ; no       ; On           ;
; AG7      ; 150        ; 3        ; RESERVED_INPUT_WITH_WEAK_PULLUP                           ;        ;              ;         ; Column I/O ;                 ; no       ; On           ;
; AG8      ; 156        ; 3        ; RESERVED_INPUT_WITH_WEAK_PULLUP                           ;        ;              ;         ; Column I/O ;                 ; no       ; On           ;
; AG9      ;            ;          ; GND                                                       ; gnd    ;              ;         ; --         ;                 ; --       ; --           ;
; AG10     ; 167        ; 3        ; RESERVED_INPUT_WITH_WEAK_PULLUP                           ;        ;              ;         ; Column I/O ;                 ; no       ; On           ;
; AG11     ; 175        ; 3        ; RESERVED_INPUT_WITH_WEAK_PULLUP                           ;        ;              ;         ; Column I/O ;                 ; no       ; On           ;
; AG12     ; 193        ; 3        ; RESERVED_INPUT_WITH_WEAK_PULLUP                           ;        ;              ;         ; Column I/O ;                 ; no       ; On           ;
; AG13     ;            ;          ; GND                                                       ; gnd    ;              ;         ; --         ;                 ; --       ; --           ;
; AG14     ; 199        ; 3        ; GND+                                                      ;        ;              ;         ; Column I/O ;                 ; --       ; --           ;
; AG15     ; 201        ; 4        ; GND+                                                      ;        ;              ;         ; Column I/O ;                 ; --       ; --           ;
; AG16     ;            ;          ; GND                                                       ; gnd    ;              ;         ; --         ;                 ; --       ; --           ;
; AG17     ; 207        ; 4        ; RESERVED_INPUT_WITH_WEAK_PULLUP                           ;        ;              ;         ; Column I/O ;                 ; no       ; On           ;
; AG18     ; 217        ; 4        ; RESERVED_INPUT_WITH_WEAK_PULLUP                           ;        ;              ;         ; Column I/O ;                 ; no       ; On           ;
; AG19     ; 219        ; 4        ; HEX5[4]                                                   ; output ; 2.5 V        ;         ; Column I/O ; Y               ; no       ; Off          ;
; AG20     ;            ;          ; GND                                                       ; gnd    ;              ;         ; --         ;                 ; --       ; --           ;
; AG21     ; 223        ; 4        ; HEX4[2]                                                   ; output ; 2.5 V        ;         ; Column I/O ; Y               ; no       ; Off          ;
; AG22     ; 227        ; 4        ; RESERVED_INPUT_WITH_WEAK_PULLUP                           ;        ;              ;         ; Column I/O ;                 ; no       ; On           ;
; AG23     ; 229        ; 4        ; RESERVED_INPUT_WITH_WEAK_PULLUP                           ;        ;              ;         ; Column I/O ;                 ; no       ; On           ;
; AG24     ;            ;          ; GND                                                       ; gnd    ;              ;         ; --         ;                 ; --       ; --           ;
; AG25     ; 245        ; 4        ; SW[17]                                                    ; input  ; 2.5 V        ;         ; Column I/O ; Y               ; no       ; Off          ;
; AG26     ; 270        ; 4        ; RESERVED_INPUT_WITH_WEAK_PULLUP                           ;        ;              ;         ; Column I/O ;                 ; no       ; On           ;
; AG27     ;            ;          ; GND                                                       ; gnd    ;              ;         ; --         ;                 ; --       ; --           ;
; AG28     ;            ; 5        ; VCCIO5                                                    ; power  ;              ; 2.5V    ; --         ;                 ; --       ; --           ;
; AH2      ;            ; 3        ; VCCIO3                                                    ; power  ;              ; 2.5V    ; --         ;                 ; --       ; --           ;
; AH3      ; 137        ; 3        ; RESERVED_INPUT_WITH_WEAK_PULLUP                           ;        ;              ;         ; Column I/O ;                 ; no       ; On           ;
; AH4      ; 142        ; 3        ; RESERVED_INPUT_WITH_WEAK_PULLUP                           ;        ;              ;         ; Column I/O ;                 ; no       ; On           ;
; AH5      ;            ; 3        ; VCCIO3                                                    ; power  ;              ; 2.5V    ; --         ;                 ; --       ; --           ;
; AH6      ; 146        ; 3        ; RESERVED_INPUT_WITH_WEAK_PULLUP                           ;        ;              ;         ; Column I/O ;                 ; no       ; On           ;
; AH7      ; 151        ; 3        ; RESERVED_INPUT_WITH_WEAK_PULLUP                           ;        ;              ;         ; Column I/O ;                 ; no       ; On           ;
; AH8      ; 157        ; 3        ; RESERVED_INPUT_WITH_WEAK_PULLUP                           ;        ;              ;         ; Column I/O ;                 ; no       ; On           ;
; AH9      ;            ; 3        ; VCCIO3                                                    ; power  ;              ; 2.5V    ; --         ;                 ; --       ; --           ;
; AH10     ; 168        ; 3        ; RESERVED_INPUT_WITH_WEAK_PULLUP                           ;        ;              ;         ; Column I/O ;                 ; no       ; On           ;
; AH11     ; 176        ; 3        ; RESERVED_INPUT_WITH_WEAK_PULLUP                           ;        ;              ;         ; Column I/O ;                 ; no       ; On           ;
; AH12     ; 194        ; 3        ; RESERVED_INPUT_WITH_WEAK_PULLUP                           ;        ;              ;         ; Column I/O ;                 ; no       ; On           ;
; AH13     ;            ; 3        ; VCCIO3                                                    ; power  ;              ; 2.5V    ; --         ;                 ; --       ; --           ;
; AH14     ; 200        ; 3        ; GND+                                                      ;        ;              ;         ; Column I/O ;                 ; --       ; --           ;
; AH15     ; 202        ; 4        ; GND+                                                      ;        ;              ;         ; Column I/O ;                 ; --       ; --           ;
; AH16     ;            ; 4        ; VCCIO4                                                    ; power  ;              ; 2.5V    ; --         ;                 ; --       ; --           ;
; AH17     ; 208        ; 4        ; RESERVED_INPUT_WITH_WEAK_PULLUP                           ;        ;              ;         ; Column I/O ;                 ; no       ; On           ;
; AH18     ; 218        ; 4        ; HEX5[6]                                                   ; output ; 2.5 V        ;         ; Column I/O ; Y               ; no       ; Off          ;
; AH19     ; 220        ; 4        ; HEX5[3]                                                   ; output ; 2.5 V        ;         ; Column I/O ; Y               ; no       ; Off          ;
; AH20     ;            ; 4        ; VCCIO4                                                    ; power  ;              ; 2.5V    ; --         ;                 ; --       ; --           ;
; AH21     ; 224        ; 4        ; HEX4[3]                                                   ; output ; 2.5 V        ;         ; Column I/O ; Y               ; no       ; Off          ;
; AH22     ; 228        ; 4        ; RESERVED_INPUT_WITH_WEAK_PULLUP                           ;        ;              ;         ; Column I/O ;                 ; no       ; On           ;
; AH23     ; 230        ; 4        ; RESERVED_INPUT_WITH_WEAK_PULLUP                           ;        ;              ;         ; Column I/O ;                 ; no       ; On           ;
; AH24     ;            ; 4        ; VCCIO4                                                    ; power  ;              ; 2.5V    ; --         ;                 ; --       ; --           ;
; AH25     ; 246        ; 4        ; RESERVED_INPUT_WITH_WEAK_PULLUP                           ;        ;              ;         ; Column I/O ;                 ; no       ; On           ;
; AH26     ; 271        ; 4        ; RESERVED_INPUT_WITH_WEAK_PULLUP                           ;        ;              ;         ; Column I/O ;                 ; no       ; On           ;
; AH27     ;            ; 4        ; VCCIO4                                                    ; power  ;              ; 2.5V    ; --         ;                 ; --       ; --           ;
; B1       ;            ; 1        ; VCCIO1                                                    ; power  ;              ; 2.5V    ; --         ;                 ; --       ; --           ;
; B2       ;            ;          ; GND                                                       ; gnd    ;              ;         ; --         ;                 ; --       ; --           ;
; B3       ; 534        ; 8        ; RESERVED_INPUT_WITH_WEAK_PULLUP                           ;        ;              ;         ; Column I/O ;                 ; no       ; On           ;
; B4       ; 533        ; 8        ; RESERVED_INPUT_WITH_WEAK_PULLUP                           ;        ;              ;         ; Column I/O ;                 ; no       ; On           ;
; B5       ;            ;          ; GND                                                       ; gnd    ;              ;         ; --         ;                 ; --       ; --           ;
; B6       ; 505        ; 8        ; RESERVED_INPUT_WITH_WEAK_PULLUP                           ;        ;              ;         ; Column I/O ;                 ; no       ; On           ;
; B7       ; 502        ; 8        ; RESERVED_INPUT_WITH_WEAK_PULLUP                           ;        ;              ;         ; Column I/O ;                 ; no       ; On           ;
; B8       ; 518        ; 8        ; RESERVED_INPUT_WITH_WEAK_PULLUP                           ;        ;              ;         ; Column I/O ;                 ; no       ; On           ;
; B9       ;            ;          ; GND                                                       ; gnd    ;              ;         ; --         ;                 ; --       ; --           ;
; B10      ; 492        ; 8        ; RESERVED_INPUT_WITH_WEAK_PULLUP                           ;        ;              ;         ; Column I/O ;                 ; no       ; On           ;
; B11      ; 488        ; 8        ; RESERVED_INPUT_WITH_WEAK_PULLUP                           ;        ;              ;         ; Column I/O ;                 ; no       ; On           ;
; B12      ;            ;          ; GND                                                       ; gnd    ;              ;         ; --         ;                 ; --       ; --           ;
; B13      ;            ;          ; GND                                                       ; gnd    ;              ;         ; --         ;                 ; --       ; --           ;
; B14      ; 473        ; 8        ; GND+                                                      ;        ;              ;         ; Column I/O ;                 ; --       ; --           ;
; B15      ; 471        ; 7        ; GND+                                                      ;        ;              ;         ; Column I/O ;                 ; --       ; --           ;
; B16      ;            ;          ; GND                                                       ; gnd    ;              ;         ; --         ;                 ; --       ; --           ;
; B17      ; 463        ; 7        ; RESERVED_INPUT_WITH_WEAK_PULLUP                           ;        ;              ;         ; Column I/O ;                 ; no       ; On           ;
; B18      ; 443        ; 7        ; RESERVED_INPUT_WITH_WEAK_PULLUP                           ;        ;              ;         ; Column I/O ;                 ; no       ; On           ;
; B19      ; 441        ; 7        ; RESERVED_INPUT_WITH_WEAK_PULLUP                           ;        ;              ;         ; Column I/O ;                 ; no       ; On           ;
; B20      ;            ;          ; GND                                                       ; gnd    ;              ;         ; --         ;                 ; --       ; --           ;
; B21      ; 426        ; 7        ; RESERVED_INPUT_WITH_WEAK_PULLUP                           ;        ;              ;         ; Column I/O ;                 ; no       ; On           ;
; B22      ; 424        ; 7        ; RESERVED_INPUT_WITH_WEAK_PULLUP                           ;        ;              ;         ; Column I/O ;                 ; no       ; On           ;
; B23      ; 413        ; 7        ; RESERVED_INPUT_WITH_WEAK_PULLUP                           ;        ;              ;         ; Column I/O ;                 ; no       ; On           ;
; B24      ;            ;          ; GND                                                       ; gnd    ;              ;         ; --         ;                 ; --       ; --           ;
; B25      ; 406        ; 7        ; RESERVED_INPUT_WITH_WEAK_PULLUP                           ;        ;              ;         ; Column I/O ;                 ; no       ; On           ;
; B26      ; 401        ; 7        ; RESERVED_INPUT_WITH_WEAK_PULLUP                           ;        ;              ;         ; Column I/O ;                 ; no       ; On           ;
; B27      ;            ;          ; GND                                                       ; gnd    ;              ;         ; --         ;                 ; --       ; --           ;
; B28      ;            ; 6        ; VCCIO6                                                    ; power  ;              ; 2.5V    ; --         ;                 ; --       ; --           ;
; C1       ;            ;          ; GND                                                       ; gnd    ;              ;         ; --         ;                 ; --       ; --           ;
; C2       ; 1          ; 1        ; RESERVED_INPUT_WITH_WEAK_PULLUP                           ;        ;              ;         ; Row I/O    ;                 ; no       ; On           ;
; C3       ; 543        ; 8        ; RESERVED_INPUT_WITH_WEAK_PULLUP                           ;        ;              ;         ; Column I/O ;                 ; no       ; On           ;
; C4       ; 539        ; 8        ; RESERVED_INPUT_WITH_WEAK_PULLUP                           ;        ;              ;         ; Column I/O ;                 ; no       ; On           ;
; C5       ; 538        ; 8        ; RESERVED_INPUT_WITH_WEAK_PULLUP                           ;        ;              ;         ; Column I/O ;                 ; no       ; On           ;
; C6       ; 536        ; 8        ; RESERVED_INPUT_WITH_WEAK_PULLUP                           ;        ;              ;         ; Column I/O ;                 ; no       ; On           ;
; C7       ; 521        ; 8        ; RESERVED_INPUT_WITH_WEAK_PULLUP                           ;        ;              ;         ; Column I/O ;                 ; no       ; On           ;
; C8       ; 519        ; 8        ; RESERVED_INPUT_WITH_WEAK_PULLUP                           ;        ;              ;         ; Column I/O ;                 ; no       ; On           ;
; C9       ; 510        ; 8        ; RESERVED_INPUT_WITH_WEAK_PULLUP                           ;        ;              ;         ; Column I/O ;                 ; no       ; On           ;
; C10      ; 495        ; 8        ; RESERVED_INPUT_WITH_WEAK_PULLUP                           ;        ;              ;         ; Column I/O ;                 ; no       ; On           ;
; C11      ; 508        ; 8        ; RESERVED_INPUT_WITH_WEAK_PULLUP                           ;        ;              ;         ; Column I/O ;                 ; no       ; On           ;
; C12      ; 478        ; 8        ; RESERVED_INPUT_WITH_WEAK_PULLUP                           ;        ;              ;         ; Column I/O ;                 ; no       ; On           ;
; C13      ; 474        ; 8        ; RESERVED_INPUT_WITH_WEAK_PULLUP                           ;        ;              ;         ; Column I/O ;                 ; no       ; On           ;
; C14      ; 476        ; 8        ; RESERVED_INPUT_WITH_WEAK_PULLUP                           ;        ;              ;         ; Column I/O ;                 ; no       ; On           ;
; C15      ; 468        ; 7        ; RESERVED_INPUT_WITH_WEAK_PULLUP                           ;        ;              ;         ; Column I/O ;                 ; no       ; On           ;
; C16      ; 460        ; 7        ; RESERVED_INPUT_WITH_WEAK_PULLUP                           ;        ;              ;         ; Column I/O ;                 ; no       ; On           ;
; C17      ; 438        ; 7        ; RESERVED_INPUT_WITH_WEAK_PULLUP                           ;        ;              ;         ; Column I/O ;                 ; no       ; On           ;
; C18      ; 429        ; 7        ; RESERVED_INPUT_WITH_WEAK_PULLUP                           ;        ;              ;         ; Column I/O ;                 ; no       ; On           ;
; C19      ; 435        ; 7        ; RESERVED_INPUT_WITH_WEAK_PULLUP                           ;        ;              ;         ; Column I/O ;                 ; no       ; On           ;
; C20      ; 431        ; 7        ; RESERVED_INPUT_WITH_WEAK_PULLUP                           ;        ;              ;         ; Column I/O ;                 ; no       ; On           ;
; C21      ; 422        ; 7        ; LEDR[11]                                                  ; output ; 2.5 V        ;         ; Column I/O ; N               ; no       ; Off          ;
; C22      ; 418        ; 7        ; RESERVED_INPUT_WITH_WEAK_PULLUP                           ;        ;              ;         ; Column I/O ;                 ; no       ; On           ;
; C23      ; 415        ; 7        ; RESERVED_INPUT_WITH_WEAK_PULLUP                           ;        ;              ;         ; Column I/O ;                 ; no       ; On           ;
; C24      ; 416        ; 7        ; RESERVED_INPUT_WITH_WEAK_PULLUP                           ;        ;              ;         ; Column I/O ;                 ; no       ; On           ;
; C25      ; 411        ; 7        ; RESERVED_INPUT_WITH_WEAK_PULLUP                           ;        ;              ;         ; Column I/O ;                 ; no       ; On           ;
; C26      ; 400        ; 7        ; RESERVED_INPUT_WITH_WEAK_PULLUP                           ;        ;              ;         ; Column I/O ;                 ; no       ; On           ;
; C27      ; 382        ; 6        ; RESERVED_INPUT_WITH_WEAK_PULLUP                           ;        ;              ;         ; Row I/O    ;                 ; no       ; On           ;
; C28      ;            ;          ; GND                                                       ; gnd    ;              ;         ; --         ;                 ; --       ; --           ;
; D1       ; 3          ; 1        ; RESERVED_INPUT_WITH_WEAK_PULLUP                           ;        ;              ;         ; Row I/O    ;                 ; no       ; On           ;
; D2       ; 2          ; 1        ; RESERVED_INPUT_WITH_WEAK_PULLUP                           ;        ;              ;         ; Row I/O    ;                 ; no       ; On           ;
; D3       ;            ;          ; GND                                                       ; gnd    ;              ;         ; --         ;                 ; --       ; --           ;
; D4       ; 540        ; 8        ; RESERVED_INPUT_WITH_WEAK_PULLUP                           ;        ;              ;         ; Column I/O ;                 ; no       ; On           ;
; D5       ; 537        ; 8        ; RESERVED_INPUT_WITH_WEAK_PULLUP                           ;        ;              ;         ; Column I/O ;                 ; no       ; On           ;
; D6       ; 524        ; 8        ; RESERVED_INPUT_WITH_WEAK_PULLUP                           ;        ;              ;         ; Column I/O ;                 ; no       ; On           ;
; D7       ; 522        ; 8        ; RESERVED_INPUT_WITH_WEAK_PULLUP                           ;        ;              ;         ; Column I/O ;                 ; no       ; On           ;
; D8       ; 520        ; 8        ; RESERVED_INPUT_WITH_WEAK_PULLUP                           ;        ;              ;         ; Column I/O ;                 ; no       ; On           ;
; D9       ; 511        ; 8        ; RESERVED_INPUT_WITH_WEAK_PULLUP                           ;        ;              ;         ; Column I/O ;                 ; no       ; On           ;
; D10      ; 496        ; 8        ; RESERVED_INPUT_WITH_WEAK_PULLUP                           ;        ;              ;         ; Column I/O ;                 ; no       ; On           ;
; D11      ; 509        ; 8        ; RESERVED_INPUT_WITH_WEAK_PULLUP                           ;        ;              ;         ; Column I/O ;                 ; no       ; On           ;
; D12      ; 479        ; 8        ; RESERVED_INPUT_WITH_WEAK_PULLUP                           ;        ;              ;         ; Column I/O ;                 ; no       ; On           ;
; D13      ; 475        ; 8        ; RESERVED_INPUT_WITH_WEAK_PULLUP                           ;        ;              ;         ; Column I/O ;                 ; no       ; On           ;
; D14      ; 477        ; 8        ; RESERVED_INPUT_WITH_WEAK_PULLUP                           ;        ;              ;         ; Column I/O ;                 ; no       ; On           ;
; D15      ; 469        ; 7        ; RESERVED_INPUT_WITH_WEAK_PULLUP                           ;        ;              ;         ; Column I/O ;                 ; no       ; On           ;
; D16      ; 461        ; 7        ; RESERVED_INPUT_WITH_WEAK_PULLUP                           ;        ;              ;         ; Column I/O ;                 ; no       ; On           ;
; D17      ; 439        ; 7        ; RESERVED_INPUT_WITH_WEAK_PULLUP                           ;        ;              ;         ; Column I/O ;                 ; no       ; On           ;
; D18      ; 430        ; 7        ; RESERVED_INPUT_WITH_WEAK_PULLUP                           ;        ;              ;         ; Column I/O ;                 ; no       ; On           ;
; D19      ; 436        ; 7        ; RESERVED_INPUT_WITH_WEAK_PULLUP                           ;        ;              ;         ; Column I/O ;                 ; no       ; On           ;
; D20      ; 432        ; 7        ; RESERVED_INPUT_WITH_WEAK_PULLUP                           ;        ;              ;         ; Column I/O ;                 ; no       ; On           ;
; D21      ; 419        ; 7        ; RESERVED_INPUT_WITH_WEAK_PULLUP                           ;        ;              ;         ; Column I/O ;                 ; no       ; On           ;
; D22      ; 402        ; 7        ; RESERVED_INPUT_WITH_WEAK_PULLUP                           ;        ;              ;         ; Column I/O ;                 ; no       ; On           ;
; D23      ; 414        ; 7        ; RESERVED_INPUT_WITH_WEAK_PULLUP                           ;        ;              ;         ; Column I/O ;                 ; no       ; On           ;
; D24      ; 417        ; 7        ; RESERVED_INPUT_WITH_WEAK_PULLUP                           ;        ;              ;         ; Column I/O ;                 ; no       ; On           ;
; D25      ; 410        ; 7        ; RESERVED_INPUT_WITH_WEAK_PULLUP                           ;        ;              ;         ; Column I/O ;                 ; no       ; On           ;
; D26      ; 383        ; 6        ; RESERVED_INPUT_WITH_WEAK_PULLUP                           ;        ;              ;         ; Row I/O    ;                 ; no       ; On           ;
; D27      ; 381        ; 6        ; RESERVED_INPUT_WITH_WEAK_PULLUP                           ;        ;              ;         ; Row I/O    ;                 ; no       ; On           ;
; D28      ; 380        ; 6        ; RESERVED_INPUT_WITH_WEAK_PULLUP                           ;        ;              ;         ; Row I/O    ;                 ; no       ; On           ;
; E1       ; 17         ; 1        ; RESERVED_INPUT_WITH_WEAK_PULLUP                           ;        ;              ;         ; Row I/O    ;                 ; no       ; On           ;
; E2       ; 16         ; 1        ; ~ALTERA_FLASH_nCE_nCSO~ / RESERVED_INPUT_WITH_WEAK_PULLUP ; input  ; 2.5 V        ;         ; Row I/O    ; N               ; no       ; On           ;
; E3       ; 7          ; 1        ; RESERVED_INPUT_WITH_WEAK_PULLUP                           ;        ;              ;         ; Row I/O    ;                 ; no       ; On           ;
; E4       ; 541        ; 8        ; RESERVED_INPUT_WITH_WEAK_PULLUP                           ;        ;              ;         ; Column I/O ;                 ; no       ; On           ;
; E5       ; 542        ; 8        ; RESERVED_INPUT_WITH_WEAK_PULLUP                           ;        ;              ;         ; Column I/O ;                 ; no       ; On           ;
; E6       ;            ; 8        ; VCCIO8                                                    ; power  ;              ; 2.5V    ; --         ;                 ; --       ; --           ;
; E7       ; 523        ; 8        ; RESERVED_INPUT_WITH_WEAK_PULLUP                           ;        ;              ;         ; Column I/O ;                 ; no       ; On           ;
; E8       ; 526        ; 8        ; RESERVED_INPUT_WITH_WEAK_PULLUP                           ;        ;              ;         ; Column I/O ;                 ; no       ; On           ;
; E9       ;            ; 8        ; VCCIO8                                                    ; power  ;              ; 2.5V    ; --         ;                 ; --       ; --           ;
; E10      ; 516        ; 8        ; LEDR[10]                                                  ; output ; 2.5 V        ;         ; Column I/O ; N               ; no       ; Off          ;
; E11      ; 499        ; 8        ; RESERVED_INPUT_WITH_WEAK_PULLUP                           ;        ;              ;         ; Column I/O ;                 ; no       ; On           ;
; E12      ; 497        ; 8        ; RESERVED_INPUT_WITH_WEAK_PULLUP                           ;        ;              ;         ; Column I/O ;                 ; no       ; On           ;
; E13      ;            ; 8        ; VCCIO8                                                    ; power  ;              ; 2.5V    ; --         ;                 ; --       ; --           ;
; E14      ; 486        ; 8        ; RESERVED_INPUT_WITH_WEAK_PULLUP                           ;        ;              ;         ; Column I/O ;                 ; no       ; On           ;
; E15      ; 467        ; 7        ; RESERVED_INPUT_WITH_WEAK_PULLUP                           ;        ;              ;         ; Column I/O ;                 ; no       ; On           ;
; E16      ;            ; 7        ; VCCIO7                                                    ; power  ;              ; 2.5V    ; --         ;                 ; --       ; --           ;
; E17      ; 456        ; 7        ; HEX0[2]                                                   ; output ; 2.5 V        ;         ; Column I/O ; Y               ; no       ; Off          ;
; E18      ; 427        ; 7        ; RESERVED_INPUT_WITH_WEAK_PULLUP                           ;        ;              ;         ; Column I/O ;                 ; no       ; On           ;
; E19      ; 421        ; 7        ; RESERVED_INPUT_WITH_WEAK_PULLUP                           ;        ;              ;         ; Column I/O ;                 ; no       ; On           ;
; E20      ;            ; 7        ; VCCIO7                                                    ; power  ;              ; 2.5V    ; --         ;                 ; --       ; --           ;
; E21      ; 407        ; 7        ; RESERVED_INPUT_WITH_WEAK_PULLUP                           ;        ;              ;         ; Column I/O ;                 ; no       ; On           ;
; E22      ; 403        ; 7        ; RESERVED_INPUT_WITH_WEAK_PULLUP                           ;        ;              ;         ; Column I/O ;                 ; no       ; On           ;
; E23      ;            ; 7        ; VCCIO7                                                    ; power  ;              ; 2.5V    ; --         ;                 ; --       ; --           ;
; E24      ; 433        ; 7        ; RESERVED_INPUT_WITH_WEAK_PULLUP                           ;        ;              ;         ; Column I/O ;                 ; no       ; On           ;
; E25      ; 434        ; 7        ; RESERVED_INPUT_WITH_WEAK_PULLUP                           ;        ;              ;         ; Column I/O ;                 ; no       ; On           ;
; E26      ; 378        ; 6        ; RESERVED_INPUT_WITH_WEAK_PULLUP                           ;        ;              ;         ; Row I/O    ;                 ; no       ; On           ;
; E27      ; 375        ; 6        ; RESERVED_INPUT_WITH_WEAK_PULLUP                           ;        ;              ;         ; Row I/O    ;                 ; no       ; On           ;
; E28      ; 374        ; 6        ; RESERVED_INPUT_WITH_WEAK_PULLUP                           ;        ;              ;         ; Row I/O    ;                 ; no       ; On           ;
; F1       ; 19         ; 1        ; RESERVED_INPUT_WITH_WEAK_PULLUP                           ;        ;              ;         ; Row I/O    ;                 ; no       ; On           ;
; F2       ; 18         ; 1        ; RESERVED_INPUT_WITH_WEAK_PULLUP                           ;        ;              ;         ; Row I/O    ;                 ; no       ; On           ;
; F3       ; 8          ; 1        ; RESERVED_INPUT_WITH_WEAK_PULLUP                           ;        ;              ;         ; Row I/O    ;                 ; no       ; On           ;
; F4       ; 10         ; 1        ; ~ALTERA_ASDO_DATA1~ / RESERVED_INPUT_WITH_WEAK_PULLUP     ; input  ; 2.5 V        ;         ; Row I/O    ; N               ; no       ; On           ;
; F5       ; 9          ; 1        ; RESERVED_INPUT_WITH_WEAK_PULLUP                           ;        ;              ;         ; Row I/O    ;                 ; no       ; On           ;
; F6       ;            ;          ; GND                                                       ; gnd    ;              ;         ; --         ;                 ; --       ; --           ;
; F7       ; 531        ; 8        ; RESERVED_INPUT_WITH_WEAK_PULLUP                           ;        ;              ;         ; Column I/O ;                 ; no       ; On           ;
; F8       ; 527        ; 8        ; RESERVED_INPUT_WITH_WEAK_PULLUP                           ;        ;              ;         ; Column I/O ;                 ; no       ; On           ;
; F9       ;            ;          ; GND                                                       ; gnd    ;              ;         ; --         ;                 ; --       ; --           ;
; F10      ; 512        ; 8        ; RESERVED_INPUT_WITH_WEAK_PULLUP                           ;        ;              ;         ; Column I/O ;                 ; no       ; On           ;
; F11      ; 500        ; 8        ; RESERVED_INPUT_WITH_WEAK_PULLUP                           ;        ;              ;         ; Column I/O ;                 ; no       ; On           ;
; F12      ; 498        ; 8        ; RESERVED_INPUT_WITH_WEAK_PULLUP                           ;        ;              ;         ; Column I/O ;                 ; no       ; On           ;
; F13      ;            ;          ; GND                                                       ; gnd    ;              ;         ; --         ;                 ; --       ; --           ;
; F14      ; 485        ; 8        ; RESERVED_INPUT_WITH_WEAK_PULLUP                           ;        ;              ;         ; Column I/O ;                 ; no       ; On           ;
; F15      ; 466        ; 7        ; RESERVED_INPUT_WITH_WEAK_PULLUP                           ;        ;              ;         ; Column I/O ;                 ; no       ; On           ;
; F16      ;            ;          ; GND                                                       ; gnd    ;              ;         ; --         ;                 ; --       ; --           ;
; F17      ; 455        ; 7        ; RESERVED_INPUT_WITH_WEAK_PULLUP                           ;        ;              ;         ; Column I/O ;                 ; no       ; On           ;
; F18      ; 428        ; 7        ; RESERVED_INPUT_WITH_WEAK_PULLUP                           ;        ;              ;         ; Column I/O ;                 ; no       ; On           ;
; F19      ; 420        ; 7        ; RESERVED_INPUT_WITH_WEAK_PULLUP                           ;        ;              ;         ; Column I/O ;                 ; no       ; On           ;
; F20      ;            ;          ; GND                                                       ; gnd    ;              ;         ; --         ;                 ; --       ; --           ;
; F21      ; 408        ; 7        ; RESERVED_INPUT_WITH_WEAK_PULLUP                           ;        ;              ;         ; Column I/O ;                 ; no       ; On           ;
; F22      ; 409        ; 7        ; HEX0[1]                                                   ; output ; 2.5 V        ;         ; Column I/O ; Y               ; no       ; Off          ;
; F23      ;            ;          ; GND                                                       ; gnd    ;              ;         ; --         ;                 ; --       ; --           ;
; F24      ; 396        ; 6        ; LEDR[3]                                                   ; output ; 2.5 V        ;         ; Row I/O    ; N               ; no       ; Off          ;
; F25      ; 395        ; 6        ; LEDR[5]                                                   ; output ; 2.5 V        ;         ; Row I/O    ; N               ; no       ; Off          ;
; F26      ; 379        ; 6        ; RESERVED_INPUT_WITH_WEAK_PULLUP                           ;        ;              ;         ; Row I/O    ;                 ; no       ; On           ;
; F27      ; 373        ; 6        ; RESERVED_INPUT_WITH_WEAK_PULLUP                           ;        ;              ;         ; Row I/O    ;                 ; no       ; On           ;
; F28      ; 372        ; 6        ; RESERVED_INPUT_WITH_WEAK_PULLUP                           ;        ;              ;         ; Row I/O    ;                 ; no       ; On           ;
; G1       ; 26         ; 1        ; RESERVED_INPUT_WITH_WEAK_PULLUP                           ;        ;              ;         ; Row I/O    ;                 ; no       ; On           ;
; G2       ; 25         ; 1        ; RESERVED_INPUT_WITH_WEAK_PULLUP                           ;        ;              ;         ; Row I/O    ;                 ; no       ; On           ;
; G3       ; 13         ; 1        ; RESERVED_INPUT_WITH_WEAK_PULLUP                           ;        ;              ;         ; Row I/O    ;                 ; no       ; On           ;
; G4       ; 12         ; 1        ; RESERVED_INPUT_WITH_WEAK_PULLUP                           ;        ;              ;         ; Row I/O    ;                 ; no       ; On           ;
; G5       ; 6          ; 1        ; RESERVED_INPUT_WITH_WEAK_PULLUP                           ;        ;              ;         ; Row I/O    ;                 ; no       ; On           ;
; G6       ; 5          ; 1        ; RESERVED_INPUT_WITH_WEAK_PULLUP                           ;        ;              ;         ; Row I/O    ;                 ; no       ; On           ;
; G7       ; 530        ; 8        ; RESERVED_INPUT_WITH_WEAK_PULLUP                           ;        ;              ;         ; Column I/O ;                 ; no       ; On           ;
; G8       ; 528        ; 8        ; RESERVED_INPUT_WITH_WEAK_PULLUP                           ;        ;              ;         ; Column I/O ;                 ; no       ; On           ;
; G9       ; 525        ; 8        ; RESERVED_INPUT_WITH_WEAK_PULLUP                           ;        ;              ;         ; Column I/O ;                 ; --       ; --           ;
; G10      ; 513        ; 8        ; RESERVED_INPUT_WITH_WEAK_PULLUP                           ;        ;              ;         ; Column I/O ;                 ; no       ; On           ;
; G11      ; 506        ; 8        ; RESERVED_INPUT_WITH_WEAK_PULLUP                           ;        ;              ;         ; Column I/O ;                 ; no       ; On           ;
; G12      ; 503        ; 8        ; RESERVED_INPUT_WITH_WEAK_PULLUP                           ;        ;              ;         ; Column I/O ;                 ; --       ; --           ;
; G13      ; 493        ; 8        ; RESERVED_INPUT_WITH_WEAK_PULLUP                           ;        ;              ;         ; Column I/O ;                 ; no       ; On           ;
; G14      ; 484        ; 8        ; RESERVED_INPUT_WITH_WEAK_PULLUP                           ;        ;              ;         ; Column I/O ;                 ; --       ; --           ;
; G15      ; 457        ; 7        ; RESERVED_INPUT_WITH_WEAK_PULLUP                           ;        ;              ;         ; Column I/O ;                 ; --       ; --           ;
; G16      ; 453        ; 7        ; RESERVED_INPUT_WITH_WEAK_PULLUP                           ;        ;              ;         ; Column I/O ;                 ; no       ; On           ;
; G17      ; 437        ; 7        ; RESERVED_INPUT_WITH_WEAK_PULLUP                           ;        ;              ;         ; Column I/O ;                 ; --       ; --           ;
; G18      ; 452        ; 7        ; HEX0[0]                                                   ; output ; 2.5 V        ;         ; Column I/O ; Y               ; no       ; Off          ;
; G19      ; 451        ; 7        ; RESERVED_INPUT_WITH_WEAK_PULLUP                           ;        ;              ;         ; Column I/O ;                 ; no       ; On           ;
; G20      ; 444        ; 7        ; RESERVED_INPUT_WITH_WEAK_PULLUP                           ;        ;              ;         ; Column I/O ;                 ; no       ; On           ;
; G21      ; 445        ; 7        ; RESERVED_INPUT_WITH_WEAK_PULLUP                           ;        ;              ;         ; Column I/O ;                 ; no       ; On           ;
; G22      ; 449        ; 7        ; RESERVED_INPUT_WITH_WEAK_PULLUP                           ;        ;              ;         ; Column I/O ;                 ; no       ; On           ;
; G23      ; 398        ; 6        ; LEDR[7]                                                   ; output ; 2.5 V        ;         ; Row I/O    ; N               ; no       ; Off          ;
; G24      ; 397        ; 6        ; LEDR[2]                                                   ; output ; 2.5 V        ;         ; Row I/O    ; N               ; no       ; Off          ;
; G25      ; 393        ; 6        ; LEDR[8]                                                   ; output ; 2.5 V        ;         ; Row I/O    ; N               ; no       ; Off          ;
; G26      ; 392        ; 6        ; LEDR[4]                                                   ; output ; 2.5 V        ;         ; Row I/O    ; N               ; no       ; Off          ;
; G27      ; 367        ; 6        ; RESERVED_INPUT_WITH_WEAK_PULLUP                           ;        ;              ;         ; Row I/O    ;                 ; no       ; On           ;
; G28      ; 366        ; 6        ; RESERVED_INPUT_WITH_WEAK_PULLUP                           ;        ;              ;         ; Row I/O    ;                 ; no       ; On           ;
; H1       ;            ; 1        ; VCCIO1                                                    ; power  ;              ; 2.5V    ; --         ;                 ; --       ; --           ;
; H2       ;            ;          ; GND                                                       ; gnd    ;              ;         ; --         ;                 ; --       ; --           ;
; H3       ; 15         ; 1        ; RESERVED_INPUT_WITH_WEAK_PULLUP                           ;        ;              ;         ; Row I/O    ;                 ; no       ; On           ;
; H4       ; 14         ; 1        ; RESERVED_INPUT_WITH_WEAK_PULLUP                           ;        ;              ;         ; Row I/O    ;                 ; no       ; On           ;
; H5       ; 20         ; 1        ; RESERVED_INPUT_WITH_WEAK_PULLUP                           ;        ;              ;         ; Row I/O    ;                 ; no       ; On           ;
; H6       ; 11         ; 1        ; RESERVED_INPUT_WITH_WEAK_PULLUP                           ;        ;              ;         ; Row I/O    ;                 ; no       ; On           ;
; H7       ; 4          ; 1        ; RESERVED_INPUT_WITH_WEAK_PULLUP                           ;        ;              ;         ; Row I/O    ;                 ; --       ; --           ;
; H8       ; 529        ; 8        ; RESERVED_INPUT_WITH_WEAK_PULLUP                           ;        ;              ;         ; Column I/O ;                 ; no       ; On           ;
; H9       ;            ;          ; GNDA3                                                     ; gnd    ;              ;         ; --         ;                 ; --       ; --           ;
; H10      ; 514        ; 8        ; RESERVED_INPUT_WITH_WEAK_PULLUP                           ;        ;              ;         ; Column I/O ;                 ; no       ; On           ;
; H11      ;            ; 8        ; VCCIO8                                                    ; power  ;              ; 2.5V    ; --         ;                 ; --       ; --           ;
; H12      ; 507        ; 8        ; RESERVED_INPUT_WITH_WEAK_PULLUP                           ;        ;              ;         ; Column I/O ;                 ; no       ; On           ;
; H13      ; 494        ; 8        ; RESERVED_INPUT_WITH_WEAK_PULLUP                           ;        ;              ;         ; Column I/O ;                 ; no       ; On           ;
; H14      ; 480        ; 8        ; RESERVED_INPUT_WITH_WEAK_PULLUP                           ;        ;              ;         ; Column I/O ;                 ; no       ; On           ;
; H15      ; 464        ; 7        ; RESERVED_INPUT_WITH_WEAK_PULLUP                           ;        ;              ;         ; Column I/O ;                 ; no       ; On           ;
; H16      ; 459        ; 7        ; RESERVED_INPUT_WITH_WEAK_PULLUP                           ;        ;              ;         ; Column I/O ;                 ; no       ; On           ;
; H17      ; 454        ; 7        ; RESERVED_INPUT_WITH_WEAK_PULLUP                           ;        ;              ;         ; Column I/O ;                 ; no       ; On           ;
; H18      ;            ; 7        ; VCCIO7                                                    ; power  ;              ; 2.5V    ; --         ;                 ; --       ; --           ;
; H19      ; 446        ; 7        ; RESERVED_INPUT_WITH_WEAK_PULLUP                           ;        ;              ;         ; Column I/O ;                 ; no       ; On           ;
; H20      ;            ;          ; GNDA2                                                     ; gnd    ;              ;         ; --         ;                 ; --       ; --           ;
; H21      ; 448        ; 7        ; RESERVED_INPUT_WITH_WEAK_PULLUP                           ;        ;              ;         ; Column I/O ;                 ; no       ; On           ;
; H22      ; 399        ; 6        ; HEX0[6]                                                   ; output ; 2.5 V        ;         ; Row I/O    ; Y               ; no       ; Off          ;
; H23      ; 391        ; 6        ; RESERVED_INPUT_WITH_WEAK_PULLUP                           ;        ;              ;         ; Row I/O    ;                 ; no       ; On           ;
; H24      ; 390        ; 6        ; RESERVED_INPUT_WITH_WEAK_PULLUP                           ;        ;              ;         ; Row I/O    ;                 ; no       ; On           ;
; H25      ; 377        ; 6        ; RESERVED_INPUT_WITH_WEAK_PULLUP                           ;        ;              ;         ; Row I/O    ;                 ; no       ; On           ;
; H26      ; 376        ; 6        ; RESERVED_INPUT_WITH_WEAK_PULLUP                           ;        ;              ;         ; Row I/O    ;                 ; no       ; On           ;
; H27      ;            ;          ; GND                                                       ; gnd    ;              ;         ; --         ;                 ; --       ; --           ;
; H28      ;            ; 6        ; VCCIO6                                                    ; power  ;              ; 2.5V    ; --         ;                 ; --       ; --           ;
; J1       ; 64         ; 1        ; GND+                                                      ;        ;              ;         ; Row I/O    ;                 ; --       ; --           ;
; J2       ;            ;          ; GND                                                       ; gnd    ;              ;         ; --         ;                 ; --       ; --           ;
; J3       ; 23         ; 1        ; RESERVED_INPUT_WITH_WEAK_PULLUP                           ;        ;              ;         ; Row I/O    ;                 ; no       ; On           ;
; J4       ; 22         ; 1        ; RESERVED_INPUT_WITH_WEAK_PULLUP                           ;        ;              ;         ; Row I/O    ;                 ; no       ; On           ;
; J5       ; 36         ; 1        ; RESERVED_INPUT_WITH_WEAK_PULLUP                           ;        ;              ;         ; Row I/O    ;                 ; no       ; On           ;
; J6       ; 35         ; 1        ; RESERVED_INPUT_WITH_WEAK_PULLUP                           ;        ;              ;         ; Row I/O    ;                 ; no       ; On           ;
; J7       ; 37         ; 1        ; RESERVED_INPUT_WITH_WEAK_PULLUP                           ;        ;              ;         ; Row I/O    ;                 ; no       ; On           ;
; J8       ;            ; --       ; VCCA3                                                     ; power  ;              ; 2.5V    ; --         ;                 ; --       ; --           ;
; J9       ;            ;          ; VCCD_PLL3                                                 ; power  ;              ; 1.2V    ; --         ;                 ; --       ; --           ;
; J10      ; 515        ; 8        ; RESERVED_INPUT_WITH_WEAK_PULLUP                           ;        ;              ;         ; Column I/O ;                 ; no       ; On           ;
; J11      ;            ;          ; GND                                                       ; gnd    ;              ;         ; --         ;                 ; --       ; --           ;
; J12      ; 490        ; 8        ; RESERVED_INPUT_WITH_WEAK_PULLUP                           ;        ;              ;         ; Column I/O ;                 ; no       ; On           ;
; J13      ; 489        ; 8        ; RESERVED_INPUT_WITH_WEAK_PULLUP                           ;        ;              ;         ; Column I/O ;                 ; no       ; On           ;
; J14      ; 481        ; 8        ; RESERVED_INPUT_WITH_WEAK_PULLUP                           ;        ;              ;         ; Column I/O ;                 ; no       ; On           ;
; J15      ; 465        ; 7        ; RESERVED_INPUT_WITH_WEAK_PULLUP                           ;        ;              ;         ; Column I/O ;                 ; no       ; On           ;
; J16      ; 458        ; 7        ; RESERVED_INPUT_WITH_WEAK_PULLUP                           ;        ;              ;         ; Column I/O ;                 ; no       ; On           ;
; J17      ; 450        ; 7        ; RESERVED_INPUT_WITH_WEAK_PULLUP                           ;        ;              ;         ; Column I/O ;                 ; no       ; On           ;
; J18      ;            ;          ; GND                                                       ; gnd    ;              ;         ; --         ;                 ; --       ; --           ;
; J19      ; 447        ; 7        ; RESERVED_INPUT_WITH_WEAK_PULLUP                           ;        ;              ;         ; Column I/O ;                 ; no       ; On           ;
; J20      ;            ;          ; VCCD_PLL2                                                 ; power  ;              ; 1.2V    ; --         ;                 ; --       ; --           ;
; J21      ;            ; --       ; VCCA2                                                     ; power  ;              ; 2.5V    ; --         ;                 ; --       ; --           ;
; J22      ; 394        ; 6        ; HEX0[5]                                                   ; output ; 2.5 V        ;         ; Row I/O    ; Y               ; no       ; Off          ;
; J23      ; 387        ; 6        ; RESERVED_INPUT_WITH_WEAK_PULLUP                           ;        ;              ;         ; Row I/O    ;                 ; no       ; On           ;
; J24      ; 386        ; 6        ; RESERVED_INPUT_WITH_WEAK_PULLUP                           ;        ;              ;         ; Row I/O    ;                 ; no       ; On           ;
; J25      ; 365        ; 6        ; RESERVED_INPUT_WITH_WEAK_PULLUP                           ;        ;              ;         ; Row I/O    ;                 ; no       ; On           ;
; J26      ; 364        ; 6        ; RESERVED_INPUT_WITH_WEAK_PULLUP                           ;        ;              ;         ; Row I/O    ;                 ; no       ; On           ;
; J27      ; 338        ; 6        ; GND+                                                      ;        ;              ;         ; Row I/O    ;                 ; --       ; --           ;
; J28      ; 337        ; 6        ; GND+                                                      ;        ;              ;         ; Row I/O    ;                 ; --       ; --           ;
; K1       ; 28         ; 1        ; RESERVED_INPUT_WITH_WEAK_PULLUP                           ;        ;              ;         ; Row I/O    ;                 ; no       ; On           ;
; K2       ; 27         ; 1        ; RESERVED_INPUT_WITH_WEAK_PULLUP                           ;        ;              ;         ; Row I/O    ;                 ; no       ; On           ;
; K3       ; 30         ; 1        ; RESERVED_INPUT_WITH_WEAK_PULLUP                           ;        ;              ;         ; Row I/O    ;                 ; no       ; On           ;
; K4       ; 29         ; 1        ; RESERVED_INPUT_WITH_WEAK_PULLUP                           ;        ;              ;         ; Row I/O    ;                 ; no       ; On           ;
; K5       ;            ; 1        ; VCCIO1                                                    ; power  ;              ; 2.5V    ; --         ;                 ; --       ; --           ;
; K6       ;            ;          ; GND                                                       ; gnd    ;              ;         ; --         ;                 ; --       ; --           ;
; K7       ; 38         ; 1        ; RESERVED_INPUT_WITH_WEAK_PULLUP                           ;        ;              ;         ; Row I/O    ;                 ; no       ; On           ;
; K8       ; 39         ; 1        ; RESERVED_INPUT_WITH_WEAK_PULLUP                           ;        ;              ;         ; Row I/O    ;                 ; no       ; On           ;
; K9       ;            ;          ; VCCINT                                                    ; power  ;              ; 1.2V    ; --         ;                 ; --       ; --           ;
; K10      ;            ;          ; GND                                                       ; gnd    ;              ;         ; --         ;                 ; --       ; --           ;
; K11      ;            ;          ; VCCINT                                                    ; power  ;              ; 1.2V    ; --         ;                 ; --       ; --           ;
; K12      ;            ;          ; GND                                                       ; gnd    ;              ;         ; --         ;                 ; --       ; --           ;
; K13      ;            ;          ; VCCINT                                                    ; power  ;              ; 1.2V    ; --         ;                 ; --       ; --           ;
; K14      ;            ;          ; GND                                                       ; gnd    ;              ;         ; --         ;                 ; --       ; --           ;
; K15      ;            ;          ; VCCINT                                                    ; power  ;              ; 1.2V    ; --         ;                 ; --       ; --           ;
; K16      ;            ;          ; GND                                                       ; gnd    ;              ;         ; --         ;                 ; --       ; --           ;
; K17      ;            ;          ; VCCINT                                                    ; power  ;              ; 1.2V    ; --         ;                 ; --       ; --           ;
; K18      ;            ;          ; GND                                                       ; gnd    ;              ;         ; --         ;                 ; --       ; --           ;
; K19      ;            ;          ; VCCINT                                                    ; power  ;              ; 1.2V    ; --         ;                 ; --       ; --           ;
; K20      ;            ;          ; GND                                                       ; gnd    ;              ;         ; --         ;                 ; --       ; --           ;
; K21      ; 389        ; 6        ; RESERVED_INPUT_WITH_WEAK_PULLUP                           ;        ;              ;         ; Row I/O    ;                 ; no       ; On           ;
; K22      ; 388        ; 6        ; RESERVED_INPUT_WITH_WEAK_PULLUP                           ;        ;              ;         ; Row I/O    ;                 ; no       ; On           ;
; K23      ;            ;          ; GND                                                       ; gnd    ;              ;         ; --         ;                 ; --       ; --           ;
; K24      ;            ; 6        ; VCCIO6                                                    ; power  ;              ; 2.5V    ; --         ;                 ; --       ; --           ;
; K25      ; 371        ; 6        ; RESERVED_INPUT_WITH_WEAK_PULLUP                           ;        ;              ;         ; Row I/O    ;                 ; no       ; On           ;
; K26      ; 370        ; 6        ; RESERVED_INPUT_WITH_WEAK_PULLUP                           ;        ;              ;         ; Row I/O    ;                 ; no       ; On           ;
; K27      ; 362        ; 6        ; RESERVED_INPUT_WITH_WEAK_PULLUP                           ;        ;              ;         ; Row I/O    ;                 ; no       ; On           ;
; K28      ; 361        ; 6        ; RESERVED_INPUT_WITH_WEAK_PULLUP                           ;        ;              ;         ; Row I/O    ;                 ; no       ; On           ;
; L1       ; 49         ; 1        ; RESERVED_INPUT_WITH_WEAK_PULLUP                           ;        ;              ;         ; Row I/O    ;                 ; no       ; On           ;
; L2       ; 48         ; 1        ; RESERVED_INPUT_WITH_WEAK_PULLUP                           ;        ;              ;         ; Row I/O    ;                 ; no       ; On           ;
; L3       ; 32         ; 1        ; RESERVED_INPUT_WITH_WEAK_PULLUP                           ;        ;              ;         ; Row I/O    ;                 ; no       ; On           ;
; L4       ; 31         ; 1        ; RESERVED_INPUT_WITH_WEAK_PULLUP                           ;        ;              ;         ; Row I/O    ;                 ; no       ; On           ;
; L5       ; 21         ; 1        ; RESERVED_INPUT_WITH_WEAK_PULLUP                           ;        ;              ;         ; Row I/O    ;                 ; --       ; --           ;
; L6       ; 43         ; 1        ; RESERVED_INPUT_WITH_WEAK_PULLUP                           ;        ;              ;         ; Row I/O    ;                 ; no       ; On           ;
; L7       ; 42         ; 1        ; RESERVED_INPUT_WITH_WEAK_PULLUP                           ;        ;              ;         ; Row I/O    ;                 ; no       ; On           ;
; L8       ; 40         ; 1        ; RESERVED_INPUT_WITH_WEAK_PULLUP                           ;        ;              ;         ; Row I/O    ;                 ; no       ; On           ;
; L9       ;            ;          ; GND                                                       ; gnd    ;              ;         ; --         ;                 ; --       ; --           ;
; L10      ;            ;          ; VCCINT                                                    ; power  ;              ; 1.2V    ; --         ;                 ; --       ; --           ;
; L11      ;            ;          ; GND                                                       ; gnd    ;              ;         ; --         ;                 ; --       ; --           ;
; L12      ;            ;          ; VCCINT                                                    ; power  ;              ; 1.2V    ; --         ;                 ; --       ; --           ;
; L13      ;            ;          ; GND                                                       ; gnd    ;              ;         ; --         ;                 ; --       ; --           ;
; L14      ;            ;          ; VCCINT                                                    ; power  ;              ; 1.2V    ; --         ;                 ; --       ; --           ;
; L15      ;            ;          ; GND                                                       ; gnd    ;              ;         ; --         ;                 ; --       ; --           ;
; L16      ;            ;          ; VCCINT                                                    ; power  ;              ; 1.2V    ; --         ;                 ; --       ; --           ;
; L17      ;            ;          ; GND                                                       ; gnd    ;              ;         ; --         ;                 ; --       ; --           ;
; L18      ;            ;          ; VCCINT                                                    ; power  ;              ; 1.2V    ; --         ;                 ; --       ; --           ;
; L19      ;            ;          ; GND                                                       ; gnd    ;              ;         ; --         ;                 ; --       ; --           ;
; L20      ;            ;          ; VCCINT                                                    ; power  ;              ; 1.2V    ; --         ;                 ; --       ; --           ;
; L21      ; 385        ; 6        ; RESERVED_INPUT_WITH_WEAK_PULLUP                           ;        ;              ;         ; Row I/O    ;                 ; no       ; On           ;
; L22      ; 384        ; 6        ; RESERVED_INPUT_WITH_WEAK_PULLUP                           ;        ;              ;         ; Row I/O    ;                 ; no       ; On           ;
; L23      ; 360        ; 6        ; RESERVED_INPUT_WITH_WEAK_PULLUP                           ;        ;              ;         ; Row I/O    ;                 ; no       ; On           ;
; L24      ; 359        ; 6        ; RESERVED_INPUT_WITH_WEAK_PULLUP                           ;        ;              ;         ; Row I/O    ;                 ; no       ; On           ;
; L25      ; 369        ; 6        ; HEX0[4]                                                   ; output ; 2.5 V        ;         ; Row I/O    ; Y               ; no       ; Off          ;
; L26      ; 363        ; 6        ; HEX0[3]                                                   ; output ; 2.5 V        ;         ; Row I/O    ; Y               ; no       ; Off          ;
; L27      ; 358        ; 6        ; RESERVED_INPUT_WITH_WEAK_PULLUP                           ;        ;              ;         ; Row I/O    ;                 ; no       ; On           ;
; L28      ; 357        ; 6        ; RESERVED_INPUT_WITH_WEAK_PULLUP                           ;        ;              ;         ; Row I/O    ;                 ; no       ; On           ;
; M1       ; 51         ; 1        ; RESERVED_INPUT_WITH_WEAK_PULLUP                           ;        ;              ;         ; Row I/O    ;                 ; no       ; On           ;
; M2       ; 50         ; 1        ; RESERVED_INPUT_WITH_WEAK_PULLUP                           ;        ;              ;         ; Row I/O    ;                 ; no       ; On           ;
; M3       ; 34         ; 1        ; RESERVED_INPUT_WITH_WEAK_PULLUP                           ;        ;              ;         ; Row I/O    ;                 ; no       ; On           ;
; M4       ; 33         ; 1        ; RESERVED_INPUT_WITH_WEAK_PULLUP                           ;        ;              ;         ; Row I/O    ;                 ; no       ; On           ;
; M5       ; 41         ; 1        ; RESERVED_INPUT_WITH_WEAK_PULLUP                           ;        ;              ;         ; Row I/O    ;                 ; --       ; --           ;
; M6       ; 24         ; 1        ; ^nSTATUS                                                  ;        ;              ;         ; --         ;                 ; --       ; --           ;
; M7       ; 47         ; 1        ; RESERVED_INPUT_WITH_WEAK_PULLUP                           ;        ;              ;         ; Row I/O    ;                 ; no       ; On           ;
; M8       ; 46         ; 1        ; RESERVED_INPUT_WITH_WEAK_PULLUP                           ;        ;              ;         ; Row I/O    ;                 ; no       ; On           ;
; M9       ;            ;          ; VCCINT                                                    ; power  ;              ; 1.2V    ; --         ;                 ; --       ; --           ;
; M10      ;            ;          ; GND                                                       ; gnd    ;              ;         ; --         ;                 ; --       ; --           ;
; M11      ;            ;          ; VCCINT                                                    ; power  ;              ; 1.2V    ; --         ;                 ; --       ; --           ;
; M12      ;            ;          ; GND                                                       ; gnd    ;              ;         ; --         ;                 ; --       ; --           ;
; M13      ;            ;          ; VCCINT                                                    ; power  ;              ; 1.2V    ; --         ;                 ; --       ; --           ;
; M14      ;            ;          ; GND                                                       ; gnd    ;              ;         ; --         ;                 ; --       ; --           ;
; M15      ;            ;          ; VCCINT                                                    ; power  ;              ; 1.2V    ; --         ;                 ; --       ; --           ;
; M16      ;            ;          ; GND                                                       ; gnd    ;              ;         ; --         ;                 ; --       ; --           ;
; M17      ;            ;          ; VCCINT                                                    ; power  ;              ; 1.2V    ; --         ;                 ; --       ; --           ;
; M18      ;            ;          ; GND                                                       ; gnd    ;              ;         ; --         ;                 ; --       ; --           ;
; M19      ;            ;          ; VCCINT                                                    ; power  ;              ; 1.2V    ; --         ;                 ; --       ; --           ;
; M20      ;            ;          ; GND                                                       ; gnd    ;              ;         ; --         ;                 ; --       ; --           ;
; M21      ; 368        ; 6        ; RESERVED_INPUT_WITH_WEAK_PULLUP                           ;        ;              ;         ; Row I/O    ;                 ; --       ; --           ;
; M22      ; 342        ; 6        ; ^MSEL2                                                    ;        ;              ;         ; --         ;                 ; --       ; --           ;
; M23      ; 344        ; 6        ; RESERVED_INPUT_WITH_WEAK_PULLUP                           ;        ;              ;         ; Row I/O    ;                 ; no       ; On           ;
; M24      ; 347        ; 6        ; HEX1[0]                                                   ; output ; 2.5 V        ;         ; Row I/O    ; Y               ; no       ; Off          ;
; M25      ; 356        ; 6        ; RESERVED_INPUT_WITH_WEAK_PULLUP                           ;        ;              ;         ; Row I/O    ;                 ; no       ; On           ;
; M26      ; 355        ; 6        ; RESERVED_INPUT_WITH_WEAK_PULLUP                           ;        ;              ;         ; Row I/O    ;                 ; no       ; On           ;
; M27      ; 354        ; 6        ; RESERVED_INPUT_WITH_WEAK_PULLUP                           ;        ;              ;         ; Row I/O    ;                 ; no       ; On           ;
; M28      ; 353        ; 6        ; RESERVED_INPUT_WITH_WEAK_PULLUP                           ;        ;              ;         ; Row I/O    ;                 ; no       ; On           ;
; N1       ;            ; 1        ; VCCIO1                                                    ; power  ;              ; 2.5V    ; --         ;                 ; --       ; --           ;
; N2       ;            ;          ; GND                                                       ; gnd    ;              ;         ; --         ;                 ; --       ; --           ;
; N3       ; 45         ; 1        ; RESERVED_INPUT_WITH_WEAK_PULLUP                           ;        ;              ;         ; Row I/O    ;                 ; no       ; On           ;
; N4       ; 44         ; 1        ; RESERVED_INPUT_WITH_WEAK_PULLUP                           ;        ;              ;         ; Row I/O    ;                 ; no       ; On           ;
; N5       ;            ; 1        ; VCCIO1                                                    ; power  ;              ; 2.5V    ; --         ;                 ; --       ; --           ;
; N6       ;            ;          ; GND                                                       ; gnd    ;              ;         ; --         ;                 ; --       ; --           ;
; N7       ; 56         ; 1        ; ~ALTERA_DATA0~ / RESERVED_INPUT_WITH_WEAK_PULLUP          ; input  ; 2.5 V        ;         ; Row I/O    ; N               ; no       ; On           ;
; N8       ; 54         ; 1        ; LEDR[12]                                                  ; output ; 2.5 V        ;         ; Row I/O    ; N               ; no       ; Off          ;
; N9       ;            ;          ; GND                                                       ; gnd    ;              ;         ; --         ;                 ; --       ; --           ;
; N10      ;            ;          ; VCCINT                                                    ; power  ;              ; 1.2V    ; --         ;                 ; --       ; --           ;
; N11      ;            ;          ; GND                                                       ; gnd    ;              ;         ; --         ;                 ; --       ; --           ;
; N12      ;            ;          ; VCCINT                                                    ; power  ;              ; 1.2V    ; --         ;                 ; --       ; --           ;
; N13      ;            ;          ; GND                                                       ; gnd    ;              ;         ; --         ;                 ; --       ; --           ;
; N14      ;            ;          ; VCCINT                                                    ; power  ;              ; 1.2V    ; --         ;                 ; --       ; --           ;
; N15      ;            ;          ; GND                                                       ; gnd    ;              ;         ; --         ;                 ; --       ; --           ;
; N16      ;            ;          ; VCCINT                                                    ; power  ;              ; 1.2V    ; --         ;                 ; --       ; --           ;
; N17      ;            ;          ; GND                                                       ; gnd    ;              ;         ; --         ;                 ; --       ; --           ;
; N18      ;            ;          ; VCCINT                                                    ; power  ;              ; 1.2V    ; --         ;                 ; --       ; --           ;
; N19      ;            ;          ; GND                                                       ; gnd    ;              ;         ; --         ;                 ; --       ; --           ;
; N20      ;            ;          ; VCCINT                                                    ; power  ;              ; 1.2V    ; --         ;                 ; --       ; --           ;
; N21      ; 348        ; 6        ; RESERVED_INPUT_WITH_WEAK_PULLUP                           ;        ;              ;         ; Row I/O    ;                 ; --       ; --           ;
; N22      ; 340        ; 6        ; ^MSEL0                                                    ;        ;              ;         ; --         ;                 ; --       ; --           ;
; N23      ;            ;          ; GND                                                       ; gnd    ;              ;         ; --         ;                 ; --       ; --           ;
; N24      ;            ; 6        ; VCCIO6                                                    ; power  ;              ; 2.5V    ; --         ;                 ; --       ; --           ;
; N25      ; 352        ; 6        ; RESERVED_INPUT_WITH_WEAK_PULLUP                           ;        ;              ;         ; Row I/O    ;                 ; no       ; On           ;
; N26      ; 351        ; 6        ; RESERVED_INPUT_WITH_WEAK_PULLUP                           ;        ;              ;         ; Row I/O    ;                 ; no       ; On           ;
; N27      ;            ;          ; GND                                                       ; gnd    ;              ;         ; --         ;                 ; --       ; --           ;
; N28      ;            ; 6        ; VCCIO6                                                    ; power  ;              ; 2.5V    ; --         ;                 ; --       ; --           ;
; P1       ; 53         ; 1        ; LEDR[16]                                                  ; output ; 2.5 V        ;         ; Row I/O    ; N               ; no       ; Off          ;
; P2       ; 52         ; 1        ; RESERVED_INPUT_WITH_WEAK_PULLUP                           ;        ;              ;         ; Row I/O    ;                 ; no       ; On           ;
; P3       ; 55         ; 1        ; ~ALTERA_DCLK~                                             ; output ; 2.5 V        ;         ; Row I/O    ; N               ; no       ; On           ;
; P4       ; 57         ; 1        ; ^nCONFIG                                                  ;        ;              ;         ; --         ;                 ; --       ; --           ;
; P5       ; 59         ; 1        ; #TCK                                                      ; input  ;              ;         ; --         ;                 ; --       ; --           ;
; P6       ; 61         ; 1        ; #TDO                                                      ; output ;              ;         ; --         ;                 ; --       ; --           ;
; P7       ; 58         ; 1        ; #TDI                                                      ; input  ;              ;         ; --         ;                 ; --       ; --           ;
; P8       ; 60         ; 1        ; #TMS                                                      ; input  ;              ;         ; --         ;                 ; --       ; --           ;
; P9       ;            ;          ; VCCINT                                                    ; power  ;              ; 1.2V    ; --         ;                 ; --       ; --           ;
; P10      ;            ;          ; GND                                                       ; gnd    ;              ;         ; --         ;                 ; --       ; --           ;
; P11      ;            ;          ; VCCINT                                                    ; power  ;              ; 1.2V    ; --         ;                 ; --       ; --           ;
; P12      ;            ;          ; GND                                                       ; gnd    ;              ;         ; --         ;                 ; --       ; --           ;
; P13      ;            ;          ; VCCINT                                                    ; power  ;              ; 1.2V    ; --         ;                 ; --       ; --           ;
; P14      ;            ;          ; GND                                                       ; gnd    ;              ;         ; --         ;                 ; --       ; --           ;
; P15      ;            ;          ; VCCINT                                                    ; power  ;              ; 1.2V    ; --         ;                 ; --       ; --           ;
; P16      ;            ;          ; GND                                                       ; gnd    ;              ;         ; --         ;                 ; --       ; --           ;
; P17      ;            ;          ; VCCINT                                                    ; power  ;              ; 1.2V    ; --         ;                 ; --       ; --           ;
; P18      ;            ;          ; GND                                                       ; gnd    ;              ;         ; --         ;                 ; --       ; --           ;
; P19      ;            ;          ; VCCINT                                                    ; power  ;              ; 1.2V    ; --         ;                 ; --       ; --           ;
; P20      ;            ;          ; GND                                                       ; gnd    ;              ;         ; --         ;                 ; --       ; --           ;
; P21      ; 334        ; 5        ; RESERVED_INPUT_WITH_WEAK_PULLUP                           ;        ;              ;         ; Row I/O    ;                 ; no       ; On           ;
; P22      ; 343        ; 6        ; ^MSEL3                                                    ;        ;              ;         ; --         ;                 ; --       ; --           ;
; P23      ; 341        ; 6        ; ^MSEL1                                                    ;        ;              ;         ; --         ;                 ; --       ; --           ;
; P24      ; 339        ; 6        ; ^CONF_DONE                                                ;        ;              ;         ; --         ;                 ; --       ; --           ;
; P25      ; 346        ; 6        ; RESERVED_INPUT_WITH_WEAK_PULLUP                           ;        ;              ;         ; Row I/O    ;                 ; no       ; On           ;
; P26      ; 345        ; 6        ; RESERVED_INPUT_WITH_WEAK_PULLUP                           ;        ;              ;         ; Row I/O    ;                 ; no       ; On           ;
; P27      ; 350        ; 6        ; RESERVED_INPUT_WITH_WEAK_PULLUP                           ;        ;              ;         ; Row I/O    ;                 ; no       ; On           ;
; P28      ; 349        ; 6        ; ~ALTERA_nCEO~ / RESERVED_OUTPUT_OPEN_DRAIN                ; output ; 2.5 V        ;         ; Row I/O    ; N               ; no       ; Off          ;
; R1       ; 68         ; 2        ; LEDR[14]                                                  ; output ; 2.5 V        ;         ; Row I/O    ; N               ; no       ; Off          ;
; R2       ; 67         ; 2        ; LEDR[17]                                                  ; output ; 2.5 V        ;         ; Row I/O    ; N               ; no       ; Off          ;
; R3       ; 73         ; 2        ; RESERVED_INPUT_WITH_WEAK_PULLUP                           ;        ;              ;         ; Row I/O    ;                 ; no       ; On           ;
; R4       ; 74         ; 2        ; RESERVED_INPUT_WITH_WEAK_PULLUP                           ;        ;              ;         ; Row I/O    ;                 ; no       ; On           ;
; R5       ; 77         ; 2        ; LEDR[1]                                                   ; output ; 2.5 V        ;         ; Row I/O    ; N               ; no       ; Off          ;
; R6       ; 70         ; 2        ; RESERVED_INPUT_WITH_WEAK_PULLUP                           ;        ;              ;         ; Row I/O    ;                 ; no       ; On           ;
; R7       ; 69         ; 2        ; LEDR[15]                                                  ; output ; 2.5 V        ;         ; Row I/O    ; N               ; no       ; Off          ;
; R8       ; 62         ; 1        ; ^nCE                                                      ;        ;              ;         ; --         ;                 ; --       ; --           ;
; R9       ;            ;          ; GND                                                       ; gnd    ;              ;         ; --         ;                 ; --       ; --           ;
; R10      ;            ;          ; VCCINT                                                    ; power  ;              ; 1.2V    ; --         ;                 ; --       ; --           ;
; R11      ;            ;          ; GND                                                       ; gnd    ;              ;         ; --         ;                 ; --       ; --           ;
; R12      ;            ;          ; VCCINT                                                    ; power  ;              ; 1.2V    ; --         ;                 ; --       ; --           ;
; R13      ;            ;          ; GND                                                       ; gnd    ;              ;         ; --         ;                 ; --       ; --           ;
; R14      ;            ;          ; VCCINT                                                    ; power  ;              ; 1.2V    ; --         ;                 ; --       ; --           ;
; R15      ;            ;          ; GND                                                       ; gnd    ;              ;         ; --         ;                 ; --       ; --           ;
; R16      ;            ;          ; VCCINT                                                    ; power  ;              ; 1.2V    ; --         ;                 ; --       ; --           ;
; R17      ;            ;          ; GND                                                       ; gnd    ;              ;         ; --         ;                 ; --       ; --           ;
; R18      ;            ;          ; VCCINT                                                    ; power  ;              ; 1.2V    ; --         ;                 ; --       ; --           ;
; R19      ;            ;          ; GND                                                       ; gnd    ;              ;         ; --         ;                 ; --       ; --           ;
; R20      ;            ;          ; VCCINT                                                    ; power  ;              ; 1.2V    ; --         ;                 ; --       ; --           ;
; R21      ; 333        ; 5        ; RESERVED_INPUT_WITH_WEAK_PULLUP                           ;        ;              ;         ; Row I/O    ;                 ; no       ; On           ;
; R22      ; 332        ; 5        ; RESERVED_INPUT_WITH_WEAK_PULLUP                           ;        ;              ;         ; Row I/O    ;                 ; no       ; On           ;
; R23      ; 331        ; 5        ; RESERVED_INPUT_WITH_WEAK_PULLUP                           ;        ;              ;         ; Row I/O    ;                 ; no       ; On           ;
; R24      ; 330        ; 5        ; RESERVED_INPUT_WITH_WEAK_PULLUP                           ;        ;              ;         ; Row I/O    ;                 ; no       ; On           ;
; R25      ; 327        ; 5        ; RESERVED_INPUT_WITH_WEAK_PULLUP                           ;        ;              ;         ; Row I/O    ;                 ; no       ; On           ;
; R26      ; 326        ; 5        ; RESERVED_INPUT_WITH_WEAK_PULLUP                           ;        ;              ;         ; Row I/O    ;                 ; no       ; On           ;
; R27      ; 329        ; 5        ; RESERVED_INPUT_WITH_WEAK_PULLUP                           ;        ;              ;         ; Row I/O    ;                 ; no       ; On           ;
; R28      ; 328        ; 5        ; RESERVED_INPUT_WITH_WEAK_PULLUP                           ;        ;              ;         ; Row I/O    ;                 ; no       ; On           ;
; T1       ;            ; 2        ; VCCIO2                                                    ; power  ;              ; 2.5V    ; --         ;                 ; --       ; --           ;
; T2       ;            ;          ; GND                                                       ; gnd    ;              ;         ; --         ;                 ; --       ; --           ;
; T3       ; 76         ; 2        ; LEDR[0]                                                   ; output ; 2.5 V        ;         ; Row I/O    ; N               ; no       ; Off          ;
; T4       ; 75         ; 2        ; RESERVED_INPUT_WITH_WEAK_PULLUP                           ;        ;              ;         ; Row I/O    ;                 ; no       ; On           ;
; T5       ;            ; 2        ; VCCIO2                                                    ; power  ;              ; 2.5V    ; --         ;                 ; --       ; --           ;
; T6       ;            ;          ; GND                                                       ; gnd    ;              ;         ; --         ;                 ; --       ; --           ;
; T7       ; 78         ; 2        ; RESERVED_INPUT_WITH_WEAK_PULLUP                           ;        ;              ;         ; Row I/O    ;                 ; --       ; --           ;
; T8       ; 100        ; 2        ; RESERVED_INPUT_WITH_WEAK_PULLUP                           ;        ;              ;         ; Row I/O    ;                 ; --       ; --           ;
; T9       ;            ;          ; VCCINT                                                    ; power  ;              ; 1.2V    ; --         ;                 ; --       ; --           ;
; T10      ;            ;          ; GND                                                       ; gnd    ;              ;         ; --         ;                 ; --       ; --           ;
; T11      ;            ;          ; VCCINT                                                    ; power  ;              ; 1.2V    ; --         ;                 ; --       ; --           ;
; T12      ;            ;          ; GND                                                       ; gnd    ;              ;         ; --         ;                 ; --       ; --           ;
; T13      ;            ;          ; VCCINT                                                    ; power  ;              ; 1.2V    ; --         ;                 ; --       ; --           ;
; T14      ;            ;          ; GND                                                       ; gnd    ;              ;         ; --         ;                 ; --       ; --           ;
; T15      ;            ;          ; VCCINT                                                    ; power  ;              ; 1.2V    ; --         ;                 ; --       ; --           ;
; T16      ;            ;          ; GND                                                       ; gnd    ;              ;         ; --         ;                 ; --       ; --           ;
; T17      ;            ;          ; VCCINT                                                    ; power  ;              ; 1.2V    ; --         ;                 ; --       ; --           ;
; T18      ;            ;          ; GND                                                       ; gnd    ;              ;         ; --         ;                 ; --       ; --           ;
; T19      ;            ;          ; VCCINT                                                    ; power  ;              ; 1.2V    ; --         ;                 ; --       ; --           ;
; T20      ;            ;          ; GND                                                       ; gnd    ;              ;         ; --         ;                 ; --       ; --           ;
; T21      ; 325        ; 5        ; RESERVED_INPUT_WITH_WEAK_PULLUP                           ;        ;              ;         ; Row I/O    ;                 ; no       ; On           ;
; T22      ; 324        ; 5        ; RESERVED_INPUT_WITH_WEAK_PULLUP                           ;        ;              ;         ; Row I/O    ;                 ; no       ; On           ;
; T23      ;            ;          ; GND                                                       ; gnd    ;              ;         ; --         ;                 ; --       ; --           ;
; T24      ;            ; 5        ; VCCIO5                                                    ; power  ;              ; 2.5V    ; --         ;                 ; --       ; --           ;
; T25      ; 323        ; 5        ; RESERVED_INPUT_WITH_WEAK_PULLUP                           ;        ;              ;         ; Row I/O    ;                 ; no       ; On           ;
; T26      ; 322        ; 5        ; RESERVED_INPUT_WITH_WEAK_PULLUP                           ;        ;              ;         ; Row I/O    ;                 ; no       ; On           ;
; T27      ;            ;          ; GND                                                       ; gnd    ;              ;         ; --         ;                 ; --       ; --           ;
; T28      ;            ; 5        ; VCCIO5                                                    ; power  ;              ; 2.5V    ; --         ;                 ; --       ; --           ;
; U1       ; 80         ; 2        ; RESERVED_INPUT_WITH_WEAK_PULLUP                           ;        ;              ;         ; Row I/O    ;                 ; no       ; On           ;
; U2       ; 79         ; 2        ; RESERVED_INPUT_WITH_WEAK_PULLUP                           ;        ;              ;         ; Row I/O    ;                 ; no       ; On           ;
; U3       ; 71         ; 2        ; RESERVED_INPUT_WITH_WEAK_PULLUP                           ;        ;              ;         ; Row I/O    ;                 ; no       ; On           ;
; U4       ; 72         ; 2        ; LEDR[13]                                                  ; output ; 2.5 V        ;         ; Row I/O    ; N               ; no       ; Off          ;
; U5       ; 90         ; 2        ; RESERVED_INPUT_WITH_WEAK_PULLUP                           ;        ;              ;         ; Row I/O    ;                 ; no       ; On           ;
; U6       ; 89         ; 2        ; RESERVED_INPUT_WITH_WEAK_PULLUP                           ;        ;              ;         ; Row I/O    ;                 ; no       ; On           ;
; U7       ; 103        ; 2        ; RESERVED_INPUT_WITH_WEAK_PULLUP                           ;        ;              ;         ; Row I/O    ;                 ; no       ; On           ;
; U8       ; 104        ; 2        ; RESERVED_INPUT_WITH_WEAK_PULLUP                           ;        ;              ;         ; Row I/O    ;                 ; no       ; On           ;
; U9       ;            ;          ; GND                                                       ; gnd    ;              ;         ; --         ;                 ; --       ; --           ;
; U10      ;            ;          ; VCCINT                                                    ; power  ;              ; 1.2V    ; --         ;                 ; --       ; --           ;
; U11      ;            ;          ; GND                                                       ; gnd    ;              ;         ; --         ;                 ; --       ; --           ;
; U12      ;            ;          ; VCCINT                                                    ; power  ;              ; 1.2V    ; --         ;                 ; --       ; --           ;
; U13      ;            ;          ; GND                                                       ; gnd    ;              ;         ; --         ;                 ; --       ; --           ;
; U14      ;            ;          ; VCCINT                                                    ; power  ;              ; 1.2V    ; --         ;                 ; --       ; --           ;
; U15      ;            ;          ; GND                                                       ; gnd    ;              ;         ; --         ;                 ; --       ; --           ;
; U16      ;            ;          ; VCCINT                                                    ; power  ;              ; 1.2V    ; --         ;                 ; --       ; --           ;
; U17      ;            ;          ; GND                                                       ; gnd    ;              ;         ; --         ;                 ; --       ; --           ;
; U18      ;            ;          ; VCCINT                                                    ; power  ;              ; 1.2V    ; --         ;                 ; --       ; --           ;
; U19      ;            ;          ; GND                                                       ; gnd    ;              ;         ; --         ;                 ; --       ; --           ;
; U20      ;            ;          ; VCCINT                                                    ; power  ;              ; 1.2V    ; --         ;                 ; --       ; --           ;
; U21      ; 319        ; 5        ; HEX3[1]                                                   ; output ; 2.5 V        ;         ; Row I/O    ; Y               ; no       ; Off          ;
; U22      ; 313        ; 5        ; RESERVED_INPUT_WITH_WEAK_PULLUP                           ;        ;              ;         ; Row I/O    ;                 ; no       ; On           ;
; U23      ; 305        ; 5        ; HEX1[5]                                                   ; output ; 2.5 V        ;         ; Row I/O    ; Y               ; no       ; Off          ;
; U24      ; 316        ; 5        ; HEX1[6]                                                   ; output ; 2.5 V        ;         ; Row I/O    ; Y               ; no       ; Off          ;
; U25      ; 315        ; 5        ; RESERVED_INPUT_WITH_WEAK_PULLUP                           ;        ;              ;         ; Row I/O    ;                 ; no       ; On           ;
; U26      ; 314        ; 5        ; RESERVED_INPUT_WITH_WEAK_PULLUP                           ;        ;              ;         ; Row I/O    ;                 ; no       ; On           ;
; U27      ; 318        ; 5        ; RESERVED_INPUT_WITH_WEAK_PULLUP                           ;        ;              ;         ; Row I/O    ;                 ; no       ; On           ;
; U28      ; 317        ; 5        ; RESERVED_INPUT_WITH_WEAK_PULLUP                           ;        ;              ;         ; Row I/O    ;                 ; no       ; On           ;
; V1       ; 84         ; 2        ; RESERVED_INPUT_WITH_WEAK_PULLUP                           ;        ;              ;         ; Row I/O    ;                 ; no       ; On           ;
; V2       ; 83         ; 2        ; RESERVED_INPUT_WITH_WEAK_PULLUP                           ;        ;              ;         ; Row I/O    ;                 ; no       ; On           ;
; V3       ; 82         ; 2        ; RESERVED_INPUT_WITH_WEAK_PULLUP                           ;        ;              ;         ; Row I/O    ;                 ; no       ; On           ;
; V4       ; 81         ; 2        ; RESERVED_INPUT_WITH_WEAK_PULLUP                           ;        ;              ;         ; Row I/O    ;                 ; no       ; On           ;
; V5       ; 108        ; 2        ; RESERVED_INPUT_WITH_WEAK_PULLUP                           ;        ;              ;         ; Row I/O    ;                 ; no       ; On           ;
; V6       ; 107        ; 2        ; RESERVED_INPUT_WITH_WEAK_PULLUP                           ;        ;              ;         ; Row I/O    ;                 ; no       ; On           ;
; V7       ; 110        ; 2        ; RESERVED_INPUT_WITH_WEAK_PULLUP                           ;        ;              ;         ; Row I/O    ;                 ; no       ; On           ;
; V8       ; 109        ; 2        ; RESERVED_INPUT_WITH_WEAK_PULLUP                           ;        ;              ;         ; Row I/O    ;                 ; no       ; On           ;
; V9       ;            ;          ; VCCINT                                                    ; power  ;              ; 1.2V    ; --         ;                 ; --       ; --           ;
; V10      ;            ;          ; GND                                                       ; gnd    ;              ;         ; --         ;                 ; --       ; --           ;
; V11      ;            ;          ; VCCINT                                                    ; power  ;              ; 1.2V    ; --         ;                 ; --       ; --           ;
; V12      ;            ;          ; GND                                                       ; gnd    ;              ;         ; --         ;                 ; --       ; --           ;
; V13      ;            ;          ; VCCINT                                                    ; power  ;              ; 1.2V    ; --         ;                 ; --       ; --           ;
; V14      ;            ;          ; GND                                                       ; gnd    ;              ;         ; --         ;                 ; --       ; --           ;
; V15      ;            ;          ; VCCINT                                                    ; power  ;              ; 1.2V    ; --         ;                 ; --       ; --           ;
; V16      ;            ;          ; GND                                                       ; gnd    ;              ;         ; --         ;                 ; --       ; --           ;
; V17      ;            ;          ; VCCINT                                                    ; power  ;              ; 1.2V    ; --         ;                 ; --       ; --           ;
; V18      ;            ;          ; GND                                                       ; gnd    ;              ;         ; --         ;                 ; --       ; --           ;
; V19      ;            ;          ; VCCINT                                                    ; power  ;              ; 1.2V    ; --         ;                 ; --       ; --           ;
; V20      ;            ;          ; GND                                                       ; gnd    ;              ;         ; --         ;                 ; --       ; --           ;
; V21      ; 311        ; 5        ; HEX3[0]                                                   ; output ; 2.5 V        ;         ; Row I/O    ; Y               ; no       ; Off          ;
; V22      ; 312        ; 5        ; RESERVED_INPUT_WITH_WEAK_PULLUP                           ;        ;              ;         ; Row I/O    ;                 ; no       ; On           ;
; V23      ; 309        ; 5        ; RESERVED_INPUT_WITH_WEAK_PULLUP                           ;        ;              ;         ; Row I/O    ;                 ; no       ; On           ;
; V24      ; 308        ; 5        ; RESERVED_INPUT_WITH_WEAK_PULLUP                           ;        ;              ;         ; Row I/O    ;                 ; no       ; On           ;
; V25      ; 307        ; 5        ; RESERVED_INPUT_WITH_WEAK_PULLUP                           ;        ;              ;         ; Row I/O    ;                 ; no       ; On           ;
; V26      ; 306        ; 5        ; RESERVED_INPUT_WITH_WEAK_PULLUP                           ;        ;              ;         ; Row I/O    ;                 ; no       ; On           ;
; V27      ; 304        ; 5        ; RESERVED_INPUT_WITH_WEAK_PULLUP                           ;        ;              ;         ; Row I/O    ;                 ; no       ; On           ;
; V28      ; 303        ; 5        ; RESERVED_INPUT_WITH_WEAK_PULLUP                           ;        ;              ;         ; Row I/O    ;                 ; no       ; On           ;
; W1       ; 88         ; 2        ; RESERVED_INPUT_WITH_WEAK_PULLUP                           ;        ;              ;         ; Row I/O    ;                 ; no       ; On           ;
; W2       ; 87         ; 2        ; RESERVED_INPUT_WITH_WEAK_PULLUP                           ;        ;              ;         ; Row I/O    ;                 ; no       ; On           ;
; W3       ; 112        ; 2        ; RESERVED_INPUT_WITH_WEAK_PULLUP                           ;        ;              ;         ; Row I/O    ;                 ; no       ; On           ;
; W4       ; 111        ; 2        ; RESERVED_INPUT_WITH_WEAK_PULLUP                           ;        ;              ;         ; Row I/O    ;                 ; no       ; On           ;
; W5       ;            ; 2        ; VCCIO2                                                    ; power  ;              ; 2.5V    ; --         ;                 ; --       ; --           ;
; W6       ;            ;          ; GND                                                       ; gnd    ;              ;         ; --         ;                 ; --       ; --           ;
; W7       ; 115        ; 2        ; RESERVED_INPUT_WITH_WEAK_PULLUP                           ;        ;              ;         ; Row I/O    ;                 ; no       ; On           ;
; W8       ; 116        ; 2        ; RESERVED_INPUT_WITH_WEAK_PULLUP                           ;        ;              ;         ; Row I/O    ;                 ; no       ; On           ;
; W9       ;            ;          ; GND                                                       ; gnd    ;              ;         ; --         ;                 ; --       ; --           ;
; W10      ;            ;          ; VCCINT                                                    ; power  ;              ; 1.2V    ; --         ;                 ; --       ; --           ;
; W11      ;            ;          ; GND                                                       ; gnd    ;              ;         ; --         ;                 ; --       ; --           ;
; W12      ;            ;          ; VCCINT                                                    ; power  ;              ; 1.2V    ; --         ;                 ; --       ; --           ;
; W13      ;            ;          ; GND                                                       ; gnd    ;              ;         ; --         ;                 ; --       ; --           ;
; W14      ;            ;          ; VCCINT                                                    ; power  ;              ; 1.2V    ; --         ;                 ; --       ; --           ;
; W15      ;            ;          ; GND                                                       ; gnd    ;              ;         ; --         ;                 ; --       ; --           ;
; W16      ;            ;          ; VCCINT                                                    ; power  ;              ; 1.2V    ; --         ;                 ; --       ; --           ;
; W17      ;            ;          ; GND                                                       ; gnd    ;              ;         ; --         ;                 ; --       ; --           ;
; W18      ;            ;          ; VCCINT                                                    ; power  ;              ; 1.2V    ; --         ;                 ; --       ; --           ;
; W19      ;            ;          ; GND                                                       ; gnd    ;              ;         ; --         ;                 ; --       ; --           ;
; W20      ;            ;          ; VCCINT                                                    ; power  ;              ; 1.2V    ; --         ;                 ; --       ; --           ;
; W21      ; 310        ; 5        ; HEX1[2]                                                   ; output ; 2.5 V        ;         ; Row I/O    ; Y               ; no       ; Off          ;
; W22      ; 321        ; 5        ; HEX1[3]                                                   ; output ; 2.5 V        ;         ; Row I/O    ; Y               ; no       ; Off          ;
; W23      ;            ;          ; GND                                                       ; gnd    ;              ;         ; --         ;                 ; --       ; --           ;
; W24      ;            ; 5        ; VCCIO5                                                    ; power  ;              ; 2.5V    ; --         ;                 ; --       ; --           ;
; W25      ; 300        ; 5        ; HEX1[4]                                                   ; output ; 2.5 V        ;         ; Row I/O    ; Y               ; no       ; Off          ;
; W26      ; 299        ; 5        ; HEX2[3]                                                   ; output ; 2.5 V        ;         ; Row I/O    ; Y               ; no       ; Off          ;
; W27      ; 301        ; 5        ; HEX2[5]                                                   ; output ; 2.5 V        ;         ; Row I/O    ; Y               ; no       ; Off          ;
; W28      ; 302        ; 5        ; HEX2[6]                                                   ; output ; 2.5 V        ;         ; Row I/O    ; Y               ; no       ; Off          ;
; Y1       ; 66         ; 2        ; GND+                                                      ;        ;              ;         ; Row I/O    ;                 ; --       ; --           ;
; Y2       ; 65         ; 2        ; CLOCK_50                                                  ; input  ; 2.5 V        ;         ; Row I/O    ; Y               ; no       ; Off          ;
; Y3       ; 92         ; 2        ; RESERVED_INPUT_WITH_WEAK_PULLUP                           ;        ;              ;         ; Row I/O    ;                 ; no       ; On           ;
; Y4       ; 91         ; 2        ; RESERVED_INPUT_WITH_WEAK_PULLUP                           ;        ;              ;         ; Row I/O    ;                 ; no       ; On           ;
; Y5       ; 114        ; 2        ; RESERVED_INPUT_WITH_WEAK_PULLUP                           ;        ;              ;         ; Row I/O    ;                 ; no       ; On           ;
; Y6       ; 113        ; 2        ; RESERVED_INPUT_WITH_WEAK_PULLUP                           ;        ;              ;         ; Row I/O    ;                 ; no       ; On           ;
; Y7       ; 117        ; 2        ; RESERVED_INPUT_WITH_WEAK_PULLUP                           ;        ;              ;         ; Row I/O    ;                 ; no       ; On           ;
; Y8       ;            ; --       ; VCCA1                                                     ; power  ;              ; 2.5V    ; --         ;                 ; --       ; --           ;
; Y9       ;            ;          ; VCCD_PLL1                                                 ; power  ;              ; 1.2V    ; --         ;                 ; --       ; --           ;
; Y10      ; 140        ; 3        ; RESERVED_INPUT_WITH_WEAK_PULLUP                           ;        ;              ;         ; Column I/O ;                 ; --       ; --           ;
; Y11      ;            ;          ; GND                                                       ; gnd    ;              ;         ; --         ;                 ; --       ; --           ;
; Y12      ; 187        ; 3        ; RESERVED_INPUT_WITH_WEAK_PULLUP                           ;        ;              ;         ; Column I/O ;                 ; no       ; On           ;
; Y13      ; 189        ; 3        ; RESERVED_INPUT_WITH_WEAK_PULLUP                           ;        ;              ;         ; Column I/O ;                 ; no       ; On           ;
; Y14      ; 197        ; 3        ; RESERVED_INPUT_WITH_WEAK_PULLUP                           ;        ;              ;         ; Column I/O ;                 ; no       ; On           ;
; Y15      ; 198        ; 3        ; RESERVED_INPUT_WITH_WEAK_PULLUP                           ;        ;              ;         ; Column I/O ;                 ; no       ; On           ;
; Y16      ; 250        ; 4        ; SW[0]                                                     ; input  ; 2.5 V        ;         ; Column I/O ; Y               ; no       ; Off          ;
; Y17      ; 249        ; 4        ; KEY[3]                                                    ; input  ; 2.5 V        ;         ; Column I/O ; Y               ; no       ; Off          ;
; Y18      ;            ;          ; GND                                                       ; gnd    ;              ;         ; --         ;                 ; --       ; --           ;
; Y19      ; 263        ; 4        ; HEX3[6]                                                   ; output ; 2.5 V        ;         ; Column I/O ; Y               ; no       ; Off          ;
; Y20      ;            ;          ; VCCD_PLL4                                                 ; power  ;              ; 1.2V    ; --         ;                 ; --       ; --           ;
; Y21      ;            ; --       ; VCCA4                                                     ; power  ;              ; 2.5V    ; --         ;                 ; --       ; --           ;
; Y22      ; 320        ; 5        ; HEX1[1]                                                   ; output ; 2.5 V        ;         ; Row I/O    ; Y               ; no       ; Off          ;
; Y23      ; 288        ; 5        ; RESERVED_INPUT_WITH_WEAK_PULLUP                           ;        ;              ;         ; Row I/O    ;                 ; no       ; On           ;
; Y24      ; 287        ; 5        ; RESERVED_INPUT_WITH_WEAK_PULLUP                           ;        ;              ;         ; Row I/O    ;                 ; no       ; On           ;
; Y25      ; 298        ; 5        ; HEX2[2]                                                   ; output ; 2.5 V        ;         ; Row I/O    ; Y               ; no       ; Off          ;
; Y26      ; 297        ; 5        ; HEX2[4]                                                   ; output ; 2.5 V        ;         ; Row I/O    ; Y               ; no       ; Off          ;
; Y27      ; 336        ; 5        ; GND+                                                      ;        ;              ;         ; Row I/O    ;                 ; --       ; --           ;
; Y28      ; 335        ; 5        ; GND+                                                      ;        ;              ;         ; Row I/O    ;                 ; --       ; --           ;
+----------+------------+----------+-----------------------------------------------------------+--------+--------------+---------+------------+-----------------+----------+--------------+
Note: Pin directions (input, output or bidir) are based on device operating in user mode.


+------------------------------------------+
; I/O Assignment Warnings                  ;
+----------+-------------------------------+
; Pin Name ; Reason                        ;
+----------+-------------------------------+
; SW[0]    ; Incomplete set of assignments ;
; SW[1]    ; Incomplete set of assignments ;
; SW[2]    ; Incomplete set of assignments ;
; SW[3]    ; Incomplete set of assignments ;
; SW[4]    ; Incomplete set of assignments ;
; SW[5]    ; Incomplete set of assignments ;
; SW[6]    ; Incomplete set of assignments ;
; SW[7]    ; Incomplete set of assignments ;
; SW[8]    ; Incomplete set of assignments ;
; SW[9]    ; Incomplete set of assignments ;
; SW[10]   ; Incomplete set of assignments ;
; SW[11]   ; Incomplete set of assignments ;
; SW[12]   ; Incomplete set of assignments ;
; SW[13]   ; Incomplete set of assignments ;
; SW[14]   ; Incomplete set of assignments ;
; SW[15]   ; Incomplete set of assignments ;
; SW[16]   ; Incomplete set of assignments ;
; SW[17]   ; Incomplete set of assignments ;
; KEY[1]   ; Incomplete set of assignments ;
; KEY[2]   ; Incomplete set of assignments ;
; KEY[3]   ; Incomplete set of assignments ;
; HEX0[0]  ; Incomplete set of assignments ;
; HEX0[1]  ; Incomplete set of assignments ;
; HEX0[2]  ; Incomplete set of assignments ;
; HEX0[3]  ; Incomplete set of assignments ;
; HEX0[4]  ; Incomplete set of assignments ;
; HEX0[5]  ; Incomplete set of assignments ;
; HEX0[6]  ; Incomplete set of assignments ;
; HEX1[0]  ; Incomplete set of assignments ;
; HEX1[1]  ; Incomplete set of assignments ;
; HEX1[2]  ; Incomplete set of assignments ;
; HEX1[3]  ; Incomplete set of assignments ;
; HEX1[4]  ; Incomplete set of assignments ;
; HEX1[5]  ; Incomplete set of assignments ;
; HEX1[6]  ; Incomplete set of assignments ;
; HEX2[0]  ; Incomplete set of assignments ;
; HEX2[1]  ; Incomplete set of assignments ;
; HEX2[2]  ; Incomplete set of assignments ;
; HEX2[3]  ; Incomplete set of assignments ;
; HEX2[4]  ; Incomplete set of assignments ;
; HEX2[5]  ; Incomplete set of assignments ;
; HEX2[6]  ; Incomplete set of assignments ;
; HEX3[0]  ; Incomplete set of assignments ;
; HEX3[1]  ; Incomplete set of assignments ;
; HEX3[2]  ; Incomplete set of assignments ;
; HEX3[3]  ; Incomplete set of assignments ;
; HEX3[4]  ; Incomplete set of assignments ;
; HEX3[5]  ; Incomplete set of assignments ;
; HEX3[6]  ; Incomplete set of assignments ;
; HEX4[0]  ; Incomplete set of assignments ;
; HEX4[1]  ; Incomplete set of assignments ;
; HEX4[2]  ; Incomplete set of assignments ;
; HEX4[3]  ; Incomplete set of assignments ;
; HEX4[4]  ; Incomplete set of assignments ;
; HEX4[5]  ; Incomplete set of assignments ;
; HEX4[6]  ; Incomplete set of assignments ;
; HEX5[0]  ; Incomplete set of assignments ;
; HEX5[1]  ; Incomplete set of assignments ;
; HEX5[2]  ; Incomplete set of assignments ;
; HEX5[3]  ; Incomplete set of assignments ;
; HEX5[4]  ; Incomplete set of assignments ;
; HEX5[5]  ; Incomplete set of assignments ;
; HEX5[6]  ; Incomplete set of assignments ;
; LEDR[0]  ; Incomplete set of assignments ;
; LEDR[1]  ; Incomplete set of assignments ;
; LEDR[2]  ; Incomplete set of assignments ;
; LEDR[3]  ; Incomplete set of assignments ;
; LEDR[4]  ; Incomplete set of assignments ;
; LEDR[5]  ; Incomplete set of assignments ;
; LEDR[6]  ; Incomplete set of assignments ;
; LEDR[7]  ; Incomplete set of assignments ;
; LEDR[8]  ; Incomplete set of assignments ;
; LEDR[9]  ; Incomplete set of assignments ;
; LEDR[10] ; Incomplete set of assignments ;
; LEDR[11] ; Incomplete set of assignments ;
; LEDR[12] ; Incomplete set of assignments ;
; LEDR[13] ; Incomplete set of assignments ;
; LEDR[14] ; Incomplete set of assignments ;
; LEDR[15] ; Incomplete set of assignments ;
; LEDR[16] ; Incomplete set of assignments ;
; LEDR[17] ; Incomplete set of assignments ;
; CLOCK_50 ; Incomplete set of assignments ;
; KEY[0]   ; Incomplete set of assignments ;
; LEDR[0]  ; Missing location assignment   ;
; LEDR[1]  ; Missing location assignment   ;
; LEDR[2]  ; Missing location assignment   ;
; LEDR[3]  ; Missing location assignment   ;
; LEDR[4]  ; Missing location assignment   ;
; LEDR[5]  ; Missing location assignment   ;
; LEDR[6]  ; Missing location assignment   ;
; LEDR[7]  ; Missing location assignment   ;
; LEDR[8]  ; Missing location assignment   ;
; LEDR[9]  ; Missing location assignment   ;
; LEDR[10] ; Missing location assignment   ;
; LEDR[11] ; Missing location assignment   ;
; LEDR[12] ; Missing location assignment   ;
; LEDR[13] ; Missing location assignment   ;
; LEDR[14] ; Missing location assignment   ;
; LEDR[15] ; Missing location assignment   ;
; LEDR[16] ; Missing location assignment   ;
; LEDR[17] ; Missing location assignment   ;
+----------+-------------------------------+


+-----------------------------------------------------------------------------------------------------------------------------------------------------------------------------------------------------------------------------------------------------------------------------------------------------------------------------------------------------------------------------------------------------------------------------------------+
; Fitter Resource Utilization by Entity                                                                                                                                                                                                                                                                                                                                                                                                   ;
+-------------------------------------------+---------------+---------------------------+---------------+-------------+------+--------------+---------+-----------+------+--------------+--------------+-------------------+------------------+-----------------------------------------------------------------------------------------------------------------------------------------------------+----------------------+--------------+
; Compilation Hierarchy Node                ; Logic Cells   ; Dedicated Logic Registers ; I/O Registers ; Memory Bits ; M9Ks ; DSP Elements ; DSP 9x9 ; DSP 18x18 ; Pins ; Virtual Pins ; LUT-Only LCs ; Register-Only LCs ; LUT/Register LCs ; Full Hierarchy Name                                                                                                                                 ; Entity Name          ; Library Name ;
+-------------------------------------------+---------------+---------------------------+---------------+-------------+------+--------------+---------+-----------+------+--------------+--------------+-------------------+------------------+-----------------------------------------------------------------------------------------------------------------------------------------------------+----------------------+--------------+
; |Processador_GUI_MIPS                     ; 46277 (9454)  ; 33792 (32)                ; 0 (0)         ; 32768       ; 4    ; 6            ; 0       ; 3         ; 83   ; 0            ; 12485 (9401) ; 19847 (0)         ; 13945 (12594)    ; |Processador_GUI_MIPS                                                                                                                               ; Processador_GUI_MIPS ; work         ;
;    |alu:ALU|                              ; 1782 (687)    ; 0 (0)                     ; 0 (0)         ; 0           ; 0    ; 6            ; 0       ; 3         ; 0    ; 0            ; 1760 (674)   ; 0 (0)             ; 22 (13)          ; |Processador_GUI_MIPS|alu:ALU                                                                                                                       ; alu                  ; work         ;
;       |lpm_divide:Div0|                   ; 1067 (0)      ; 0 (0)                     ; 0 (0)         ; 0           ; 0    ; 0            ; 0       ; 0         ; 0    ; 0            ; 1060 (0)     ; 0 (0)             ; 7 (0)            ; |Processador_GUI_MIPS|alu:ALU|lpm_divide:Div0                                                                                                       ; lpm_divide           ; work         ;
;          |lpm_divide_hkm:auto_generated|  ; 1067 (0)      ; 0 (0)                     ; 0 (0)         ; 0           ; 0    ; 0            ; 0       ; 0         ; 0    ; 0            ; 1060 (0)     ; 0 (0)             ; 7 (0)            ; |Processador_GUI_MIPS|alu:ALU|lpm_divide:Div0|lpm_divide_hkm:auto_generated                                                                         ; lpm_divide_hkm       ; work         ;
;             |sign_div_unsign_9nh:divider| ; 1067 (0)      ; 0 (0)                     ; 0 (0)         ; 0           ; 0    ; 0            ; 0       ; 0         ; 0    ; 0            ; 1060 (0)     ; 0 (0)             ; 7 (0)            ; |Processador_GUI_MIPS|alu:ALU|lpm_divide:Div0|lpm_divide_hkm:auto_generated|sign_div_unsign_9nh:divider                                             ; sign_div_unsign_9nh  ; work         ;
;                |alt_u_div_6af:divider|    ; 1067 (1066)   ; 0 (0)                     ; 0 (0)         ; 0           ; 0    ; 0            ; 0       ; 0         ; 0    ; 0            ; 1060 (1059)  ; 0 (0)             ; 7 (7)            ; |Processador_GUI_MIPS|alu:ALU|lpm_divide:Div0|lpm_divide_hkm:auto_generated|sign_div_unsign_9nh:divider|alt_u_div_6af:divider                       ; alt_u_div_6af        ; work         ;
;                   |add_sub_8pc:add_sub_1| ; 1 (1)         ; 0 (0)                     ; 0 (0)         ; 0           ; 0    ; 0            ; 0       ; 0         ; 0    ; 0            ; 1 (1)        ; 0 (0)             ; 0 (0)            ; |Processador_GUI_MIPS|alu:ALU|lpm_divide:Div0|lpm_divide_hkm:auto_generated|sign_div_unsign_9nh:divider|alt_u_div_6af:divider|add_sub_8pc:add_sub_1 ; add_sub_8pc          ; work         ;
;       |lpm_mult:Mult0|                    ; 28 (0)        ; 0 (0)                     ; 0 (0)         ; 0           ; 0    ; 6            ; 0       ; 3         ; 0    ; 0            ; 26 (0)       ; 0 (0)             ; 2 (0)            ; |Processador_GUI_MIPS|alu:ALU|lpm_mult:Mult0                                                                                                        ; lpm_mult             ; work         ;
;          |mult_7dt:auto_generated|        ; 28 (28)       ; 0 (0)                     ; 0 (0)         ; 0           ; 0    ; 6            ; 0       ; 3         ; 0    ; 0            ; 26 (26)      ; 0 (0)             ; 2 (2)            ; |Processador_GUI_MIPS|alu:ALU|lpm_mult:Mult0|mult_7dt:auto_generated                                                                                ; mult_7dt             ; work         ;
;    |control_unit:CU|                      ; 27 (27)       ; 0 (0)                     ; 0 (0)         ; 0           ; 0    ; 0            ; 0       ; 0         ; 0    ; 0            ; 27 (27)      ; 0 (0)             ; 0 (0)            ; |Processador_GUI_MIPS|control_unit:CU                                                                                                               ; control_unit         ; work         ;
;    |data_ram:DRAM|                        ; 33139 (33139) ; 32768 (32768)             ; 0 (0)         ; 0           ; 0    ; 0            ; 0       ; 0         ; 0    ; 0            ; 371 (371)    ; 19452 (19452)     ; 13316 (13316)    ; |Processador_GUI_MIPS|data_ram:DRAM                                                                                                                 ; data_ram             ; work         ;
;    |hex7seg:h0|                           ; 7 (7)         ; 0 (0)                     ; 0 (0)         ; 0           ; 0    ; 0            ; 0       ; 0         ; 0    ; 0            ; 7 (7)        ; 0 (0)             ; 0 (0)            ; |Processador_GUI_MIPS|hex7seg:h0                                                                                                                    ; hex7seg              ; work         ;
;    |hex7seg:h1|                           ; 7 (7)         ; 0 (0)                     ; 0 (0)         ; 0           ; 0    ; 0            ; 0       ; 0         ; 0    ; 0            ; 7 (7)        ; 0 (0)             ; 0 (0)            ; |Processador_GUI_MIPS|hex7seg:h1                                                                                                                    ; hex7seg              ; work         ;
;    |hex7seg:h2|                           ; 7 (7)         ; 0 (0)                     ; 0 (0)         ; 0           ; 0    ; 0            ; 0       ; 0         ; 0    ; 0            ; 7 (7)        ; 0 (0)             ; 0 (0)            ; |Processador_GUI_MIPS|hex7seg:h2                                                                                                                    ; hex7seg              ; work         ;
;    |hex7seg:h3|                           ; 7 (7)         ; 0 (0)                     ; 0 (0)         ; 0           ; 0    ; 0            ; 0       ; 0         ; 0    ; 0            ; 7 (7)        ; 0 (0)             ; 0 (0)            ; |Processador_GUI_MIPS|hex7seg:h3                                                                                                                    ; hex7seg              ; work         ;
;    |hex7seg:h4|                           ; 7 (7)         ; 0 (0)                     ; 0 (0)         ; 0           ; 0    ; 0            ; 0       ; 0         ; 0    ; 0            ; 7 (7)        ; 0 (0)             ; 0 (0)            ; |Processador_GUI_MIPS|hex7seg:h4                                                                                                                    ; hex7seg              ; work         ;
;    |hex7seg:h5|                           ; 7 (7)         ; 0 (0)                     ; 0 (0)         ; 0           ; 0    ; 0            ; 0       ; 0         ; 0    ; 0            ; 7 (7)        ; 0 (0)             ; 0 (0)            ; |Processador_GUI_MIPS|hex7seg:h5                                                                                                                    ; hex7seg              ; work         ;
;    |regfile64:RF|                         ; 1877 (1877)   ; 992 (992)                 ; 0 (0)         ; 0           ; 0    ; 0            ; 0       ; 0         ; 0    ; 0            ; 884 (884)    ; 395 (395)         ; 598 (598)        ; |Processador_GUI_MIPS|regfile64:RF                                                                                                                  ; regfile64            ; work         ;
;    |single_port_rom:ROM|                  ; 0 (0)         ; 0 (0)                     ; 0 (0)         ; 32768       ; 4    ; 0            ; 0       ; 0         ; 0    ; 0            ; 0 (0)        ; 0 (0)             ; 0 (0)            ; |Processador_GUI_MIPS|single_port_rom:ROM                                                                                                           ; single_port_rom      ; work         ;
;       |altsyncram:rom_rtl_0|              ; 0 (0)         ; 0 (0)                     ; 0 (0)         ; 32768       ; 4    ; 0            ; 0       ; 0         ; 0    ; 0            ; 0 (0)        ; 0 (0)             ; 0 (0)            ; |Processador_GUI_MIPS|single_port_rom:ROM|altsyncram:rom_rtl_0                                                                                      ; altsyncram           ; work         ;
;          |altsyncram_ec91:auto_generated| ; 0 (0)         ; 0 (0)                     ; 0 (0)         ; 32768       ; 4    ; 0            ; 0       ; 0         ; 0    ; 0            ; 0 (0)        ; 0 (0)             ; 0 (0)            ; |Processador_GUI_MIPS|single_port_rom:ROM|altsyncram:rom_rtl_0|altsyncram_ec91:auto_generated                                                       ; altsyncram_ec91      ; work         ;
+-------------------------------------------+---------------+---------------------------+---------------+-------------+------+--------------+---------+-----------+------+--------------+--------------+-------------------+------------------+-----------------------------------------------------------------------------------------------------------------------------------------------------+----------------------+--------------+
Note: For table entries with two numbers listed, the numbers in parentheses indicate the number of resources of the given type used by the specific entity alone. The numbers listed outside of parentheses indicate the total resources of the given type used by the specific entity and all of its sub-entities in the hierarchy.


+------------------------------------------------------------------------------------------+
; Delay Chain Summary                                                                      ;
+----------+----------+---------------+---------------+-----------------------+-----+------+
; Name     ; Pin Type ; Pad to Core 0 ; Pad to Core 1 ; Pad to Input Register ; TCO ; TCOE ;
+----------+----------+---------------+---------------+-----------------------+-----+------+
; SW[0]    ; Input    ; --            ; --            ; --                    ; --  ; --   ;
; SW[1]    ; Input    ; --            ; --            ; --                    ; --  ; --   ;
; SW[2]    ; Input    ; --            ; --            ; --                    ; --  ; --   ;
; SW[3]    ; Input    ; --            ; --            ; --                    ; --  ; --   ;
; SW[4]    ; Input    ; --            ; --            ; --                    ; --  ; --   ;
; SW[5]    ; Input    ; --            ; --            ; --                    ; --  ; --   ;
; SW[6]    ; Input    ; --            ; --            ; --                    ; --  ; --   ;
; SW[7]    ; Input    ; --            ; --            ; --                    ; --  ; --   ;
; SW[8]    ; Input    ; --            ; --            ; --                    ; --  ; --   ;
; SW[9]    ; Input    ; --            ; --            ; --                    ; --  ; --   ;
; SW[10]   ; Input    ; --            ; --            ; --                    ; --  ; --   ;
; SW[11]   ; Input    ; --            ; --            ; --                    ; --  ; --   ;
; SW[12]   ; Input    ; --            ; --            ; --                    ; --  ; --   ;
; SW[13]   ; Input    ; --            ; --            ; --                    ; --  ; --   ;
; SW[14]   ; Input    ; --            ; --            ; --                    ; --  ; --   ;
; SW[15]   ; Input    ; --            ; --            ; --                    ; --  ; --   ;
; SW[16]   ; Input    ; --            ; --            ; --                    ; --  ; --   ;
; SW[17]   ; Input    ; --            ; --            ; --                    ; --  ; --   ;
; KEY[1]   ; Input    ; --            ; --            ; --                    ; --  ; --   ;
; KEY[2]   ; Input    ; --            ; --            ; --                    ; --  ; --   ;
; KEY[3]   ; Input    ; --            ; --            ; --                    ; --  ; --   ;
; HEX0[0]  ; Output   ; --            ; --            ; --                    ; --  ; --   ;
; HEX0[1]  ; Output   ; --            ; --            ; --                    ; --  ; --   ;
; HEX0[2]  ; Output   ; --            ; --            ; --                    ; --  ; --   ;
; HEX0[3]  ; Output   ; --            ; --            ; --                    ; --  ; --   ;
; HEX0[4]  ; Output   ; --            ; --            ; --                    ; --  ; --   ;
; HEX0[5]  ; Output   ; --            ; --            ; --                    ; --  ; --   ;
; HEX0[6]  ; Output   ; --            ; --            ; --                    ; --  ; --   ;
; HEX1[0]  ; Output   ; --            ; --            ; --                    ; --  ; --   ;
; HEX1[1]  ; Output   ; --            ; --            ; --                    ; --  ; --   ;
; HEX1[2]  ; Output   ; --            ; --            ; --                    ; --  ; --   ;
; HEX1[3]  ; Output   ; --            ; --            ; --                    ; --  ; --   ;
; HEX1[4]  ; Output   ; --            ; --            ; --                    ; --  ; --   ;
; HEX1[5]  ; Output   ; --            ; --            ; --                    ; --  ; --   ;
; HEX1[6]  ; Output   ; --            ; --            ; --                    ; --  ; --   ;
; HEX2[0]  ; Output   ; --            ; --            ; --                    ; --  ; --   ;
; HEX2[1]  ; Output   ; --            ; --            ; --                    ; --  ; --   ;
; HEX2[2]  ; Output   ; --            ; --            ; --                    ; --  ; --   ;
; HEX2[3]  ; Output   ; --            ; --            ; --                    ; --  ; --   ;
; HEX2[4]  ; Output   ; --            ; --            ; --                    ; --  ; --   ;
; HEX2[5]  ; Output   ; --            ; --            ; --                    ; --  ; --   ;
; HEX2[6]  ; Output   ; --            ; --            ; --                    ; --  ; --   ;
; HEX3[0]  ; Output   ; --            ; --            ; --                    ; --  ; --   ;
; HEX3[1]  ; Output   ; --            ; --            ; --                    ; --  ; --   ;
; HEX3[2]  ; Output   ; --            ; --            ; --                    ; --  ; --   ;
; HEX3[3]  ; Output   ; --            ; --            ; --                    ; --  ; --   ;
; HEX3[4]  ; Output   ; --            ; --            ; --                    ; --  ; --   ;
; HEX3[5]  ; Output   ; --            ; --            ; --                    ; --  ; --   ;
; HEX3[6]  ; Output   ; --            ; --            ; --                    ; --  ; --   ;
; HEX4[0]  ; Output   ; --            ; --            ; --                    ; --  ; --   ;
; HEX4[1]  ; Output   ; --            ; --            ; --                    ; --  ; --   ;
; HEX4[2]  ; Output   ; --            ; --            ; --                    ; --  ; --   ;
; HEX4[3]  ; Output   ; --            ; --            ; --                    ; --  ; --   ;
; HEX4[4]  ; Output   ; --            ; --            ; --                    ; --  ; --   ;
; HEX4[5]  ; Output   ; --            ; --            ; --                    ; --  ; --   ;
; HEX4[6]  ; Output   ; --            ; --            ; --                    ; --  ; --   ;
; HEX5[0]  ; Output   ; --            ; --            ; --                    ; --  ; --   ;
; HEX5[1]  ; Output   ; --            ; --            ; --                    ; --  ; --   ;
; HEX5[2]  ; Output   ; --            ; --            ; --                    ; --  ; --   ;
; HEX5[3]  ; Output   ; --            ; --            ; --                    ; --  ; --   ;
; HEX5[4]  ; Output   ; --            ; --            ; --                    ; --  ; --   ;
; HEX5[5]  ; Output   ; --            ; --            ; --                    ; --  ; --   ;
; HEX5[6]  ; Output   ; --            ; --            ; --                    ; --  ; --   ;
; LEDR[0]  ; Output   ; --            ; --            ; --                    ; --  ; --   ;
; LEDR[1]  ; Output   ; --            ; --            ; --                    ; --  ; --   ;
; LEDR[2]  ; Output   ; --            ; --            ; --                    ; --  ; --   ;
; LEDR[3]  ; Output   ; --            ; --            ; --                    ; --  ; --   ;
; LEDR[4]  ; Output   ; --            ; --            ; --                    ; --  ; --   ;
; LEDR[5]  ; Output   ; --            ; --            ; --                    ; --  ; --   ;
; LEDR[6]  ; Output   ; --            ; --            ; --                    ; --  ; --   ;
; LEDR[7]  ; Output   ; --            ; --            ; --                    ; --  ; --   ;
; LEDR[8]  ; Output   ; --            ; --            ; --                    ; --  ; --   ;
; LEDR[9]  ; Output   ; --            ; --            ; --                    ; --  ; --   ;
; LEDR[10] ; Output   ; --            ; --            ; --                    ; --  ; --   ;
; LEDR[11] ; Output   ; --            ; --            ; --                    ; --  ; --   ;
; LEDR[12] ; Output   ; --            ; --            ; --                    ; --  ; --   ;
; LEDR[13] ; Output   ; --            ; --            ; --                    ; --  ; --   ;
; LEDR[14] ; Output   ; --            ; --            ; --                    ; --  ; --   ;
; LEDR[15] ; Output   ; --            ; --            ; --                    ; --  ; --   ;
; LEDR[16] ; Output   ; --            ; --            ; --                    ; --  ; --   ;
; LEDR[17] ; Output   ; --            ; --            ; --                    ; --  ; --   ;
; CLOCK_50 ; Input    ; (0) 0 ps      ; --            ; --                    ; --  ; --   ;
; KEY[0]   ; Input    ; (6) 1314 ps   ; --            ; --                    ; --  ; --   ;
+----------+----------+---------------+---------------+-----------------------+-----+------+


+------------------------------------------------------------------+
; Pad To Core Delay Chain Fanout                                   ;
+------------------------------------+-------------------+---------+
; Source Pin / Fanout                ; Pad To Core Index ; Setting ;
+------------------------------------+-------------------+---------+
; SW[0]                              ;                   ;         ;
; SW[1]                              ;                   ;         ;
; SW[2]                              ;                   ;         ;
; SW[3]                              ;                   ;         ;
; SW[4]                              ;                   ;         ;
; SW[5]                              ;                   ;         ;
; SW[6]                              ;                   ;         ;
; SW[7]                              ;                   ;         ;
; SW[8]                              ;                   ;         ;
; SW[9]                              ;                   ;         ;
; SW[10]                             ;                   ;         ;
; SW[11]                             ;                   ;         ;
; SW[12]                             ;                   ;         ;
; SW[13]                             ;                   ;         ;
; SW[14]                             ;                   ;         ;
; SW[15]                             ;                   ;         ;
; SW[16]                             ;                   ;         ;
; SW[17]                             ;                   ;         ;
; KEY[1]                             ;                   ;         ;
; KEY[2]                             ;                   ;         ;
; KEY[3]                             ;                   ;         ;
; CLOCK_50                           ;                   ;         ;
; KEY[0]                             ;                   ;         ;
;      - pc[0]                       ; 0                 ; 6       ;
;      - pc[1]                       ; 0                 ; 6       ;
;      - pc[2]                       ; 0                 ; 6       ;
;      - pc[3]                       ; 0                 ; 6       ;
;      - pc[4]                       ; 0                 ; 6       ;
;      - pc[5]                       ; 0                 ; 6       ;
;      - pc[6]                       ; 0                 ; 6       ;
;      - pc[7]                       ; 0                 ; 6       ;
;      - pc[8]                       ; 0                 ; 6       ;
;      - pc[9]                       ; 0                 ; 6       ;
;      - pc[10]                      ; 0                 ; 6       ;
;      - pc[11]                      ; 0                 ; 6       ;
;      - pc[12]                      ; 0                 ; 6       ;
;      - pc[13]                      ; 0                 ; 6       ;
;      - pc[14]                      ; 0                 ; 6       ;
;      - pc[15]                      ; 0                 ; 6       ;
;      - pc[16]                      ; 0                 ; 6       ;
;      - pc[17]                      ; 0                 ; 6       ;
;      - pc[18]                      ; 0                 ; 6       ;
;      - pc[19]                      ; 0                 ; 6       ;
;      - pc[20]                      ; 0                 ; 6       ;
;      - pc[21]                      ; 0                 ; 6       ;
;      - pc[22]                      ; 0                 ; 6       ;
;      - pc[23]                      ; 0                 ; 6       ;
;      - pc[31]                      ; 0                 ; 6       ;
;      - pc[30]                      ; 0                 ; 6       ;
;      - pc[29]                      ; 0                 ; 6       ;
;      - pc[28]                      ; 0                 ; 6       ;
;      - pc[27]                      ; 0                 ; 6       ;
;      - pc[26]                      ; 0                 ; 6       ;
;      - pc[25]                      ; 0                 ; 6       ;
;      - pc[24]                      ; 0                 ; 6       ;
;      - pc[0]~11                    ; 0                 ; 6       ;
;      - regfile64:RF|rf~18          ; 0                 ; 6       ;
;      - regfile64:RF|rf~19          ; 0                 ; 6       ;
;      - regfile64:RF|rf~21          ; 0                 ; 6       ;
;      - regfile64:RF|rf[10][22]~23  ; 0                 ; 6       ;
;      - regfile64:RF|rf[8][6]~24    ; 0                 ; 6       ;
;      - regfile64:RF|rf[21][19]~25  ; 0                 ; 6       ;
;      - regfile64:RF|rf[25][28]~26  ; 0                 ; 6       ;
;      - regfile64:RF|rf[17][13]~27  ; 0                 ; 6       ;
;      - regfile64:RF|rf[29][24]~28  ; 0                 ; 6       ;
;      - regfile64:RF|rf[26][8]~29   ; 0                 ; 6       ;
;      - regfile64:RF|rf[30][8]~30   ; 0                 ; 6       ;
;      - regfile64:RF|rf[24][3]~31   ; 0                 ; 6       ;
;      - regfile64:RF|rf[16][17]~32  ; 0                 ; 6       ;
;      - regfile64:RF|rf[28][24]~33  ; 0                 ; 6       ;
;      - regfile64:RF|rf[27][13]~34  ; 0                 ; 6       ;
;      - regfile64:RF|rf[23][24]~35  ; 0                 ; 6       ;
;      - regfile64:RF|rf[19][15]~36  ; 0                 ; 6       ;
;      - regfile64:RF|rf[31][0]~37   ; 0                 ; 6       ;
;      - regfile64:RF|rf[2][29]~38   ; 0                 ; 6       ;
;      - regfile64:RF|rf[3][4]~39    ; 0                 ; 6       ;
;      - regfile64:RF|rf[5][12]~40   ; 0                 ; 6       ;
;      - regfile64:RF|rf[6][6]~41    ; 0                 ; 6       ;
;      - regfile64:RF|rf[4][15]~42   ; 0                 ; 6       ;
;      - regfile64:RF|rf[7][2]~43    ; 0                 ; 6       ;
;      - regfile64:RF|rf[14][23]~44  ; 0                 ; 6       ;
;      - regfile64:RF|rf[12][10]~45  ; 0                 ; 6       ;
;      - regfile64:RF|rf~75          ; 0                 ; 6       ;
;      - regfile64:RF|rf~85          ; 0                 ; 6       ;
;      - regfile64:RF|rf[9][22]~109  ; 0                 ; 6       ;
;      - regfile64:RF|rf[11][22]~110 ; 0                 ; 6       ;
;      - regfile64:RF|rf[22][20]~111 ; 0                 ; 6       ;
;      - regfile64:RF|rf[18][16]~112 ; 0                 ; 6       ;
;      - regfile64:RF|rf[20][22]~113 ; 0                 ; 6       ;
;      - regfile64:RF|rf[1][26]~114  ; 0                 ; 6       ;
;      - regfile64:RF|rf[13][0]~115  ; 0                 ; 6       ;
;      - regfile64:RF|rf[15][27]~116 ; 0                 ; 6       ;
;      - regfile64:RF|rf~117         ; 0                 ; 6       ;
+------------------------------------+-------------------+---------+


+-----------------------------------------------------------------------------------------------------------------------------------------------------------+
; Control Signals                                                                                                                                           ;
+-----------------------------+---------------------+---------+--------------+--------+----------------------+------------------+---------------------------+
; Name                        ; Location            ; Fan-Out ; Usage        ; Global ; Global Resource Used ; Global Line Name ; Enable Signal Source Name ;
+-----------------------------+---------------------+---------+--------------+--------+----------------------+------------------+---------------------------+
; CLOCK_50                    ; PIN_Y2              ; 33796   ; Clock        ; yes    ; Global Clock         ; GCLK4            ; --                        ;
; KEY[0]                      ; PIN_AB22            ; 70      ; Sync. clear  ; no     ; --                   ; --               ; --                        ;
; data_ram:DRAM|Decoder0~1000 ; LCCOMB_X66_Y59_N14  ; 32      ; Clock enable ; no     ; --                   ; --               ; --                        ;
; data_ram:DRAM|Decoder0~1001 ; LCCOMB_X54_Y37_N18  ; 32      ; Clock enable ; no     ; --                   ; --               ; --                        ;
; data_ram:DRAM|Decoder0~1002 ; LCCOMB_X61_Y64_N6   ; 32      ; Clock enable ; no     ; --                   ; --               ; --                        ;
; data_ram:DRAM|Decoder0~1003 ; LCCOMB_X54_Y60_N30  ; 32      ; Clock enable ; no     ; --                   ; --               ; --                        ;
; data_ram:DRAM|Decoder0~1004 ; LCCOMB_X61_Y63_N26  ; 32      ; Clock enable ; no     ; --                   ; --               ; --                        ;
; data_ram:DRAM|Decoder0~1005 ; LCCOMB_X55_Y38_N24  ; 32      ; Clock enable ; no     ; --                   ; --               ; --                        ;
; data_ram:DRAM|Decoder0~1006 ; LCCOMB_X54_Y34_N18  ; 32      ; Clock enable ; no     ; --                   ; --               ; --                        ;
; data_ram:DRAM|Decoder0~1007 ; LCCOMB_X53_Y60_N10  ; 32      ; Clock enable ; no     ; --                   ; --               ; --                        ;
; data_ram:DRAM|Decoder0~1008 ; LCCOMB_X61_Y67_N2   ; 32      ; Clock enable ; no     ; --                   ; --               ; --                        ;
; data_ram:DRAM|Decoder0~1009 ; LCCOMB_X55_Y59_N18  ; 32      ; Clock enable ; no     ; --                   ; --               ; --                        ;
; data_ram:DRAM|Decoder0~101  ; LCCOMB_X56_Y5_N14   ; 32      ; Clock enable ; no     ; --                   ; --               ; --                        ;
; data_ram:DRAM|Decoder0~1010 ; LCCOMB_X58_Y66_N2   ; 32      ; Clock enable ; no     ; --                   ; --               ; --                        ;
; data_ram:DRAM|Decoder0~1011 ; LCCOMB_X63_Y65_N2   ; 32      ; Clock enable ; no     ; --                   ; --               ; --                        ;
; data_ram:DRAM|Decoder0~1012 ; LCCOMB_X66_Y62_N30  ; 32      ; Clock enable ; no     ; --                   ; --               ; --                        ;
; data_ram:DRAM|Decoder0~1013 ; LCCOMB_X55_Y38_N14  ; 32      ; Clock enable ; no     ; --                   ; --               ; --                        ;
; data_ram:DRAM|Decoder0~1014 ; LCCOMB_X61_Y61_N10  ; 32      ; Clock enable ; no     ; --                   ; --               ; --                        ;
; data_ram:DRAM|Decoder0~1015 ; LCCOMB_X62_Y47_N30  ; 32      ; Clock enable ; no     ; --                   ; --               ; --                        ;
; data_ram:DRAM|Decoder0~1016 ; LCCOMB_X77_Y51_N26  ; 32      ; Clock enable ; no     ; --                   ; --               ; --                        ;
; data_ram:DRAM|Decoder0~1017 ; LCCOMB_X61_Y59_N22  ; 32      ; Clock enable ; no     ; --                   ; --               ; --                        ;
; data_ram:DRAM|Decoder0~1018 ; LCCOMB_X65_Y50_N14  ; 32      ; Clock enable ; no     ; --                   ; --               ; --                        ;
; data_ram:DRAM|Decoder0~1019 ; LCCOMB_X59_Y50_N14  ; 32      ; Clock enable ; no     ; --                   ; --               ; --                        ;
; data_ram:DRAM|Decoder0~102  ; LCCOMB_X54_Y36_N0   ; 32      ; Clock enable ; no     ; --                   ; --               ; --                        ;
; data_ram:DRAM|Decoder0~1020 ; LCCOMB_X55_Y36_N16  ; 32      ; Clock enable ; no     ; --                   ; --               ; --                        ;
; data_ram:DRAM|Decoder0~1021 ; LCCOMB_X55_Y36_N2   ; 32      ; Clock enable ; no     ; --                   ; --               ; --                        ;
; data_ram:DRAM|Decoder0~1022 ; LCCOMB_X63_Y51_N14  ; 32      ; Clock enable ; no     ; --                   ; --               ; --                        ;
; data_ram:DRAM|Decoder0~1023 ; LCCOMB_X59_Y47_N10  ; 32      ; Clock enable ; no     ; --                   ; --               ; --                        ;
; data_ram:DRAM|Decoder0~1024 ; LCCOMB_X59_Y55_N30  ; 32      ; Clock enable ; no     ; --                   ; --               ; --                        ;
; data_ram:DRAM|Decoder0~1025 ; LCCOMB_X54_Y39_N30  ; 32      ; Clock enable ; no     ; --                   ; --               ; --                        ;
; data_ram:DRAM|Decoder0~1026 ; LCCOMB_X63_Y48_N30  ; 32      ; Clock enable ; no     ; --                   ; --               ; --                        ;
; data_ram:DRAM|Decoder0~1027 ; LCCOMB_X61_Y47_N30  ; 32      ; Clock enable ; no     ; --                   ; --               ; --                        ;
; data_ram:DRAM|Decoder0~1028 ; LCCOMB_X76_Y51_N14  ; 32      ; Clock enable ; no     ; --                   ; --               ; --                        ;
; data_ram:DRAM|Decoder0~1029 ; LCCOMB_X61_Y51_N30  ; 32      ; Clock enable ; no     ; --                   ; --               ; --                        ;
; data_ram:DRAM|Decoder0~103  ; LCCOMB_X49_Y10_N4   ; 32      ; Clock enable ; no     ; --                   ; --               ; --                        ;
; data_ram:DRAM|Decoder0~1030 ; LCCOMB_X68_Y50_N30  ; 32      ; Clock enable ; no     ; --                   ; --               ; --                        ;
; data_ram:DRAM|Decoder0~1031 ; LCCOMB_X56_Y56_N6   ; 32      ; Clock enable ; no     ; --                   ; --               ; --                        ;
; data_ram:DRAM|Decoder0~1032 ; LCCOMB_X59_Y60_N2   ; 32      ; Clock enable ; no     ; --                   ; --               ; --                        ;
; data_ram:DRAM|Decoder0~1033 ; LCCOMB_X57_Y36_N14  ; 32      ; Clock enable ; no     ; --                   ; --               ; --                        ;
; data_ram:DRAM|Decoder0~1034 ; LCCOMB_X63_Y64_N6   ; 32      ; Clock enable ; no     ; --                   ; --               ; --                        ;
; data_ram:DRAM|Decoder0~1035 ; LCCOMB_X57_Y54_N8   ; 32      ; Clock enable ; no     ; --                   ; --               ; --                        ;
; data_ram:DRAM|Decoder0~1036 ; LCCOMB_X69_Y59_N30  ; 32      ; Clock enable ; no     ; --                   ; --               ; --                        ;
; data_ram:DRAM|Decoder0~1037 ; LCCOMB_X53_Y59_N16  ; 32      ; Clock enable ; no     ; --                   ; --               ; --                        ;
; data_ram:DRAM|Decoder0~1038 ; LCCOMB_X65_Y58_N0   ; 32      ; Clock enable ; no     ; --                   ; --               ; --                        ;
; data_ram:DRAM|Decoder0~1039 ; LCCOMB_X55_Y60_N8   ; 32      ; Clock enable ; no     ; --                   ; --               ; --                        ;
; data_ram:DRAM|Decoder0~104  ; LCCOMB_X48_Y8_N16   ; 32      ; Clock enable ; no     ; --                   ; --               ; --                        ;
; data_ram:DRAM|Decoder0~1040 ; LCCOMB_X59_Y59_N12  ; 32      ; Clock enable ; no     ; --                   ; --               ; --                        ;
; data_ram:DRAM|Decoder0~1041 ; LCCOMB_X57_Y59_N0   ; 32      ; Clock enable ; no     ; --                   ; --               ; --                        ;
; data_ram:DRAM|Decoder0~1042 ; LCCOMB_X62_Y64_N18  ; 32      ; Clock enable ; no     ; --                   ; --               ; --                        ;
; data_ram:DRAM|Decoder0~1043 ; LCCOMB_X59_Y54_N16  ; 32      ; Clock enable ; no     ; --                   ; --               ; --                        ;
; data_ram:DRAM|Decoder0~1044 ; LCCOMB_X68_Y59_N22  ; 32      ; Clock enable ; no     ; --                   ; --               ; --                        ;
; data_ram:DRAM|Decoder0~1045 ; LCCOMB_X61_Y57_N14  ; 32      ; Clock enable ; no     ; --                   ; --               ; --                        ;
; data_ram:DRAM|Decoder0~1046 ; LCCOMB_X67_Y60_N18  ; 32      ; Clock enable ; no     ; --                   ; --               ; --                        ;
; data_ram:DRAM|Decoder0~1047 ; LCCOMB_X80_Y43_N30  ; 32      ; Clock enable ; no     ; --                   ; --               ; --                        ;
; data_ram:DRAM|Decoder0~1048 ; LCCOMB_X77_Y37_N30  ; 32      ; Clock enable ; no     ; --                   ; --               ; --                        ;
; data_ram:DRAM|Decoder0~1049 ; LCCOMB_X79_Y45_N30  ; 32      ; Clock enable ; no     ; --                   ; --               ; --                        ;
; data_ram:DRAM|Decoder0~105  ; LCCOMB_X58_Y5_N0    ; 32      ; Clock enable ; no     ; --                   ; --               ; --                        ;
; data_ram:DRAM|Decoder0~1050 ; LCCOMB_X74_Y34_N6   ; 32      ; Clock enable ; no     ; --                   ; --               ; --                        ;
; data_ram:DRAM|Decoder0~1051 ; LCCOMB_X53_Y37_N8   ; 32      ; Clock enable ; no     ; --                   ; --               ; --                        ;
; data_ram:DRAM|Decoder0~1052 ; LCCOMB_X86_Y49_N26  ; 32      ; Clock enable ; no     ; --                   ; --               ; --                        ;
; data_ram:DRAM|Decoder0~1053 ; LCCOMB_X85_Y49_N30  ; 32      ; Clock enable ; no     ; --                   ; --               ; --                        ;
; data_ram:DRAM|Decoder0~1054 ; LCCOMB_X54_Y35_N2   ; 32      ; Clock enable ; no     ; --                   ; --               ; --                        ;
; data_ram:DRAM|Decoder0~1055 ; LCCOMB_X55_Y35_N2   ; 32      ; Clock enable ; no     ; --                   ; --               ; --                        ;
; data_ram:DRAM|Decoder0~1056 ; LCCOMB_X53_Y37_N2   ; 32      ; Clock enable ; no     ; --                   ; --               ; --                        ;
; data_ram:DRAM|Decoder0~1057 ; LCCOMB_X79_Y41_N30  ; 32      ; Clock enable ; no     ; --                   ; --               ; --                        ;
; data_ram:DRAM|Decoder0~1058 ; LCCOMB_X81_Y38_N28  ; 32      ; Clock enable ; no     ; --                   ; --               ; --                        ;
; data_ram:DRAM|Decoder0~1059 ; LCCOMB_X70_Y37_N10  ; 32      ; Clock enable ; no     ; --                   ; --               ; --                        ;
; data_ram:DRAM|Decoder0~106  ; LCCOMB_X58_Y8_N16   ; 32      ; Clock enable ; no     ; --                   ; --               ; --                        ;
; data_ram:DRAM|Decoder0~1060 ; LCCOMB_X72_Y40_N30  ; 32      ; Clock enable ; no     ; --                   ; --               ; --                        ;
; data_ram:DRAM|Decoder0~1061 ; LCCOMB_X65_Y36_N6   ; 32      ; Clock enable ; no     ; --                   ; --               ; --                        ;
; data_ram:DRAM|Decoder0~1062 ; LCCOMB_X52_Y36_N26  ; 32      ; Clock enable ; no     ; --                   ; --               ; --                        ;
; data_ram:DRAM|Decoder0~1063 ; LCCOMB_X54_Y38_N0   ; 32      ; Clock enable ; no     ; --                   ; --               ; --                        ;
; data_ram:DRAM|Decoder0~1064 ; LCCOMB_X56_Y36_N6   ; 32      ; Clock enable ; no     ; --                   ; --               ; --                        ;
; data_ram:DRAM|Decoder0~1065 ; LCCOMB_X88_Y43_N6   ; 32      ; Clock enable ; no     ; --                   ; --               ; --                        ;
; data_ram:DRAM|Decoder0~1066 ; LCCOMB_X87_Y44_N24  ; 32      ; Clock enable ; no     ; --                   ; --               ; --                        ;
; data_ram:DRAM|Decoder0~1067 ; LCCOMB_X74_Y47_N18  ; 32      ; Clock enable ; no     ; --                   ; --               ; --                        ;
; data_ram:DRAM|Decoder0~1068 ; LCCOMB_X63_Y42_N30  ; 32      ; Clock enable ; no     ; --                   ; --               ; --                        ;
; data_ram:DRAM|Decoder0~1069 ; LCCOMB_X80_Y47_N26  ; 32      ; Clock enable ; no     ; --                   ; --               ; --                        ;
; data_ram:DRAM|Decoder0~107  ; LCCOMB_X48_Y10_N0   ; 32      ; Clock enable ; no     ; --                   ; --               ; --                        ;
; data_ram:DRAM|Decoder0~1070 ; LCCOMB_X66_Y42_N26  ; 32      ; Clock enable ; no     ; --                   ; --               ; --                        ;
; data_ram:DRAM|Decoder0~1071 ; LCCOMB_X77_Y47_N2   ; 32      ; Clock enable ; no     ; --                   ; --               ; --                        ;
; data_ram:DRAM|Decoder0~1072 ; LCCOMB_X86_Y50_N6   ; 32      ; Clock enable ; no     ; --                   ; --               ; --                        ;
; data_ram:DRAM|Decoder0~1073 ; LCCOMB_X83_Y49_N26  ; 32      ; Clock enable ; no     ; --                   ; --               ; --                        ;
; data_ram:DRAM|Decoder0~1074 ; LCCOMB_X82_Y47_N2   ; 32      ; Clock enable ; no     ; --                   ; --               ; --                        ;
; data_ram:DRAM|Decoder0~1075 ; LCCOMB_X66_Y41_N2   ; 32      ; Clock enable ; no     ; --                   ; --               ; --                        ;
; data_ram:DRAM|Decoder0~1076 ; LCCOMB_X62_Y40_N30  ; 32      ; Clock enable ; no     ; --                   ; --               ; --                        ;
; data_ram:DRAM|Decoder0~1077 ; LCCOMB_X69_Y43_N6   ; 32      ; Clock enable ; no     ; --                   ; --               ; --                        ;
; data_ram:DRAM|Decoder0~1078 ; LCCOMB_X54_Y38_N30  ; 32      ; Clock enable ; no     ; --                   ; --               ; --                        ;
; data_ram:DRAM|Decoder0~1079 ; LCCOMB_X53_Y38_N0   ; 32      ; Clock enable ; no     ; --                   ; --               ; --                        ;
; data_ram:DRAM|Decoder0~108  ; LCCOMB_X54_Y12_N12  ; 32      ; Clock enable ; no     ; --                   ; --               ; --                        ;
; data_ram:DRAM|Decoder0~1080 ; LCCOMB_X53_Y37_N20  ; 32      ; Clock enable ; no     ; --                   ; --               ; --                        ;
; data_ram:DRAM|Decoder0~1081 ; LCCOMB_X76_Y43_N2   ; 32      ; Clock enable ; no     ; --                   ; --               ; --                        ;
; data_ram:DRAM|Decoder0~1082 ; LCCOMB_X68_Y38_N26  ; 32      ; Clock enable ; no     ; --                   ; --               ; --                        ;
; data_ram:DRAM|Decoder0~1083 ; LCCOMB_X54_Y36_N10  ; 32      ; Clock enable ; no     ; --                   ; --               ; --                        ;
; data_ram:DRAM|Decoder0~1084 ; LCCOMB_X53_Y38_N18  ; 32      ; Clock enable ; no     ; --                   ; --               ; --                        ;
; data_ram:DRAM|Decoder0~1085 ; LCCOMB_X87_Y50_N30  ; 32      ; Clock enable ; no     ; --                   ; --               ; --                        ;
; data_ram:DRAM|Decoder0~1086 ; LCCOMB_X84_Y36_N18  ; 32      ; Clock enable ; no     ; --                   ; --               ; --                        ;
; data_ram:DRAM|Decoder0~1087 ; LCCOMB_X84_Y38_N6   ; 32      ; Clock enable ; no     ; --                   ; --               ; --                        ;
; data_ram:DRAM|Decoder0~1088 ; LCCOMB_X53_Y37_N26  ; 32      ; Clock enable ; no     ; --                   ; --               ; --                        ;
; data_ram:DRAM|Decoder0~1089 ; LCCOMB_X84_Y45_N18  ; 32      ; Clock enable ; no     ; --                   ; --               ; --                        ;
; data_ram:DRAM|Decoder0~109  ; LCCOMB_X52_Y14_N0   ; 32      ; Clock enable ; no     ; --                   ; --               ; --                        ;
; data_ram:DRAM|Decoder0~1090 ; LCCOMB_X83_Y38_N16  ; 32      ; Clock enable ; no     ; --                   ; --               ; --                        ;
; data_ram:DRAM|Decoder0~1091 ; LCCOMB_X67_Y40_N14  ; 32      ; Clock enable ; no     ; --                   ; --               ; --                        ;
; data_ram:DRAM|Decoder0~1092 ; LCCOMB_X63_Y40_N2   ; 32      ; Clock enable ; no     ; --                   ; --               ; --                        ;
; data_ram:DRAM|Decoder0~1093 ; LCCOMB_X65_Y40_N30  ; 32      ; Clock enable ; no     ; --                   ; --               ; --                        ;
; data_ram:DRAM|Decoder0~1094 ; LCCOMB_X69_Y38_N24  ; 32      ; Clock enable ; no     ; --                   ; --               ; --                        ;
; data_ram:DRAM|Decoder0~1095 ; LCCOMB_X74_Y39_N14  ; 32      ; Clock enable ; no     ; --                   ; --               ; --                        ;
; data_ram:DRAM|Decoder0~1096 ; LCCOMB_X73_Y45_N30  ; 32      ; Clock enable ; no     ; --                   ; --               ; --                        ;
; data_ram:DRAM|Decoder0~1097 ; LCCOMB_X80_Y49_N22  ; 32      ; Clock enable ; no     ; --                   ; --               ; --                        ;
; data_ram:DRAM|Decoder0~1098 ; LCCOMB_X54_Y38_N20  ; 32      ; Clock enable ; no     ; --                   ; --               ; --                        ;
; data_ram:DRAM|Decoder0~1099 ; LCCOMB_X85_Y48_N26  ; 32      ; Clock enable ; no     ; --                   ; --               ; --                        ;
; data_ram:DRAM|Decoder0~110  ; LCCOMB_X55_Y11_N4   ; 32      ; Clock enable ; no     ; --                   ; --               ; --                        ;
; data_ram:DRAM|Decoder0~1100 ; LCCOMB_X82_Y52_N30  ; 32      ; Clock enable ; no     ; --                   ; --               ; --                        ;
; data_ram:DRAM|Decoder0~1101 ; LCCOMB_X85_Y51_N22  ; 32      ; Clock enable ; no     ; --                   ; --               ; --                        ;
; data_ram:DRAM|Decoder0~1102 ; LCCOMB_X54_Y38_N6   ; 32      ; Clock enable ; no     ; --                   ; --               ; --                        ;
; data_ram:DRAM|Decoder0~1103 ; LCCOMB_X88_Y46_N0   ; 32      ; Clock enable ; no     ; --                   ; --               ; --                        ;
; data_ram:DRAM|Decoder0~1104 ; LCCOMB_X81_Y51_N26  ; 32      ; Clock enable ; no     ; --                   ; --               ; --                        ;
; data_ram:DRAM|Decoder0~1105 ; LCCOMB_X84_Y51_N26  ; 32      ; Clock enable ; no     ; --                   ; --               ; --                        ;
; data_ram:DRAM|Decoder0~1106 ; LCCOMB_X87_Y51_N18  ; 32      ; Clock enable ; no     ; --                   ; --               ; --                        ;
; data_ram:DRAM|Decoder0~1107 ; LCCOMB_X56_Y36_N4   ; 32      ; Clock enable ; no     ; --                   ; --               ; --                        ;
; data_ram:DRAM|Decoder0~1108 ; LCCOMB_X69_Y41_N22  ; 32      ; Clock enable ; no     ; --                   ; --               ; --                        ;
; data_ram:DRAM|Decoder0~1109 ; LCCOMB_X68_Y39_N30  ; 32      ; Clock enable ; no     ; --                   ; --               ; --                        ;
; data_ram:DRAM|Decoder0~111  ; LCCOMB_X49_Y17_N12  ; 32      ; Clock enable ; no     ; --                   ; --               ; --                        ;
; data_ram:DRAM|Decoder0~1110 ; LCCOMB_X47_Y36_N18  ; 32      ; Clock enable ; no     ; --                   ; --               ; --                        ;
; data_ram:DRAM|Decoder0~112  ; LCCOMB_X45_Y7_N30   ; 32      ; Clock enable ; no     ; --                   ; --               ; --                        ;
; data_ram:DRAM|Decoder0~113  ; LCCOMB_X40_Y9_N16   ; 32      ; Clock enable ; no     ; --                   ; --               ; --                        ;
; data_ram:DRAM|Decoder0~114  ; LCCOMB_X41_Y12_N6   ; 32      ; Clock enable ; no     ; --                   ; --               ; --                        ;
; data_ram:DRAM|Decoder0~115  ; LCCOMB_X42_Y6_N26   ; 32      ; Clock enable ; no     ; --                   ; --               ; --                        ;
; data_ram:DRAM|Decoder0~116  ; LCCOMB_X38_Y16_N24  ; 32      ; Clock enable ; no     ; --                   ; --               ; --                        ;
; data_ram:DRAM|Decoder0~117  ; LCCOMB_X46_Y11_N14  ; 32      ; Clock enable ; no     ; --                   ; --               ; --                        ;
; data_ram:DRAM|Decoder0~118  ; LCCOMB_X42_Y17_N28  ; 32      ; Clock enable ; no     ; --                   ; --               ; --                        ;
; data_ram:DRAM|Decoder0~119  ; LCCOMB_X35_Y13_N14  ; 32      ; Clock enable ; no     ; --                   ; --               ; --                        ;
; data_ram:DRAM|Decoder0~120  ; LCCOMB_X41_Y2_N28   ; 32      ; Clock enable ; no     ; --                   ; --               ; --                        ;
; data_ram:DRAM|Decoder0~121  ; LCCOMB_X46_Y4_N12   ; 32      ; Clock enable ; no     ; --                   ; --               ; --                        ;
; data_ram:DRAM|Decoder0~122  ; LCCOMB_X45_Y9_N0    ; 32      ; Clock enable ; no     ; --                   ; --               ; --                        ;
; data_ram:DRAM|Decoder0~123  ; LCCOMB_X41_Y6_N8    ; 32      ; Clock enable ; no     ; --                   ; --               ; --                        ;
; data_ram:DRAM|Decoder0~124  ; LCCOMB_X45_Y11_N0   ; 32      ; Clock enable ; no     ; --                   ; --               ; --                        ;
; data_ram:DRAM|Decoder0~125  ; LCCOMB_X39_Y20_N10  ; 32      ; Clock enable ; no     ; --                   ; --               ; --                        ;
; data_ram:DRAM|Decoder0~126  ; LCCOMB_X39_Y17_N16  ; 32      ; Clock enable ; no     ; --                   ; --               ; --                        ;
; data_ram:DRAM|Decoder0~127  ; LCCOMB_X34_Y13_N20  ; 32      ; Clock enable ; no     ; --                   ; --               ; --                        ;
; data_ram:DRAM|Decoder0~128  ; LCCOMB_X47_Y8_N16   ; 32      ; Clock enable ; no     ; --                   ; --               ; --                        ;
; data_ram:DRAM|Decoder0~129  ; LCCOMB_X40_Y6_N26   ; 32      ; Clock enable ; no     ; --                   ; --               ; --                        ;
; data_ram:DRAM|Decoder0~13   ; LCCOMB_X68_Y32_N8   ; 32      ; Clock enable ; no     ; --                   ; --               ; --                        ;
; data_ram:DRAM|Decoder0~130  ; LCCOMB_X54_Y4_N6    ; 32      ; Clock enable ; no     ; --                   ; --               ; --                        ;
; data_ram:DRAM|Decoder0~131  ; LCCOMB_X45_Y14_N24  ; 32      ; Clock enable ; no     ; --                   ; --               ; --                        ;
; data_ram:DRAM|Decoder0~132  ; LCCOMB_X31_Y16_N24  ; 32      ; Clock enable ; no     ; --                   ; --               ; --                        ;
; data_ram:DRAM|Decoder0~133  ; LCCOMB_X34_Y14_N20  ; 32      ; Clock enable ; no     ; --                   ; --               ; --                        ;
; data_ram:DRAM|Decoder0~134  ; LCCOMB_X33_Y15_N14  ; 32      ; Clock enable ; no     ; --                   ; --               ; --                        ;
; data_ram:DRAM|Decoder0~135  ; LCCOMB_X32_Y16_N6   ; 32      ; Clock enable ; no     ; --                   ; --               ; --                        ;
; data_ram:DRAM|Decoder0~136  ; LCCOMB_X41_Y7_N12   ; 32      ; Clock enable ; no     ; --                   ; --               ; --                        ;
; data_ram:DRAM|Decoder0~137  ; LCCOMB_X40_Y5_N24   ; 32      ; Clock enable ; no     ; --                   ; --               ; --                        ;
; data_ram:DRAM|Decoder0~138  ; LCCOMB_X45_Y12_N4   ; 32      ; Clock enable ; no     ; --                   ; --               ; --                        ;
; data_ram:DRAM|Decoder0~139  ; LCCOMB_X40_Y10_N18  ; 32      ; Clock enable ; no     ; --                   ; --               ; --                        ;
; data_ram:DRAM|Decoder0~140  ; LCCOMB_X30_Y12_N16  ; 32      ; Clock enable ; no     ; --                   ; --               ; --                        ;
; data_ram:DRAM|Decoder0~141  ; LCCOMB_X33_Y13_N8   ; 32      ; Clock enable ; no     ; --                   ; --               ; --                        ;
; data_ram:DRAM|Decoder0~142  ; LCCOMB_X35_Y12_N22  ; 32      ; Clock enable ; no     ; --                   ; --               ; --                        ;
; data_ram:DRAM|Decoder0~143  ; LCCOMB_X30_Y13_N28  ; 32      ; Clock enable ; no     ; --                   ; --               ; --                        ;
; data_ram:DRAM|Decoder0~144  ; LCCOMB_X55_Y12_N0   ; 32      ; Clock enable ; no     ; --                   ; --               ; --                        ;
; data_ram:DRAM|Decoder0~145  ; LCCOMB_X49_Y4_N20   ; 32      ; Clock enable ; no     ; --                   ; --               ; --                        ;
; data_ram:DRAM|Decoder0~146  ; LCCOMB_X53_Y4_N0    ; 32      ; Clock enable ; no     ; --                   ; --               ; --                        ;
; data_ram:DRAM|Decoder0~147  ; LCCOMB_X52_Y13_N20  ; 32      ; Clock enable ; no     ; --                   ; --               ; --                        ;
; data_ram:DRAM|Decoder0~148  ; LCCOMB_X46_Y16_N14  ; 32      ; Clock enable ; no     ; --                   ; --               ; --                        ;
; data_ram:DRAM|Decoder0~149  ; LCCOMB_X48_Y12_N4   ; 32      ; Clock enable ; no     ; --                   ; --               ; --                        ;
; data_ram:DRAM|Decoder0~150  ; LCCOMB_X47_Y12_N28  ; 32      ; Clock enable ; no     ; --                   ; --               ; --                        ;
; data_ram:DRAM|Decoder0~151  ; LCCOMB_X48_Y20_N16  ; 32      ; Clock enable ; no     ; --                   ; --               ; --                        ;
; data_ram:DRAM|Decoder0~152  ; LCCOMB_X54_Y16_N16  ; 32      ; Clock enable ; no     ; --                   ; --               ; --                        ;
; data_ram:DRAM|Decoder0~153  ; LCCOMB_X49_Y5_N16   ; 32      ; Clock enable ; no     ; --                   ; --               ; --                        ;
; data_ram:DRAM|Decoder0~154  ; LCCOMB_X52_Y8_N0    ; 32      ; Clock enable ; no     ; --                   ; --               ; --                        ;
; data_ram:DRAM|Decoder0~155  ; LCCOMB_X52_Y16_N20  ; 32      ; Clock enable ; no     ; --                   ; --               ; --                        ;
; data_ram:DRAM|Decoder0~156  ; LCCOMB_X53_Y11_N14  ; 32      ; Clock enable ; no     ; --                   ; --               ; --                        ;
; data_ram:DRAM|Decoder0~157  ; LCCOMB_X48_Y6_N4    ; 32      ; Clock enable ; no     ; --                   ; --               ; --                        ;
; data_ram:DRAM|Decoder0~158  ; LCCOMB_X52_Y6_N10   ; 32      ; Clock enable ; no     ; --                   ; --               ; --                        ;
; data_ram:DRAM|Decoder0~159  ; LCCOMB_X48_Y16_N12  ; 32      ; Clock enable ; no     ; --                   ; --               ; --                        ;
; data_ram:DRAM|Decoder0~161  ; LCCOMB_X48_Y15_N4   ; 32      ; Clock enable ; no     ; --                   ; --               ; --                        ;
; data_ram:DRAM|Decoder0~163  ; LCCOMB_X46_Y15_N0   ; 32      ; Clock enable ; no     ; --                   ; --               ; --                        ;
; data_ram:DRAM|Decoder0~164  ; LCCOMB_X47_Y15_N14  ; 32      ; Clock enable ; no     ; --                   ; --               ; --                        ;
; data_ram:DRAM|Decoder0~165  ; LCCOMB_X47_Y18_N6   ; 32      ; Clock enable ; no     ; --                   ; --               ; --                        ;
; data_ram:DRAM|Decoder0~167  ; LCCOMB_X36_Y19_N24  ; 32      ; Clock enable ; no     ; --                   ; --               ; --                        ;
; data_ram:DRAM|Decoder0~169  ; LCCOMB_X42_Y18_N16  ; 32      ; Clock enable ; no     ; --                   ; --               ; --                        ;
; data_ram:DRAM|Decoder0~17   ; LCCOMB_X55_Y28_N24  ; 32      ; Clock enable ; no     ; --                   ; --               ; --                        ;
; data_ram:DRAM|Decoder0~170  ; LCCOMB_X32_Y17_N0   ; 32      ; Clock enable ; no     ; --                   ; --               ; --                        ;
; data_ram:DRAM|Decoder0~171  ; LCCOMB_X42_Y21_N16  ; 32      ; Clock enable ; no     ; --                   ; --               ; --                        ;
; data_ram:DRAM|Decoder0~172  ; LCCOMB_X43_Y19_N10  ; 32      ; Clock enable ; no     ; --                   ; --               ; --                        ;
; data_ram:DRAM|Decoder0~173  ; LCCOMB_X42_Y15_N24  ; 32      ; Clock enable ; no     ; --                   ; --               ; --                        ;
; data_ram:DRAM|Decoder0~174  ; LCCOMB_X40_Y15_N22  ; 32      ; Clock enable ; no     ; --                   ; --               ; --                        ;
; data_ram:DRAM|Decoder0~175  ; LCCOMB_X43_Y21_N28  ; 32      ; Clock enable ; no     ; --                   ; --               ; --                        ;
; data_ram:DRAM|Decoder0~176  ; LCCOMB_X46_Y19_N30  ; 32      ; Clock enable ; no     ; --                   ; --               ; --                        ;
; data_ram:DRAM|Decoder0~177  ; LCCOMB_X54_Y31_N14  ; 32      ; Clock enable ; no     ; --                   ; --               ; --                        ;
; data_ram:DRAM|Decoder0~178  ; LCCOMB_X54_Y31_N12  ; 32      ; Clock enable ; no     ; --                   ; --               ; --                        ;
; data_ram:DRAM|Decoder0~179  ; LCCOMB_X47_Y21_N18  ; 32      ; Clock enable ; no     ; --                   ; --               ; --                        ;
; data_ram:DRAM|Decoder0~18   ; LCCOMB_X67_Y32_N4   ; 32      ; Clock enable ; no     ; --                   ; --               ; --                        ;
; data_ram:DRAM|Decoder0~180  ; LCCOMB_X54_Y3_N26   ; 32      ; Clock enable ; no     ; --                   ; --               ; --                        ;
; data_ram:DRAM|Decoder0~181  ; LCCOMB_X55_Y31_N30  ; 32      ; Clock enable ; no     ; --                   ; --               ; --                        ;
; data_ram:DRAM|Decoder0~182  ; LCCOMB_X56_Y7_N20   ; 32      ; Clock enable ; no     ; --                   ; --               ; --                        ;
; data_ram:DRAM|Decoder0~183  ; LCCOMB_X52_Y3_N26   ; 32      ; Clock enable ; no     ; --                   ; --               ; --                        ;
; data_ram:DRAM|Decoder0~184  ; LCCOMB_X42_Y22_N24  ; 32      ; Clock enable ; no     ; --                   ; --               ; --                        ;
; data_ram:DRAM|Decoder0~185  ; LCCOMB_X54_Y31_N26  ; 32      ; Clock enable ; no     ; --                   ; --               ; --                        ;
; data_ram:DRAM|Decoder0~186  ; LCCOMB_X54_Y31_N24  ; 32      ; Clock enable ; no     ; --                   ; --               ; --                        ;
; data_ram:DRAM|Decoder0~187  ; LCCOMB_X46_Y18_N16  ; 32      ; Clock enable ; no     ; --                   ; --               ; --                        ;
; data_ram:DRAM|Decoder0~188  ; LCCOMB_X43_Y7_N26   ; 32      ; Clock enable ; no     ; --                   ; --               ; --                        ;
; data_ram:DRAM|Decoder0~189  ; LCCOMB_X35_Y20_N30  ; 32      ; Clock enable ; no     ; --                   ; --               ; --                        ;
; data_ram:DRAM|Decoder0~19   ; LCCOMB_X53_Y32_N8   ; 32      ; Clock enable ; no     ; --                   ; --               ; --                        ;
; data_ram:DRAM|Decoder0~190  ; LCCOMB_X54_Y7_N18   ; 32      ; Clock enable ; no     ; --                   ; --               ; --                        ;
; data_ram:DRAM|Decoder0~191  ; LCCOMB_X43_Y5_N16   ; 32      ; Clock enable ; no     ; --                   ; --               ; --                        ;
; data_ram:DRAM|Decoder0~192  ; LCCOMB_X53_Y19_N4   ; 32      ; Clock enable ; no     ; --                   ; --               ; --                        ;
; data_ram:DRAM|Decoder0~193  ; LCCOMB_X55_Y13_N4   ; 32      ; Clock enable ; no     ; --                   ; --               ; --                        ;
; data_ram:DRAM|Decoder0~194  ; LCCOMB_X55_Y15_N0   ; 32      ; Clock enable ; no     ; --                   ; --               ; --                        ;
; data_ram:DRAM|Decoder0~195  ; LCCOMB_X52_Y19_N10  ; 32      ; Clock enable ; no     ; --                   ; --               ; --                        ;
; data_ram:DRAM|Decoder0~196  ; LCCOMB_X53_Y21_N8   ; 32      ; Clock enable ; no     ; --                   ; --               ; --                        ;
; data_ram:DRAM|Decoder0~197  ; LCCOMB_X54_Y15_N30  ; 32      ; Clock enable ; no     ; --                   ; --               ; --                        ;
; data_ram:DRAM|Decoder0~198  ; LCCOMB_X57_Y11_N0   ; 32      ; Clock enable ; no     ; --                   ; --               ; --                        ;
; data_ram:DRAM|Decoder0~199  ; LCCOMB_X52_Y21_N14  ; 32      ; Clock enable ; no     ; --                   ; --               ; --                        ;
; data_ram:DRAM|Decoder0~20   ; LCCOMB_X57_Y31_N30  ; 32      ; Clock enable ; no     ; --                   ; --               ; --                        ;
; data_ram:DRAM|Decoder0~200  ; LCCOMB_X41_Y22_N30  ; 32      ; Clock enable ; no     ; --                   ; --               ; --                        ;
; data_ram:DRAM|Decoder0~201  ; LCCOMB_X45_Y17_N8   ; 32      ; Clock enable ; no     ; --                   ; --               ; --                        ;
; data_ram:DRAM|Decoder0~202  ; LCCOMB_X41_Y20_N6   ; 32      ; Clock enable ; no     ; --                   ; --               ; --                        ;
; data_ram:DRAM|Decoder0~203  ; LCCOMB_X43_Y22_N18  ; 32      ; Clock enable ; no     ; --                   ; --               ; --                        ;
; data_ram:DRAM|Decoder0~204  ; LCCOMB_X45_Y21_N6   ; 32      ; Clock enable ; no     ; --                   ; --               ; --                        ;
; data_ram:DRAM|Decoder0~205  ; LCCOMB_X46_Y17_N2   ; 32      ; Clock enable ; no     ; --                   ; --               ; --                        ;
; data_ram:DRAM|Decoder0~206  ; LCCOMB_X55_Y31_N8   ; 32      ; Clock enable ; no     ; --                   ; --               ; --                        ;
; data_ram:DRAM|Decoder0~207  ; LCCOMB_X47_Y22_N2   ; 32      ; Clock enable ; no     ; --                   ; --               ; --                        ;
; data_ram:DRAM|Decoder0~208  ; LCCOMB_X53_Y18_N8   ; 32      ; Clock enable ; no     ; --                   ; --               ; --                        ;
; data_ram:DRAM|Decoder0~209  ; LCCOMB_X54_Y31_N30  ; 32      ; Clock enable ; no     ; --                   ; --               ; --                        ;
; data_ram:DRAM|Decoder0~21   ; LCCOMB_X55_Y23_N16  ; 32      ; Clock enable ; no     ; --                   ; --               ; --                        ;
; data_ram:DRAM|Decoder0~210  ; LCCOMB_X54_Y31_N16  ; 32      ; Clock enable ; no     ; --                   ; --               ; --                        ;
; data_ram:DRAM|Decoder0~211  ; LCCOMB_X52_Y22_N4   ; 32      ; Clock enable ; no     ; --                   ; --               ; --                        ;
; data_ram:DRAM|Decoder0~212  ; LCCOMB_X43_Y6_N8    ; 32      ; Clock enable ; no     ; --                   ; --               ; --                        ;
; data_ram:DRAM|Decoder0~213  ; LCCOMB_X55_Y31_N26  ; 32      ; Clock enable ; no     ; --                   ; --               ; --                        ;
; data_ram:DRAM|Decoder0~214  ; LCCOMB_X55_Y7_N0    ; 32      ; Clock enable ; no     ; --                   ; --               ; --                        ;
; data_ram:DRAM|Decoder0~215  ; LCCOMB_X48_Y3_N18   ; 32      ; Clock enable ; no     ; --                   ; --               ; --                        ;
; data_ram:DRAM|Decoder0~216  ; LCCOMB_X41_Y19_N22  ; 32      ; Clock enable ; no     ; --                   ; --               ; --                        ;
; data_ram:DRAM|Decoder0~217  ; LCCOMB_X54_Y31_N18  ; 32      ; Clock enable ; no     ; --                   ; --               ; --                        ;
; data_ram:DRAM|Decoder0~218  ; LCCOMB_X54_Y31_N4   ; 32      ; Clock enable ; no     ; --                   ; --               ; --                        ;
; data_ram:DRAM|Decoder0~219  ; LCCOMB_X50_Y19_N16  ; 32      ; Clock enable ; no     ; --                   ; --               ; --                        ;
; data_ram:DRAM|Decoder0~22   ; LCCOMB_X56_Y31_N30  ; 32      ; Clock enable ; no     ; --                   ; --               ; --                        ;
; data_ram:DRAM|Decoder0~220  ; LCCOMB_X52_Y35_N6   ; 32      ; Clock enable ; no     ; --                   ; --               ; --                        ;
; data_ram:DRAM|Decoder0~221  ; LCCOMB_X56_Y9_N6    ; 32      ; Clock enable ; no     ; --                   ; --               ; --                        ;
; data_ram:DRAM|Decoder0~222  ; LCCOMB_X55_Y31_N6   ; 32      ; Clock enable ; no     ; --                   ; --               ; --                        ;
; data_ram:DRAM|Decoder0~223  ; LCCOMB_X48_Y17_N16  ; 32      ; Clock enable ; no     ; --                   ; --               ; --                        ;
; data_ram:DRAM|Decoder0~224  ; LCCOMB_X42_Y19_N0   ; 32      ; Clock enable ; no     ; --                   ; --               ; --                        ;
; data_ram:DRAM|Decoder0~225  ; LCCOMB_X54_Y31_N10  ; 32      ; Clock enable ; no     ; --                   ; --               ; --                        ;
; data_ram:DRAM|Decoder0~226  ; LCCOMB_X54_Y31_N8   ; 32      ; Clock enable ; no     ; --                   ; --               ; --                        ;
; data_ram:DRAM|Decoder0~227  ; LCCOMB_X50_Y18_N24  ; 32      ; Clock enable ; no     ; --                   ; --               ; --                        ;
; data_ram:DRAM|Decoder0~229  ; LCCOMB_X60_Y20_N26  ; 32      ; Clock enable ; no     ; --                   ; --               ; --                        ;
; data_ram:DRAM|Decoder0~23   ; LCCOMB_X55_Y24_N0   ; 32      ; Clock enable ; no     ; --                   ; --               ; --                        ;
; data_ram:DRAM|Decoder0~230  ; LCCOMB_X60_Y18_N16  ; 32      ; Clock enable ; no     ; --                   ; --               ; --                        ;
; data_ram:DRAM|Decoder0~231  ; LCCOMB_X59_Y21_N22  ; 32      ; Clock enable ; no     ; --                   ; --               ; --                        ;
; data_ram:DRAM|Decoder0~232  ; LCCOMB_X61_Y20_N12  ; 32      ; Clock enable ; no     ; --                   ; --               ; --                        ;
; data_ram:DRAM|Decoder0~234  ; LCCOMB_X76_Y17_N20  ; 32      ; Clock enable ; no     ; --                   ; --               ; --                        ;
; data_ram:DRAM|Decoder0~235  ; LCCOMB_X73_Y30_N12  ; 32      ; Clock enable ; no     ; --                   ; --               ; --                        ;
; data_ram:DRAM|Decoder0~236  ; LCCOMB_X69_Y25_N6   ; 32      ; Clock enable ; no     ; --                   ; --               ; --                        ;
; data_ram:DRAM|Decoder0~237  ; LCCOMB_X54_Y35_N10  ; 32      ; Clock enable ; no     ; --                   ; --               ; --                        ;
; data_ram:DRAM|Decoder0~239  ; LCCOMB_X59_Y17_N22  ; 32      ; Clock enable ; no     ; --                   ; --               ; --                        ;
; data_ram:DRAM|Decoder0~24   ; LCCOMB_X68_Y31_N30  ; 32      ; Clock enable ; no     ; --                   ; --               ; --                        ;
; data_ram:DRAM|Decoder0~240  ; LCCOMB_X62_Y30_N16  ; 32      ; Clock enable ; no     ; --                   ; --               ; --                        ;
; data_ram:DRAM|Decoder0~241  ; LCCOMB_X63_Y25_N12  ; 32      ; Clock enable ; no     ; --                   ; --               ; --                        ;
; data_ram:DRAM|Decoder0~242  ; LCCOMB_X63_Y22_N22  ; 32      ; Clock enable ; no     ; --                   ; --               ; --                        ;
; data_ram:DRAM|Decoder0~244  ; LCCOMB_X60_Y23_N24  ; 32      ; Clock enable ; no     ; --                   ; --               ; --                        ;
; data_ram:DRAM|Decoder0~245  ; LCCOMB_X68_Y17_N2   ; 32      ; Clock enable ; no     ; --                   ; --               ; --                        ;
; data_ram:DRAM|Decoder0~246  ; LCCOMB_X59_Y23_N18  ; 32      ; Clock enable ; no     ; --                   ; --               ; --                        ;
; data_ram:DRAM|Decoder0~247  ; LCCOMB_X72_Y22_N0   ; 32      ; Clock enable ; no     ; --                   ; --               ; --                        ;
; data_ram:DRAM|Decoder0~248  ; LCCOMB_X73_Y15_N12  ; 32      ; Clock enable ; no     ; --                   ; --               ; --                        ;
; data_ram:DRAM|Decoder0~249  ; LCCOMB_X69_Y31_N0   ; 32      ; Clock enable ; no     ; --                   ; --               ; --                        ;
; data_ram:DRAM|Decoder0~25   ; LCCOMB_X58_Y24_N24  ; 32      ; Clock enable ; no     ; --                   ; --               ; --                        ;
; data_ram:DRAM|Decoder0~250  ; LCCOMB_X70_Y29_N24  ; 32      ; Clock enable ; no     ; --                   ; --               ; --                        ;
; data_ram:DRAM|Decoder0~251  ; LCCOMB_X73_Y31_N16  ; 32      ; Clock enable ; no     ; --                   ; --               ; --                        ;
; data_ram:DRAM|Decoder0~252  ; LCCOMB_X59_Y18_N20  ; 32      ; Clock enable ; no     ; --                   ; --               ; --                        ;
; data_ram:DRAM|Decoder0~253  ; LCCOMB_X66_Y18_N4   ; 32      ; Clock enable ; no     ; --                   ; --               ; --                        ;
; data_ram:DRAM|Decoder0~254  ; LCCOMB_X57_Y17_N2   ; 32      ; Clock enable ; no     ; --                   ; --               ; --                        ;
; data_ram:DRAM|Decoder0~255  ; LCCOMB_X62_Y20_N0   ; 32      ; Clock enable ; no     ; --                   ; --               ; --                        ;
; data_ram:DRAM|Decoder0~256  ; LCCOMB_X66_Y20_N26  ; 32      ; Clock enable ; no     ; --                   ; --               ; --                        ;
; data_ram:DRAM|Decoder0~257  ; LCCOMB_X60_Y28_N0   ; 32      ; Clock enable ; no     ; --                   ; --               ; --                        ;
; data_ram:DRAM|Decoder0~258  ; LCCOMB_X61_Y28_N28  ; 32      ; Clock enable ; no     ; --                   ; --               ; --                        ;
; data_ram:DRAM|Decoder0~259  ; LCCOMB_X62_Y23_N16  ; 32      ; Clock enable ; no     ; --                   ; --               ; --                        ;
; data_ram:DRAM|Decoder0~26   ; LCCOMB_X56_Y34_N12  ; 32      ; Clock enable ; no     ; --                   ; --               ; --                        ;
; data_ram:DRAM|Decoder0~260  ; LCCOMB_X76_Y20_N20  ; 32      ; Clock enable ; no     ; --                   ; --               ; --                        ;
; data_ram:DRAM|Decoder0~261  ; LCCOMB_X73_Y16_N16  ; 32      ; Clock enable ; no     ; --                   ; --               ; --                        ;
; data_ram:DRAM|Decoder0~262  ; LCCOMB_X57_Y16_N24  ; 32      ; Clock enable ; no     ; --                   ; --               ; --                        ;
; data_ram:DRAM|Decoder0~263  ; LCCOMB_X74_Y18_N22  ; 32      ; Clock enable ; no     ; --                   ; --               ; --                        ;
; data_ram:DRAM|Decoder0~264  ; LCCOMB_X59_Y16_N8   ; 32      ; Clock enable ; no     ; --                   ; --               ; --                        ;
; data_ram:DRAM|Decoder0~265  ; LCCOMB_X67_Y16_N0   ; 32      ; Clock enable ; no     ; --                   ; --               ; --                        ;
; data_ram:DRAM|Decoder0~266  ; LCCOMB_X58_Y16_N14  ; 32      ; Clock enable ; no     ; --                   ; --               ; --                        ;
; data_ram:DRAM|Decoder0~267  ; LCCOMB_X59_Y15_N30  ; 32      ; Clock enable ; no     ; --                   ; --               ; --                        ;
; data_ram:DRAM|Decoder0~268  ; LCCOMB_X76_Y16_N30  ; 32      ; Clock enable ; no     ; --                   ; --               ; --                        ;
; data_ram:DRAM|Decoder0~269  ; LCCOMB_X70_Y30_N28  ; 32      ; Clock enable ; no     ; --                   ; --               ; --                        ;
; data_ram:DRAM|Decoder0~27   ; LCCOMB_X57_Y27_N6   ; 32      ; Clock enable ; no     ; --                   ; --               ; --                        ;
; data_ram:DRAM|Decoder0~270  ; LCCOMB_X70_Y27_N8   ; 32      ; Clock enable ; no     ; --                   ; --               ; --                        ;
; data_ram:DRAM|Decoder0~271  ; LCCOMB_X54_Y35_N20  ; 32      ; Clock enable ; no     ; --                   ; --               ; --                        ;
; data_ram:DRAM|Decoder0~272  ; LCCOMB_X69_Y16_N6   ; 32      ; Clock enable ; no     ; --                   ; --               ; --                        ;
; data_ram:DRAM|Decoder0~273  ; LCCOMB_X63_Y30_N0   ; 32      ; Clock enable ; no     ; --                   ; --               ; --                        ;
; data_ram:DRAM|Decoder0~274  ; LCCOMB_X67_Y28_N20  ; 32      ; Clock enable ; no     ; --                   ; --               ; --                        ;
; data_ram:DRAM|Decoder0~275  ; LCCOMB_X67_Y20_N28  ; 32      ; Clock enable ; no     ; --                   ; --               ; --                        ;
; data_ram:DRAM|Decoder0~276  ; LCCOMB_X79_Y20_N10  ; 32      ; Clock enable ; no     ; --                   ; --               ; --                        ;
; data_ram:DRAM|Decoder0~277  ; LCCOMB_X75_Y16_N24  ; 32      ; Clock enable ; no     ; --                   ; --               ; --                        ;
; data_ram:DRAM|Decoder0~278  ; LCCOMB_X77_Y16_N14  ; 32      ; Clock enable ; no     ; --                   ; --               ; --                        ;
; data_ram:DRAM|Decoder0~279  ; LCCOMB_X79_Y19_N30  ; 32      ; Clock enable ; no     ; --                   ; --               ; --                        ;
; data_ram:DRAM|Decoder0~280  ; LCCOMB_X61_Y25_N8   ; 32      ; Clock enable ; no     ; --                   ; --               ; --                        ;
; data_ram:DRAM|Decoder0~281  ; LCCOMB_X67_Y31_N20  ; 32      ; Clock enable ; no     ; --                   ; --               ; --                        ;
; data_ram:DRAM|Decoder0~282  ; LCCOMB_X54_Y35_N28  ; 32      ; Clock enable ; no     ; --                   ; --               ; --                        ;
; data_ram:DRAM|Decoder0~283  ; LCCOMB_X61_Y22_N20  ; 32      ; Clock enable ; no     ; --                   ; --               ; --                        ;
; data_ram:DRAM|Decoder0~284  ; LCCOMB_X62_Y25_N16  ; 32      ; Clock enable ; no     ; --                   ; --               ; --                        ;
; data_ram:DRAM|Decoder0~285  ; LCCOMB_X63_Y18_N8   ; 32      ; Clock enable ; no     ; --                   ; --               ; --                        ;
; data_ram:DRAM|Decoder0~286  ; LCCOMB_X63_Y20_N14  ; 32      ; Clock enable ; no     ; --                   ; --               ; --                        ;
; data_ram:DRAM|Decoder0~287  ; LCCOMB_X62_Y18_N16  ; 32      ; Clock enable ; no     ; --                   ; --               ; --                        ;
; data_ram:DRAM|Decoder0~288  ; LCCOMB_X55_Y21_N14  ; 32      ; Clock enable ; no     ; --                   ; --               ; --                        ;
; data_ram:DRAM|Decoder0~289  ; LCCOMB_X63_Y28_N0   ; 32      ; Clock enable ; no     ; --                   ; --               ; --                        ;
; data_ram:DRAM|Decoder0~29   ; LCCOMB_X70_Y15_N30  ; 32      ; Clock enable ; no     ; --                   ; --               ; --                        ;
; data_ram:DRAM|Decoder0~290  ; LCCOMB_X62_Y28_N12  ; 32      ; Clock enable ; no     ; --                   ; --               ; --                        ;
; data_ram:DRAM|Decoder0~291  ; LCCOMB_X58_Y21_N30  ; 32      ; Clock enable ; no     ; --                   ; --               ; --                        ;
; data_ram:DRAM|Decoder0~292  ; LCCOMB_X69_Y29_N4   ; 32      ; Clock enable ; no     ; --                   ; --               ; --                        ;
; data_ram:DRAM|Decoder0~293  ; LCCOMB_X70_Y18_N18  ; 32      ; Clock enable ; no     ; --                   ; --               ; --                        ;
; data_ram:DRAM|Decoder0~294  ; LCCOMB_X74_Y31_N0   ; 32      ; Clock enable ; no     ; --                   ; --               ; --                        ;
; data_ram:DRAM|Decoder0~295  ; LCCOMB_X72_Y18_N20  ; 32      ; Clock enable ; no     ; --                   ; --               ; --                        ;
; data_ram:DRAM|Decoder0~297  ; LCCOMB_X29_Y20_N18  ; 32      ; Clock enable ; no     ; --                   ; --               ; --                        ;
; data_ram:DRAM|Decoder0~299  ; LCCOMB_X21_Y21_N8   ; 32      ; Clock enable ; no     ; --                   ; --               ; --                        ;
; data_ram:DRAM|Decoder0~3    ; LCCOMB_X60_Y27_N16  ; 32      ; Clock enable ; no     ; --                   ; --               ; --                        ;
; data_ram:DRAM|Decoder0~300  ; LCCOMB_X54_Y36_N22  ; 32      ; Clock enable ; no     ; --                   ; --               ; --                        ;
; data_ram:DRAM|Decoder0~301  ; LCCOMB_X29_Y22_N26  ; 32      ; Clock enable ; no     ; --                   ; --               ; --                        ;
; data_ram:DRAM|Decoder0~303  ; LCCOMB_X30_Y21_N16  ; 32      ; Clock enable ; no     ; --                   ; --               ; --                        ;
; data_ram:DRAM|Decoder0~305  ; LCCOMB_X26_Y31_N10  ; 32      ; Clock enable ; no     ; --                   ; --               ; --                        ;
; data_ram:DRAM|Decoder0~306  ; LCCOMB_X48_Y36_N18  ; 32      ; Clock enable ; no     ; --                   ; --               ; --                        ;
; data_ram:DRAM|Decoder0~307  ; LCCOMB_X26_Y31_N12  ; 32      ; Clock enable ; no     ; --                   ; --               ; --                        ;
; data_ram:DRAM|Decoder0~308  ; LCCOMB_X56_Y35_N24  ; 32      ; Clock enable ; no     ; --                   ; --               ; --                        ;
; data_ram:DRAM|Decoder0~309  ; LCCOMB_X26_Y31_N16  ; 32      ; Clock enable ; no     ; --                   ; --               ; --                        ;
; data_ram:DRAM|Decoder0~31   ; LCCOMB_X72_Y15_N20  ; 32      ; Clock enable ; no     ; --                   ; --               ; --                        ;
; data_ram:DRAM|Decoder0~310  ; LCCOMB_X27_Y24_N12  ; 32      ; Clock enable ; no     ; --                   ; --               ; --                        ;
; data_ram:DRAM|Decoder0~311  ; LCCOMB_X26_Y31_N14  ; 32      ; Clock enable ; no     ; --                   ; --               ; --                        ;
; data_ram:DRAM|Decoder0~312  ; LCCOMB_X25_Y20_N22  ; 32      ; Clock enable ; no     ; --                   ; --               ; --                        ;
; data_ram:DRAM|Decoder0~313  ; LCCOMB_X21_Y22_N28  ; 32      ; Clock enable ; no     ; --                   ; --               ; --                        ;
; data_ram:DRAM|Decoder0~314  ; LCCOMB_X25_Y22_N8   ; 32      ; Clock enable ; no     ; --                   ; --               ; --                        ;
; data_ram:DRAM|Decoder0~315  ; LCCOMB_X24_Y19_N30  ; 32      ; Clock enable ; no     ; --                   ; --               ; --                        ;
; data_ram:DRAM|Decoder0~316  ; LCCOMB_X23_Y25_N6   ; 32      ; Clock enable ; no     ; --                   ; --               ; --                        ;
; data_ram:DRAM|Decoder0~317  ; LCCOMB_X56_Y35_N6   ; 32      ; Clock enable ; no     ; --                   ; --               ; --                        ;
; data_ram:DRAM|Decoder0~318  ; LCCOMB_X56_Y35_N20  ; 32      ; Clock enable ; no     ; --                   ; --               ; --                        ;
; data_ram:DRAM|Decoder0~319  ; LCCOMB_X21_Y20_N0   ; 32      ; Clock enable ; no     ; --                   ; --               ; --                        ;
; data_ram:DRAM|Decoder0~320  ; LCCOMB_X23_Y21_N22  ; 32      ; Clock enable ; no     ; --                   ; --               ; --                        ;
; data_ram:DRAM|Decoder0~321  ; LCCOMB_X26_Y31_N26  ; 32      ; Clock enable ; no     ; --                   ; --               ; --                        ;
; data_ram:DRAM|Decoder0~322  ; LCCOMB_X25_Y28_N18  ; 32      ; Clock enable ; no     ; --                   ; --               ; --                        ;
; data_ram:DRAM|Decoder0~323  ; LCCOMB_X25_Y19_N14  ; 32      ; Clock enable ; no     ; --                   ; --               ; --                        ;
; data_ram:DRAM|Decoder0~324  ; LCCOMB_X25_Y25_N6   ; 32      ; Clock enable ; no     ; --                   ; --               ; --                        ;
; data_ram:DRAM|Decoder0~325  ; LCCOMB_X56_Y35_N14  ; 32      ; Clock enable ; no     ; --                   ; --               ; --                        ;
; data_ram:DRAM|Decoder0~326  ; LCCOMB_X27_Y31_N8   ; 32      ; Clock enable ; no     ; --                   ; --               ; --                        ;
; data_ram:DRAM|Decoder0~327  ; LCCOMB_X26_Y16_N0   ; 32      ; Clock enable ; no     ; --                   ; --               ; --                        ;
; data_ram:DRAM|Decoder0~328  ; LCCOMB_X11_Y22_N8   ; 32      ; Clock enable ; no     ; --                   ; --               ; --                        ;
; data_ram:DRAM|Decoder0~329  ; LCCOMB_X26_Y31_N8   ; 32      ; Clock enable ; no     ; --                   ; --               ; --                        ;
; data_ram:DRAM|Decoder0~33   ; LCCOMB_X74_Y15_N6   ; 32      ; Clock enable ; no     ; --                   ; --               ; --                        ;
; data_ram:DRAM|Decoder0~330  ; LCCOMB_X26_Y31_N30  ; 32      ; Clock enable ; no     ; --                   ; --               ; --                        ;
; data_ram:DRAM|Decoder0~331  ; LCCOMB_X7_Y19_N26   ; 32      ; Clock enable ; no     ; --                   ; --               ; --                        ;
; data_ram:DRAM|Decoder0~332  ; LCCOMB_X28_Y20_N30  ; 32      ; Clock enable ; no     ; --                   ; --               ; --                        ;
; data_ram:DRAM|Decoder0~333  ; LCCOMB_X54_Y35_N24  ; 32      ; Clock enable ; no     ; --                   ; --               ; --                        ;
; data_ram:DRAM|Decoder0~334  ; LCCOMB_X24_Y23_N20  ; 32      ; Clock enable ; no     ; --                   ; --               ; --                        ;
; data_ram:DRAM|Decoder0~335  ; LCCOMB_X29_Y19_N0   ; 32      ; Clock enable ; no     ; --                   ; --               ; --                        ;
; data_ram:DRAM|Decoder0~336  ; LCCOMB_X56_Y35_N16  ; 32      ; Clock enable ; no     ; --                   ; --               ; --                        ;
; data_ram:DRAM|Decoder0~337  ; LCCOMB_X20_Y23_N12  ; 32      ; Clock enable ; no     ; --                   ; --               ; --                        ;
; data_ram:DRAM|Decoder0~338  ; LCCOMB_X24_Y24_N30  ; 32      ; Clock enable ; no     ; --                   ; --               ; --                        ;
; data_ram:DRAM|Decoder0~339  ; LCCOMB_X26_Y31_N20  ; 32      ; Clock enable ; no     ; --                   ; --               ; --                        ;
; data_ram:DRAM|Decoder0~340  ; LCCOMB_X56_Y35_N30  ; 32      ; Clock enable ; no     ; --                   ; --               ; --                        ;
; data_ram:DRAM|Decoder0~341  ; LCCOMB_X26_Y31_N22  ; 32      ; Clock enable ; no     ; --                   ; --               ; --                        ;
; data_ram:DRAM|Decoder0~342  ; LCCOMB_X26_Y27_N2   ; 32      ; Clock enable ; no     ; --                   ; --               ; --                        ;
; data_ram:DRAM|Decoder0~343  ; LCCOMB_X26_Y23_N0   ; 32      ; Clock enable ; no     ; --                   ; --               ; --                        ;
; data_ram:DRAM|Decoder0~344  ; LCCOMB_X24_Y20_N0   ; 32      ; Clock enable ; no     ; --                   ; --               ; --                        ;
; data_ram:DRAM|Decoder0~345  ; LCCOMB_X23_Y22_N6   ; 32      ; Clock enable ; no     ; --                   ; --               ; --                        ;
; data_ram:DRAM|Decoder0~346  ; LCCOMB_X54_Y36_N20  ; 32      ; Clock enable ; no     ; --                   ; --               ; --                        ;
; data_ram:DRAM|Decoder0~347  ; LCCOMB_X24_Y27_N20  ; 32      ; Clock enable ; no     ; --                   ; --               ; --                        ;
; data_ram:DRAM|Decoder0~348  ; LCCOMB_X25_Y16_N18  ; 32      ; Clock enable ; no     ; --                   ; --               ; --                        ;
; data_ram:DRAM|Decoder0~349  ; LCCOMB_X10_Y21_N0   ; 32      ; Clock enable ; no     ; --                   ; --               ; --                        ;
; data_ram:DRAM|Decoder0~35   ; LCCOMB_X68_Y19_N4   ; 32      ; Clock enable ; no     ; --                   ; --               ; --                        ;
; data_ram:DRAM|Decoder0~350  ; LCCOMB_X26_Y18_N14  ; 32      ; Clock enable ; no     ; --                   ; --               ; --                        ;
; data_ram:DRAM|Decoder0~351  ; LCCOMB_X25_Y15_N0   ; 32      ; Clock enable ; no     ; --                   ; --               ; --                        ;
; data_ram:DRAM|Decoder0~352  ; LCCOMB_X56_Y35_N8   ; 32      ; Clock enable ; no     ; --                   ; --               ; --                        ;
; data_ram:DRAM|Decoder0~353  ; LCCOMB_X26_Y31_N6   ; 32      ; Clock enable ; no     ; --                   ; --               ; --                        ;
; data_ram:DRAM|Decoder0~354  ; LCCOMB_X56_Y35_N18  ; 32      ; Clock enable ; no     ; --                   ; --               ; --                        ;
; data_ram:DRAM|Decoder0~355  ; LCCOMB_X26_Y31_N4   ; 32      ; Clock enable ; no     ; --                   ; --               ; --                        ;
; data_ram:DRAM|Decoder0~356  ; LCCOMB_X56_Y35_N12  ; 32      ; Clock enable ; no     ; --                   ; --               ; --                        ;
; data_ram:DRAM|Decoder0~357  ; LCCOMB_X26_Y31_N0   ; 32      ; Clock enable ; no     ; --                   ; --               ; --                        ;
; data_ram:DRAM|Decoder0~358  ; LCCOMB_X27_Y18_N26  ; 32      ; Clock enable ; no     ; --                   ; --               ; --                        ;
; data_ram:DRAM|Decoder0~359  ; LCCOMB_X26_Y31_N24  ; 32      ; Clock enable ; no     ; --                   ; --               ; --                        ;
; data_ram:DRAM|Decoder0~36   ; LCCOMB_X61_Y21_N22  ; 32      ; Clock enable ; no     ; --                   ; --               ; --                        ;
; data_ram:DRAM|Decoder0~360  ; LCCOMB_X20_Y20_N28  ; 32      ; Clock enable ; no     ; --                   ; --               ; --                        ;
; data_ram:DRAM|Decoder0~361  ; LCCOMB_X10_Y22_N4   ; 32      ; Clock enable ; no     ; --                   ; --               ; --                        ;
; data_ram:DRAM|Decoder0~362  ; LCCOMB_X17_Y22_N8   ; 32      ; Clock enable ; no     ; --                   ; --               ; --                        ;
; data_ram:DRAM|Decoder0~363  ; LCCOMB_X21_Y19_N28  ; 32      ; Clock enable ; no     ; --                   ; --               ; --                        ;
; data_ram:DRAM|Decoder0~365  ; LCCOMB_X23_Y52_N28  ; 32      ; Clock enable ; no     ; --                   ; --               ; --                        ;
; data_ram:DRAM|Decoder0~366  ; LCCOMB_X27_Y46_N2   ; 32      ; Clock enable ; no     ; --                   ; --               ; --                        ;
; data_ram:DRAM|Decoder0~367  ; LCCOMB_X26_Y43_N12  ; 32      ; Clock enable ; no     ; --                   ; --               ; --                        ;
; data_ram:DRAM|Decoder0~368  ; LCCOMB_X26_Y40_N12  ; 32      ; Clock enable ; no     ; --                   ; --               ; --                        ;
; data_ram:DRAM|Decoder0~369  ; LCCOMB_X23_Y55_N2   ; 32      ; Clock enable ; no     ; --                   ; --               ; --                        ;
; data_ram:DRAM|Decoder0~37   ; LCCOMB_X61_Y16_N30  ; 32      ; Clock enable ; no     ; --                   ; --               ; --                        ;
; data_ram:DRAM|Decoder0~370  ; LCCOMB_X53_Y38_N28  ; 32      ; Clock enable ; no     ; --                   ; --               ; --                        ;
; data_ram:DRAM|Decoder0~371  ; LCCOMB_X25_Y54_N20  ; 32      ; Clock enable ; no     ; --                   ; --               ; --                        ;
; data_ram:DRAM|Decoder0~372  ; LCCOMB_X52_Y36_N22  ; 32      ; Clock enable ; no     ; --                   ; --               ; --                        ;
; data_ram:DRAM|Decoder0~373  ; LCCOMB_X21_Y40_N0   ; 32      ; Clock enable ; no     ; --                   ; --               ; --                        ;
; data_ram:DRAM|Decoder0~374  ; LCCOMB_X25_Y41_N0   ; 32      ; Clock enable ; no     ; --                   ; --               ; --                        ;
; data_ram:DRAM|Decoder0~375  ; LCCOMB_X25_Y38_N2   ; 32      ; Clock enable ; no     ; --                   ; --               ; --                        ;
; data_ram:DRAM|Decoder0~376  ; LCCOMB_X25_Y40_N28  ; 32      ; Clock enable ; no     ; --                   ; --               ; --                        ;
; data_ram:DRAM|Decoder0~377  ; LCCOMB_X24_Y52_N8   ; 32      ; Clock enable ; no     ; --                   ; --               ; --                        ;
; data_ram:DRAM|Decoder0~378  ; LCCOMB_X24_Y50_N24  ; 32      ; Clock enable ; no     ; --                   ; --               ; --                        ;
; data_ram:DRAM|Decoder0~379  ; LCCOMB_X25_Y51_N24  ; 32      ; Clock enable ; no     ; --                   ; --               ; --                        ;
; data_ram:DRAM|Decoder0~38   ; LCCOMB_X62_Y16_N12  ; 32      ; Clock enable ; no     ; --                   ; --               ; --                        ;
; data_ram:DRAM|Decoder0~380  ; LCCOMB_X29_Y52_N30  ; 32      ; Clock enable ; no     ; --                   ; --               ; --                        ;
; data_ram:DRAM|Decoder0~381  ; LCCOMB_X17_Y41_N24  ; 32      ; Clock enable ; no     ; --                   ; --               ; --                        ;
; data_ram:DRAM|Decoder0~382  ; LCCOMB_X23_Y49_N24  ; 32      ; Clock enable ; no     ; --                   ; --               ; --                        ;
; data_ram:DRAM|Decoder0~383  ; LCCOMB_X19_Y41_N0   ; 32      ; Clock enable ; no     ; --                   ; --               ; --                        ;
; data_ram:DRAM|Decoder0~384  ; LCCOMB_X17_Y49_N4   ; 32      ; Clock enable ; no     ; --                   ; --               ; --                        ;
; data_ram:DRAM|Decoder0~385  ; LCCOMB_X18_Y38_N20  ; 32      ; Clock enable ; no     ; --                   ; --               ; --                        ;
; data_ram:DRAM|Decoder0~386  ; LCCOMB_X52_Y35_N30  ; 32      ; Clock enable ; no     ; --                   ; --               ; --                        ;
; data_ram:DRAM|Decoder0~387  ; LCCOMB_X13_Y39_N0   ; 32      ; Clock enable ; no     ; --                   ; --               ; --                        ;
; data_ram:DRAM|Decoder0~388  ; LCCOMB_X17_Y38_N0   ; 32      ; Clock enable ; no     ; --                   ; --               ; --                        ;
; data_ram:DRAM|Decoder0~389  ; LCCOMB_X18_Y41_N0   ; 32      ; Clock enable ; no     ; --                   ; --               ; --                        ;
; data_ram:DRAM|Decoder0~39   ; LCCOMB_X61_Y15_N28  ; 32      ; Clock enable ; no     ; --                   ; --               ; --                        ;
; data_ram:DRAM|Decoder0~390  ; LCCOMB_X20_Y48_N24  ; 32      ; Clock enable ; no     ; --                   ; --               ; --                        ;
; data_ram:DRAM|Decoder0~391  ; LCCOMB_X19_Y38_N0   ; 32      ; Clock enable ; no     ; --                   ; --               ; --                        ;
; data_ram:DRAM|Decoder0~392  ; LCCOMB_X27_Y44_N0   ; 32      ; Clock enable ; no     ; --                   ; --               ; --                        ;
; data_ram:DRAM|Decoder0~393  ; LCCOMB_X12_Y41_N18  ; 32      ; Clock enable ; no     ; --                   ; --               ; --                        ;
; data_ram:DRAM|Decoder0~394  ; LCCOMB_X19_Y48_N0   ; 32      ; Clock enable ; no     ; --                   ; --               ; --                        ;
; data_ram:DRAM|Decoder0~395  ; LCCOMB_X11_Y43_N0   ; 32      ; Clock enable ; no     ; --                   ; --               ; --                        ;
; data_ram:DRAM|Decoder0~396  ; LCCOMB_X17_Y46_N30  ; 32      ; Clock enable ; no     ; --                   ; --               ; --                        ;
; data_ram:DRAM|Decoder0~397  ; LCCOMB_X10_Y40_N12  ; 32      ; Clock enable ; no     ; --                   ; --               ; --                        ;
; data_ram:DRAM|Decoder0~398  ; LCCOMB_X10_Y46_N0   ; 32      ; Clock enable ; no     ; --                   ; --               ; --                        ;
; data_ram:DRAM|Decoder0~399  ; LCCOMB_X10_Y41_N14  ; 32      ; Clock enable ; no     ; --                   ; --               ; --                        ;
; data_ram:DRAM|Decoder0~40   ; LCCOMB_X67_Y17_N8   ; 32      ; Clock enable ; no     ; --                   ; --               ; --                        ;
; data_ram:DRAM|Decoder0~400  ; LCCOMB_X12_Y40_N10  ; 32      ; Clock enable ; no     ; --                   ; --               ; --                        ;
; data_ram:DRAM|Decoder0~401  ; LCCOMB_X17_Y51_N4   ; 32      ; Clock enable ; no     ; --                   ; --               ; --                        ;
; data_ram:DRAM|Decoder0~402  ; LCCOMB_X16_Y51_N24  ; 32      ; Clock enable ; no     ; --                   ; --               ; --                        ;
; data_ram:DRAM|Decoder0~403  ; LCCOMB_X20_Y51_N24  ; 32      ; Clock enable ; no     ; --                   ; --               ; --                        ;
; data_ram:DRAM|Decoder0~404  ; LCCOMB_X18_Y48_N8   ; 32      ; Clock enable ; no     ; --                   ; --               ; --                        ;
; data_ram:DRAM|Decoder0~405  ; LCCOMB_X17_Y39_N12  ; 32      ; Clock enable ; no     ; --                   ; --               ; --                        ;
; data_ram:DRAM|Decoder0~406  ; LCCOMB_X23_Y39_N30  ; 32      ; Clock enable ; no     ; --                   ; --               ; --                        ;
; data_ram:DRAM|Decoder0~407  ; LCCOMB_X19_Y39_N2   ; 32      ; Clock enable ; no     ; --                   ; --               ; --                        ;
; data_ram:DRAM|Decoder0~408  ; LCCOMB_X21_Y38_N4   ; 32      ; Clock enable ; no     ; --                   ; --               ; --                        ;
; data_ram:DRAM|Decoder0~409  ; LCCOMB_X18_Y51_N8   ; 32      ; Clock enable ; no     ; --                   ; --               ; --                        ;
; data_ram:DRAM|Decoder0~41   ; LCCOMB_X65_Y21_N24  ; 32      ; Clock enable ; no     ; --                   ; --               ; --                        ;
; data_ram:DRAM|Decoder0~410  ; LCCOMB_X19_Y51_N20  ; 32      ; Clock enable ; no     ; --                   ; --               ; --                        ;
; data_ram:DRAM|Decoder0~411  ; LCCOMB_X20_Y49_N22  ; 32      ; Clock enable ; no     ; --                   ; --               ; --                        ;
; data_ram:DRAM|Decoder0~412  ; LCCOMB_X17_Y48_N24  ; 32      ; Clock enable ; no     ; --                   ; --               ; --                        ;
; data_ram:DRAM|Decoder0~413  ; LCCOMB_X20_Y52_N30  ; 32      ; Clock enable ; no     ; --                   ; --               ; --                        ;
; data_ram:DRAM|Decoder0~414  ; LCCOMB_X28_Y45_N0   ; 32      ; Clock enable ; no     ; --                   ; --               ; --                        ;
; data_ram:DRAM|Decoder0~415  ; LCCOMB_X23_Y48_N8   ; 32      ; Clock enable ; no     ; --                   ; --               ; --                        ;
; data_ram:DRAM|Decoder0~416  ; LCCOMB_X24_Y49_N28  ; 32      ; Clock enable ; no     ; --                   ; --               ; --                        ;
; data_ram:DRAM|Decoder0~417  ; LCCOMB_X21_Y45_N24  ; 32      ; Clock enable ; no     ; --                   ; --               ; --                        ;
; data_ram:DRAM|Decoder0~418  ; LCCOMB_X19_Y44_N0   ; 32      ; Clock enable ; no     ; --                   ; --               ; --                        ;
; data_ram:DRAM|Decoder0~419  ; LCCOMB_X53_Y38_N12  ; 32      ; Clock enable ; no     ; --                   ; --               ; --                        ;
; data_ram:DRAM|Decoder0~42   ; LCCOMB_X63_Y19_N18  ; 32      ; Clock enable ; no     ; --                   ; --               ; --                        ;
; data_ram:DRAM|Decoder0~420  ; LCCOMB_X21_Y44_N30  ; 32      ; Clock enable ; no     ; --                   ; --               ; --                        ;
; data_ram:DRAM|Decoder0~421  ; LCCOMB_X23_Y40_N12  ; 32      ; Clock enable ; no     ; --                   ; --               ; --                        ;
; data_ram:DRAM|Decoder0~422  ; LCCOMB_X21_Y42_N14  ; 32      ; Clock enable ; no     ; --                   ; --               ; --                        ;
; data_ram:DRAM|Decoder0~423  ; LCCOMB_X24_Y42_N22  ; 32      ; Clock enable ; no     ; --                   ; --               ; --                        ;
; data_ram:DRAM|Decoder0~424  ; LCCOMB_X24_Y40_N30  ; 32      ; Clock enable ; no     ; --                   ; --               ; --                        ;
; data_ram:DRAM|Decoder0~425  ; LCCOMB_X19_Y50_N16  ; 32      ; Clock enable ; no     ; --                   ; --               ; --                        ;
; data_ram:DRAM|Decoder0~426  ; LCCOMB_X24_Y47_N28  ; 32      ; Clock enable ; no     ; --                   ; --               ; --                        ;
; data_ram:DRAM|Decoder0~427  ; LCCOMB_X23_Y47_N8   ; 32      ; Clock enable ; no     ; --                   ; --               ; --                        ;
; data_ram:DRAM|Decoder0~428  ; LCCOMB_X21_Y50_N20  ; 32      ; Clock enable ; no     ; --                   ; --               ; --                        ;
; data_ram:DRAM|Decoder0~429  ; LCCOMB_X32_Y39_N0   ; 32      ; Clock enable ; no     ; --                   ; --               ; --                        ;
; data_ram:DRAM|Decoder0~43   ; LCCOMB_X62_Y21_N18  ; 32      ; Clock enable ; no     ; --                   ; --               ; --                        ;
; data_ram:DRAM|Decoder0~430  ; LCCOMB_X33_Y42_N2   ; 32      ; Clock enable ; no     ; --                   ; --               ; --                        ;
; data_ram:DRAM|Decoder0~431  ; LCCOMB_X33_Y47_N24  ; 32      ; Clock enable ; no     ; --                   ; --               ; --                        ;
; data_ram:DRAM|Decoder0~432  ; LCCOMB_X54_Y35_N16  ; 32      ; Clock enable ; no     ; --                   ; --               ; --                        ;
; data_ram:DRAM|Decoder0~433  ; LCCOMB_X28_Y52_N20  ; 32      ; Clock enable ; no     ; --                   ; --               ; --                        ;
; data_ram:DRAM|Decoder0~434  ; LCCOMB_X32_Y51_N22  ; 32      ; Clock enable ; no     ; --                   ; --               ; --                        ;
; data_ram:DRAM|Decoder0~435  ; LCCOMB_X29_Y51_N0   ; 32      ; Clock enable ; no     ; --                   ; --               ; --                        ;
; data_ram:DRAM|Decoder0~436  ; LCCOMB_X29_Y52_N28  ; 32      ; Clock enable ; no     ; --                   ; --               ; --                        ;
; data_ram:DRAM|Decoder0~437  ; LCCOMB_X28_Y38_N0   ; 32      ; Clock enable ; no     ; --                   ; --               ; --                        ;
; data_ram:DRAM|Decoder0~438  ; LCCOMB_X33_Y46_N22  ; 32      ; Clock enable ; no     ; --                   ; --               ; --                        ;
; data_ram:DRAM|Decoder0~439  ; LCCOMB_X34_Y39_N12  ; 32      ; Clock enable ; no     ; --                   ; --               ; --                        ;
; data_ram:DRAM|Decoder0~44   ; LCCOMB_X73_Y21_N30  ; 32      ; Clock enable ; no     ; --                   ; --               ; --                        ;
; data_ram:DRAM|Decoder0~440  ; LCCOMB_X38_Y40_N26  ; 32      ; Clock enable ; no     ; --                   ; --               ; --                        ;
; data_ram:DRAM|Decoder0~441  ; LCCOMB_X27_Y55_N20  ; 32      ; Clock enable ; no     ; --                   ; --               ; --                        ;
; data_ram:DRAM|Decoder0~442  ; LCCOMB_X32_Y50_N16  ; 32      ; Clock enable ; no     ; --                   ; --               ; --                        ;
; data_ram:DRAM|Decoder0~443  ; LCCOMB_X30_Y55_N12  ; 32      ; Clock enable ; no     ; --                   ; --               ; --                        ;
; data_ram:DRAM|Decoder0~444  ; LCCOMB_X28_Y50_N4   ; 32      ; Clock enable ; no     ; --                   ; --               ; --                        ;
; data_ram:DRAM|Decoder0~445  ; LCCOMB_X31_Y38_N20  ; 32      ; Clock enable ; no     ; --                   ; --               ; --                        ;
; data_ram:DRAM|Decoder0~446  ; LCCOMB_X31_Y42_N2   ; 32      ; Clock enable ; no     ; --                   ; --               ; --                        ;
; data_ram:DRAM|Decoder0~447  ; LCCOMB_X32_Y41_N30  ; 32      ; Clock enable ; no     ; --                   ; --               ; --                        ;
; data_ram:DRAM|Decoder0~448  ; LCCOMB_X30_Y43_N30  ; 32      ; Clock enable ; no     ; --                   ; --               ; --                        ;
; data_ram:DRAM|Decoder0~449  ; LCCOMB_X26_Y49_N18  ; 32      ; Clock enable ; no     ; --                   ; --               ; --                        ;
; data_ram:DRAM|Decoder0~45   ; LCCOMB_X70_Y16_N30  ; 32      ; Clock enable ; no     ; --                   ; --               ; --                        ;
; data_ram:DRAM|Decoder0~450  ; LCCOMB_X28_Y47_N2   ; 32      ; Clock enable ; no     ; --                   ; --               ; --                        ;
; data_ram:DRAM|Decoder0~451  ; LCCOMB_X26_Y48_N4   ; 32      ; Clock enable ; no     ; --                   ; --               ; --                        ;
; data_ram:DRAM|Decoder0~452  ; LCCOMB_X25_Y52_N16  ; 32      ; Clock enable ; no     ; --                   ; --               ; --                        ;
; data_ram:DRAM|Decoder0~453  ; LCCOMB_X31_Y40_N0   ; 32      ; Clock enable ; no     ; --                   ; --               ; --                        ;
; data_ram:DRAM|Decoder0~454  ; LCCOMB_X30_Y42_N0   ; 32      ; Clock enable ; no     ; --                   ; --               ; --                        ;
; data_ram:DRAM|Decoder0~455  ; LCCOMB_X31_Y38_N0   ; 32      ; Clock enable ; no     ; --                   ; --               ; --                        ;
; data_ram:DRAM|Decoder0~456  ; LCCOMB_X30_Y40_N0   ; 32      ; Clock enable ; no     ; --                   ; --               ; --                        ;
; data_ram:DRAM|Decoder0~457  ; LCCOMB_X55_Y35_N14  ; 32      ; Clock enable ; no     ; --                   ; --               ; --                        ;
; data_ram:DRAM|Decoder0~458  ; LCCOMB_X28_Y51_N30  ; 32      ; Clock enable ; no     ; --                   ; --               ; --                        ;
; data_ram:DRAM|Decoder0~459  ; LCCOMB_X27_Y49_N24  ; 32      ; Clock enable ; no     ; --                   ; --               ; --                        ;
; data_ram:DRAM|Decoder0~46   ; LCCOMB_X76_Y15_N18  ; 32      ; Clock enable ; no     ; --                   ; --               ; --                        ;
; data_ram:DRAM|Decoder0~460  ; LCCOMB_X27_Y51_N4   ; 32      ; Clock enable ; no     ; --                   ; --               ; --                        ;
; data_ram:DRAM|Decoder0~461  ; LCCOMB_X54_Y39_N26  ; 32      ; Clock enable ; no     ; --                   ; --               ; --                        ;
; data_ram:DRAM|Decoder0~462  ; LCCOMB_X32_Y42_N26  ; 32      ; Clock enable ; no     ; --                   ; --               ; --                        ;
; data_ram:DRAM|Decoder0~463  ; LCCOMB_X28_Y39_N16  ; 32      ; Clock enable ; no     ; --                   ; --               ; --                        ;
; data_ram:DRAM|Decoder0~464  ; LCCOMB_X28_Y44_N28  ; 32      ; Clock enable ; no     ; --                   ; --               ; --                        ;
; data_ram:DRAM|Decoder0~465  ; LCCOMB_X26_Y55_N30  ; 32      ; Clock enable ; no     ; --                   ; --               ; --                        ;
; data_ram:DRAM|Decoder0~466  ; LCCOMB_X28_Y49_N14  ; 32      ; Clock enable ; no     ; --                   ; --               ; --                        ;
; data_ram:DRAM|Decoder0~467  ; LCCOMB_X29_Y55_N22  ; 32      ; Clock enable ; no     ; --                   ; --               ; --                        ;
; data_ram:DRAM|Decoder0~468  ; LCCOMB_X26_Y53_N2   ; 32      ; Clock enable ; no     ; --                   ; --               ; --                        ;
; data_ram:DRAM|Decoder0~469  ; LCCOMB_X35_Y39_N6   ; 32      ; Clock enable ; no     ; --                   ; --               ; --                        ;
; data_ram:DRAM|Decoder0~47   ; LCCOMB_X70_Y19_N22  ; 32      ; Clock enable ; no     ; --                   ; --               ; --                        ;
; data_ram:DRAM|Decoder0~470  ; LCCOMB_X33_Y41_N16  ; 32      ; Clock enable ; no     ; --                   ; --               ; --                        ;
; data_ram:DRAM|Decoder0~471  ; LCCOMB_X31_Y39_N24  ; 32      ; Clock enable ; no     ; --                   ; --               ; --                        ;
; data_ram:DRAM|Decoder0~472  ; LCCOMB_X33_Y40_N26  ; 32      ; Clock enable ; no     ; --                   ; --               ; --                        ;
; data_ram:DRAM|Decoder0~473  ; LCCOMB_X25_Y55_N6   ; 32      ; Clock enable ; no     ; --                   ; --               ; --                        ;
; data_ram:DRAM|Decoder0~474  ; LCCOMB_X28_Y54_N6   ; 32      ; Clock enable ; no     ; --                   ; --               ; --                        ;
; data_ram:DRAM|Decoder0~475  ; LCCOMB_X28_Y55_N26  ; 32      ; Clock enable ; no     ; --                   ; --               ; --                        ;
; data_ram:DRAM|Decoder0~476  ; LCCOMB_X28_Y53_N10  ; 32      ; Clock enable ; no     ; --                   ; --               ; --                        ;
; data_ram:DRAM|Decoder0~477  ; LCCOMB_X36_Y40_N0   ; 32      ; Clock enable ; no     ; --                   ; --               ; --                        ;
; data_ram:DRAM|Decoder0~478  ; LCCOMB_X35_Y42_N28  ; 32      ; Clock enable ; no     ; --                   ; --               ; --                        ;
; data_ram:DRAM|Decoder0~479  ; LCCOMB_X34_Y46_N24  ; 32      ; Clock enable ; no     ; --                   ; --               ; --                        ;
; data_ram:DRAM|Decoder0~480  ; LCCOMB_X29_Y39_N12  ; 32      ; Clock enable ; no     ; --                   ; --               ; --                        ;
; data_ram:DRAM|Decoder0~481  ; LCCOMB_X26_Y46_N16  ; 32      ; Clock enable ; no     ; --                   ; --               ; --                        ;
; data_ram:DRAM|Decoder0~482  ; LCCOMB_X30_Y47_N0   ; 32      ; Clock enable ; no     ; --                   ; --               ; --                        ;
; data_ram:DRAM|Decoder0~483  ; LCCOMB_X30_Y48_N30  ; 32      ; Clock enable ; no     ; --                   ; --               ; --                        ;
; data_ram:DRAM|Decoder0~484  ; LCCOMB_X30_Y52_N30  ; 32      ; Clock enable ; no     ; --                   ; --               ; --                        ;
; data_ram:DRAM|Decoder0~485  ; LCCOMB_X39_Y38_N14  ; 32      ; Clock enable ; no     ; --                   ; --               ; --                        ;
; data_ram:DRAM|Decoder0~486  ; LCCOMB_X34_Y42_N4   ; 32      ; Clock enable ; no     ; --                   ; --               ; --                        ;
; data_ram:DRAM|Decoder0~487  ; LCCOMB_X34_Y38_N12  ; 32      ; Clock enable ; no     ; --                   ; --               ; --                        ;
; data_ram:DRAM|Decoder0~488  ; LCCOMB_X30_Y39_N0   ; 32      ; Clock enable ; no     ; --                   ; --               ; --                        ;
; data_ram:DRAM|Decoder0~489  ; LCCOMB_X55_Y35_N16  ; 32      ; Clock enable ; no     ; --                   ; --               ; --                        ;
; data_ram:DRAM|Decoder0~49   ; LCCOMB_X53_Y31_N0   ; 32      ; Clock enable ; no     ; --                   ; --               ; --                        ;
; data_ram:DRAM|Decoder0~490  ; LCCOMB_X32_Y47_N28  ; 32      ; Clock enable ; no     ; --                   ; --               ; --                        ;
; data_ram:DRAM|Decoder0~491  ; LCCOMB_X34_Y48_N24  ; 32      ; Clock enable ; no     ; --                   ; --               ; --                        ;
; data_ram:DRAM|Decoder0~492  ; LCCOMB_X29_Y46_N0   ; 32      ; Clock enable ; no     ; --                   ; --               ; --                        ;
; data_ram:DRAM|Decoder0~494  ; LCCOMB_X6_Y31_N8    ; 32      ; Clock enable ; no     ; --                   ; --               ; --                        ;
; data_ram:DRAM|Decoder0~496  ; LCCOMB_X19_Y24_N22  ; 32      ; Clock enable ; no     ; --                   ; --               ; --                        ;
; data_ram:DRAM|Decoder0~497  ; LCCOMB_X14_Y31_N26  ; 32      ; Clock enable ; no     ; --                   ; --               ; --                        ;
; data_ram:DRAM|Decoder0~498  ; LCCOMB_X5_Y30_N26   ; 32      ; Clock enable ; no     ; --                   ; --               ; --                        ;
; data_ram:DRAM|Decoder0~499  ; LCCOMB_X3_Y32_N24   ; 32      ; Clock enable ; no     ; --                   ; --               ; --                        ;
; data_ram:DRAM|Decoder0~500  ; LCCOMB_X21_Y31_N16  ; 32      ; Clock enable ; no     ; --                   ; --               ; --                        ;
; data_ram:DRAM|Decoder0~501  ; LCCOMB_X20_Y32_N16  ; 32      ; Clock enable ; no     ; --                   ; --               ; --                        ;
; data_ram:DRAM|Decoder0~502  ; LCCOMB_X3_Y31_N14   ; 32      ; Clock enable ; no     ; --                   ; --               ; --                        ;
; data_ram:DRAM|Decoder0~503  ; LCCOMB_X5_Y31_N30   ; 32      ; Clock enable ; no     ; --                   ; --               ; --                        ;
; data_ram:DRAM|Decoder0~504  ; LCCOMB_X23_Y27_N24  ; 32      ; Clock enable ; no     ; --                   ; --               ; --                        ;
; data_ram:DRAM|Decoder0~505  ; LCCOMB_X25_Y31_N0   ; 32      ; Clock enable ; no     ; --                   ; --               ; --                        ;
; data_ram:DRAM|Decoder0~506  ; LCCOMB_X23_Y31_N30  ; 32      ; Clock enable ; no     ; --                   ; --               ; --                        ;
; data_ram:DRAM|Decoder0~507  ; LCCOMB_X5_Y32_N0    ; 32      ; Clock enable ; no     ; --                   ; --               ; --                        ;
; data_ram:DRAM|Decoder0~508  ; LCCOMB_X17_Y27_N6   ; 32      ; Clock enable ; no     ; --                   ; --               ; --                        ;
; data_ram:DRAM|Decoder0~509  ; LCCOMB_X52_Y34_N20  ; 32      ; Clock enable ; no     ; --                   ; --               ; --                        ;
; data_ram:DRAM|Decoder0~51   ; LCCOMB_X52_Y29_N20  ; 32      ; Clock enable ; no     ; --                   ; --               ; --                        ;
; data_ram:DRAM|Decoder0~510  ; LCCOMB_X4_Y29_N30   ; 32      ; Clock enable ; no     ; --                   ; --               ; --                        ;
; data_ram:DRAM|Decoder0~512  ; LCCOMB_X21_Y34_N16  ; 32      ; Clock enable ; no     ; --                   ; --               ; --                        ;
; data_ram:DRAM|Decoder0~513  ; LCCOMB_X21_Y34_N2   ; 32      ; Clock enable ; no     ; --                   ; --               ; --                        ;
; data_ram:DRAM|Decoder0~514  ; LCCOMB_X16_Y34_N30  ; 32      ; Clock enable ; no     ; --                   ; --               ; --                        ;
; data_ram:DRAM|Decoder0~515  ; LCCOMB_X21_Y34_N28  ; 32      ; Clock enable ; no     ; --                   ; --               ; --                        ;
; data_ram:DRAM|Decoder0~517  ; LCCOMB_X12_Y32_N6   ; 32      ; Clock enable ; no     ; --                   ; --               ; --                        ;
; data_ram:DRAM|Decoder0~518  ; LCCOMB_X19_Y25_N24  ; 32      ; Clock enable ; no     ; --                   ; --               ; --                        ;
; data_ram:DRAM|Decoder0~519  ; LCCOMB_X20_Y36_N24  ; 32      ; Clock enable ; no     ; --                   ; --               ; --                        ;
; data_ram:DRAM|Decoder0~520  ; LCCOMB_X11_Y26_N30  ; 32      ; Clock enable ; no     ; --                   ; --               ; --                        ;
; data_ram:DRAM|Decoder0~521  ; LCCOMB_X21_Y34_N4   ; 32      ; Clock enable ; no     ; --                   ; --               ; --                        ;
; data_ram:DRAM|Decoder0~522  ; LCCOMB_X20_Y34_N6   ; 32      ; Clock enable ; no     ; --                   ; --               ; --                        ;
; data_ram:DRAM|Decoder0~523  ; LCCOMB_X21_Y34_N18  ; 32      ; Clock enable ; no     ; --                   ; --               ; --                        ;
; data_ram:DRAM|Decoder0~524  ; LCCOMB_X17_Y34_N0   ; 32      ; Clock enable ; no     ; --                   ; --               ; --                        ;
; data_ram:DRAM|Decoder0~525  ; LCCOMB_X7_Y32_N14   ; 32      ; Clock enable ; no     ; --                   ; --               ; --                        ;
; data_ram:DRAM|Decoder0~526  ; LCCOMB_X7_Y30_N24   ; 32      ; Clock enable ; no     ; --                   ; --               ; --                        ;
; data_ram:DRAM|Decoder0~527  ; LCCOMB_X19_Y36_N8   ; 32      ; Clock enable ; no     ; --                   ; --               ; --                        ;
; data_ram:DRAM|Decoder0~528  ; LCCOMB_X9_Y30_N14   ; 32      ; Clock enable ; no     ; --                   ; --               ; --                        ;
; data_ram:DRAM|Decoder0~529  ; LCCOMB_X7_Y29_N28   ; 32      ; Clock enable ; no     ; --                   ; --               ; --                        ;
; data_ram:DRAM|Decoder0~53   ; LCCOMB_X53_Y29_N30  ; 32      ; Clock enable ; no     ; --                   ; --               ; --                        ;
; data_ram:DRAM|Decoder0~530  ; LCCOMB_X13_Y31_N6   ; 32      ; Clock enable ; no     ; --                   ; --               ; --                        ;
; data_ram:DRAM|Decoder0~531  ; LCCOMB_X14_Y29_N2   ; 32      ; Clock enable ; no     ; --                   ; --               ; --                        ;
; data_ram:DRAM|Decoder0~532  ; LCCOMB_X8_Y33_N14   ; 32      ; Clock enable ; no     ; --                   ; --               ; --                        ;
; data_ram:DRAM|Decoder0~533  ; LCCOMB_X17_Y35_N16  ; 32      ; Clock enable ; no     ; --                   ; --               ; --                        ;
; data_ram:DRAM|Decoder0~534  ; LCCOMB_X21_Y35_N14  ; 32      ; Clock enable ; no     ; --                   ; --               ; --                        ;
; data_ram:DRAM|Decoder0~535  ; LCCOMB_X18_Y35_N24  ; 32      ; Clock enable ; no     ; --                   ; --               ; --                        ;
; data_ram:DRAM|Decoder0~536  ; LCCOMB_X4_Y35_N24   ; 32      ; Clock enable ; no     ; --                   ; --               ; --                        ;
; data_ram:DRAM|Decoder0~537  ; LCCOMB_X19_Y35_N10  ; 32      ; Clock enable ; no     ; --                   ; --               ; --                        ;
; data_ram:DRAM|Decoder0~538  ; LCCOMB_X13_Y35_N24  ; 32      ; Clock enable ; no     ; --                   ; --               ; --                        ;
; data_ram:DRAM|Decoder0~539  ; LCCOMB_X52_Y35_N22  ; 32      ; Clock enable ; no     ; --                   ; --               ; --                        ;
; data_ram:DRAM|Decoder0~540  ; LCCOMB_X9_Y35_N8    ; 32      ; Clock enable ; no     ; --                   ; --               ; --                        ;
; data_ram:DRAM|Decoder0~541  ; LCCOMB_X11_Y27_N0   ; 32      ; Clock enable ; no     ; --                   ; --               ; --                        ;
; data_ram:DRAM|Decoder0~542  ; LCCOMB_X9_Y29_N0    ; 32      ; Clock enable ; no     ; --                   ; --               ; --                        ;
; data_ram:DRAM|Decoder0~543  ; LCCOMB_X13_Y27_N8   ; 32      ; Clock enable ; no     ; --                   ; --               ; --                        ;
; data_ram:DRAM|Decoder0~544  ; LCCOMB_X8_Y31_N4    ; 32      ; Clock enable ; no     ; --                   ; --               ; --                        ;
; data_ram:DRAM|Decoder0~545  ; LCCOMB_X21_Y34_N12  ; 32      ; Clock enable ; no     ; --                   ; --               ; --                        ;
; data_ram:DRAM|Decoder0~546  ; LCCOMB_X17_Y25_N4   ; 32      ; Clock enable ; no     ; --                   ; --               ; --                        ;
; data_ram:DRAM|Decoder0~547  ; LCCOMB_X21_Y34_N22  ; 32      ; Clock enable ; no     ; --                   ; --               ; --                        ;
; data_ram:DRAM|Decoder0~548  ; LCCOMB_X6_Y30_N16   ; 32      ; Clock enable ; no     ; --                   ; --               ; --                        ;
; data_ram:DRAM|Decoder0~549  ; LCCOMB_X21_Y34_N20  ; 32      ; Clock enable ; no     ; --                   ; --               ; --                        ;
; data_ram:DRAM|Decoder0~55   ; LCCOMB_X53_Y27_N16  ; 32      ; Clock enable ; no     ; --                   ; --               ; --                        ;
; data_ram:DRAM|Decoder0~550  ; LCCOMB_X20_Y28_N0   ; 32      ; Clock enable ; no     ; --                   ; --               ; --                        ;
; data_ram:DRAM|Decoder0~551  ; LCCOMB_X21_Y34_N14  ; 32      ; Clock enable ; no     ; --                   ; --               ; --                        ;
; data_ram:DRAM|Decoder0~552  ; LCCOMB_X11_Y34_N16  ; 32      ; Clock enable ; no     ; --                   ; --               ; --                        ;
; data_ram:DRAM|Decoder0~553  ; LCCOMB_X21_Y34_N8   ; 32      ; Clock enable ; no     ; --                   ; --               ; --                        ;
; data_ram:DRAM|Decoder0~554  ; LCCOMB_X19_Y32_N12  ; 32      ; Clock enable ; no     ; --                   ; --               ; --                        ;
; data_ram:DRAM|Decoder0~555  ; LCCOMB_X21_Y34_N24  ; 32      ; Clock enable ; no     ; --                   ; --               ; --                        ;
; data_ram:DRAM|Decoder0~556  ; LCCOMB_X52_Y36_N24  ; 32      ; Clock enable ; no     ; --                   ; --               ; --                        ;
; data_ram:DRAM|Decoder0~557  ; LCCOMB_X21_Y34_N6   ; 32      ; Clock enable ; no     ; --                   ; --               ; --                        ;
; data_ram:DRAM|Decoder0~558  ; LCCOMB_X19_Y28_N30  ; 32      ; Clock enable ; no     ; --                   ; --               ; --                        ;
; data_ram:DRAM|Decoder0~559  ; LCCOMB_X21_Y34_N30  ; 32      ; Clock enable ; no     ; --                   ; --               ; --                        ;
; data_ram:DRAM|Decoder0~56   ; LCCOMB_X59_Y32_N20  ; 32      ; Clock enable ; no     ; --                   ; --               ; --                        ;
; data_ram:DRAM|Decoder0~560  ; LCCOMB_X8_Y30_N18   ; 32      ; Clock enable ; no     ; --                   ; --               ; --                        ;
; data_ram:DRAM|Decoder0~562  ; LCCOMB_X100_Y36_N10 ; 32      ; Clock enable ; no     ; --                   ; --               ; --                        ;
; data_ram:DRAM|Decoder0~563  ; LCCOMB_X90_Y36_N10  ; 32      ; Clock enable ; no     ; --                   ; --               ; --                        ;
; data_ram:DRAM|Decoder0~564  ; LCCOMB_X94_Y36_N30  ; 32      ; Clock enable ; no     ; --                   ; --               ; --                        ;
; data_ram:DRAM|Decoder0~565  ; LCCOMB_X98_Y36_N8   ; 32      ; Clock enable ; no     ; --                   ; --               ; --                        ;
; data_ram:DRAM|Decoder0~567  ; LCCOMB_X87_Y35_N30  ; 32      ; Clock enable ; no     ; --                   ; --               ; --                        ;
; data_ram:DRAM|Decoder0~568  ; LCCOMB_X87_Y35_N12  ; 32      ; Clock enable ; no     ; --                   ; --               ; --                        ;
; data_ram:DRAM|Decoder0~569  ; LCCOMB_X86_Y32_N28  ; 32      ; Clock enable ; no     ; --                   ; --               ; --                        ;
; data_ram:DRAM|Decoder0~57   ; LCCOMB_X56_Y33_N0   ; 32      ; Clock enable ; no     ; --                   ; --               ; --                        ;
; data_ram:DRAM|Decoder0~570  ; LCCOMB_X87_Y35_N10  ; 32      ; Clock enable ; no     ; --                   ; --               ; --                        ;
; data_ram:DRAM|Decoder0~571  ; LCCOMB_X100_Y35_N8  ; 32      ; Clock enable ; no     ; --                   ; --               ; --                        ;
; data_ram:DRAM|Decoder0~572  ; LCCOMB_X87_Y35_N0   ; 32      ; Clock enable ; no     ; --                   ; --               ; --                        ;
; data_ram:DRAM|Decoder0~573  ; LCCOMB_X87_Y35_N22  ; 32      ; Clock enable ; no     ; --                   ; --               ; --                        ;
; data_ram:DRAM|Decoder0~574  ; LCCOMB_X102_Y33_N22 ; 32      ; Clock enable ; no     ; --                   ; --               ; --                        ;
; data_ram:DRAM|Decoder0~575  ; LCCOMB_X102_Y36_N16 ; 32      ; Clock enable ; no     ; --                   ; --               ; --                        ;
; data_ram:DRAM|Decoder0~576  ; LCCOMB_X87_Y32_N16  ; 32      ; Clock enable ; no     ; --                   ; --               ; --                        ;
; data_ram:DRAM|Decoder0~577  ; LCCOMB_X91_Y32_N0   ; 32      ; Clock enable ; no     ; --                   ; --               ; --                        ;
; data_ram:DRAM|Decoder0~578  ; LCCOMB_X98_Y33_N22  ; 32      ; Clock enable ; no     ; --                   ; --               ; --                        ;
; data_ram:DRAM|Decoder0~58   ; LCCOMB_X55_Y33_N6   ; 32      ; Clock enable ; no     ; --                   ; --               ; --                        ;
; data_ram:DRAM|Decoder0~580  ; LCCOMB_X98_Y35_N4   ; 32      ; Clock enable ; no     ; --                   ; --               ; --                        ;
; data_ram:DRAM|Decoder0~582  ; LCCOMB_X86_Y34_N26  ; 32      ; Clock enable ; no     ; --                   ; --               ; --                        ;
; data_ram:DRAM|Decoder0~583  ; LCCOMB_X82_Y35_N6   ; 32      ; Clock enable ; no     ; --                   ; --               ; --                        ;
; data_ram:DRAM|Decoder0~584  ; LCCOMB_X87_Y34_N2   ; 32      ; Clock enable ; no     ; --                   ; --               ; --                        ;
; data_ram:DRAM|Decoder0~585  ; LCCOMB_X102_Y37_N30 ; 32      ; Clock enable ; no     ; --                   ; --               ; --                        ;
; data_ram:DRAM|Decoder0~586  ; LCCOMB_X87_Y34_N24  ; 32      ; Clock enable ; no     ; --                   ; --               ; --                        ;
; data_ram:DRAM|Decoder0~587  ; LCCOMB_X80_Y33_N28  ; 32      ; Clock enable ; no     ; --                   ; --               ; --                        ;
; data_ram:DRAM|Decoder0~588  ; LCCOMB_X87_Y34_N22  ; 32      ; Clock enable ; no     ; --                   ; --               ; --                        ;
; data_ram:DRAM|Decoder0~589  ; LCCOMB_X105_Y37_N30 ; 32      ; Clock enable ; no     ; --                   ; --               ; --                        ;
; data_ram:DRAM|Decoder0~59   ; LCCOMB_X62_Y31_N16  ; 32      ; Clock enable ; no     ; --                   ; --               ; --                        ;
; data_ram:DRAM|Decoder0~590  ; LCCOMB_X87_Y34_N4   ; 32      ; Clock enable ; no     ; --                   ; --               ; --                        ;
; data_ram:DRAM|Decoder0~591  ; LCCOMB_X83_Y35_N4   ; 32      ; Clock enable ; no     ; --                   ; --               ; --                        ;
; data_ram:DRAM|Decoder0~592  ; LCCOMB_X96_Y34_N4   ; 32      ; Clock enable ; no     ; --                   ; --               ; --                        ;
; data_ram:DRAM|Decoder0~593  ; LCCOMB_X85_Y35_N20  ; 32      ; Clock enable ; no     ; --                   ; --               ; --                        ;
; data_ram:DRAM|Decoder0~594  ; LCCOMB_X87_Y30_N6   ; 32      ; Clock enable ; no     ; --                   ; --               ; --                        ;
; data_ram:DRAM|Decoder0~595  ; LCCOMB_X81_Y33_N8   ; 32      ; Clock enable ; no     ; --                   ; --               ; --                        ;
; data_ram:DRAM|Decoder0~596  ; LCCOMB_X87_Y34_N10  ; 32      ; Clock enable ; no     ; --                   ; --               ; --                        ;
; data_ram:DRAM|Decoder0~597  ; LCCOMB_X89_Y35_N0   ; 32      ; Clock enable ; no     ; --                   ; --               ; --                        ;
; data_ram:DRAM|Decoder0~598  ; LCCOMB_X87_Y36_N20  ; 32      ; Clock enable ; no     ; --                   ; --               ; --                        ;
; data_ram:DRAM|Decoder0~599  ; LCCOMB_X87_Y35_N16  ; 32      ; Clock enable ; no     ; --                   ; --               ; --                        ;
; data_ram:DRAM|Decoder0~60   ; LCCOMB_X57_Y34_N22  ; 32      ; Clock enable ; no     ; --                   ; --               ; --                        ;
; data_ram:DRAM|Decoder0~600  ; LCCOMB_X95_Y36_N12  ; 32      ; Clock enable ; no     ; --                   ; --               ; --                        ;
; data_ram:DRAM|Decoder0~601  ; LCCOMB_X95_Y35_N10  ; 32      ; Clock enable ; no     ; --                   ; --               ; --                        ;
; data_ram:DRAM|Decoder0~602  ; LCCOMB_X83_Y32_N26  ; 32      ; Clock enable ; no     ; --                   ; --               ; --                        ;
; data_ram:DRAM|Decoder0~603  ; LCCOMB_X87_Y35_N20  ; 32      ; Clock enable ; no     ; --                   ; --               ; --                        ;
; data_ram:DRAM|Decoder0~604  ; LCCOMB_X96_Y36_N30  ; 32      ; Clock enable ; no     ; --                   ; --               ; --                        ;
; data_ram:DRAM|Decoder0~605  ; LCCOMB_X96_Y35_N8   ; 32      ; Clock enable ; no     ; --                   ; --               ; --                        ;
; data_ram:DRAM|Decoder0~606  ; LCCOMB_X86_Y36_N0   ; 32      ; Clock enable ; no     ; --                   ; --               ; --                        ;
; data_ram:DRAM|Decoder0~607  ; LCCOMB_X87_Y35_N24  ; 32      ; Clock enable ; no     ; --                   ; --               ; --                        ;
; data_ram:DRAM|Decoder0~608  ; LCCOMB_X97_Y36_N28  ; 32      ; Clock enable ; no     ; --                   ; --               ; --                        ;
; data_ram:DRAM|Decoder0~609  ; LCCOMB_X88_Y35_N0   ; 32      ; Clock enable ; no     ; --                   ; --               ; --                        ;
; data_ram:DRAM|Decoder0~61   ; LCCOMB_X57_Y32_N8   ; 32      ; Clock enable ; no     ; --                   ; --               ; --                        ;
; data_ram:DRAM|Decoder0~610  ; LCCOMB_X87_Y22_N14  ; 32      ; Clock enable ; no     ; --                   ; --               ; --                        ;
; data_ram:DRAM|Decoder0~611  ; LCCOMB_X87_Y35_N4   ; 32      ; Clock enable ; no     ; --                   ; --               ; --                        ;
; data_ram:DRAM|Decoder0~612  ; LCCOMB_X91_Y36_N16  ; 32      ; Clock enable ; no     ; --                   ; --               ; --                        ;
; data_ram:DRAM|Decoder0~613  ; LCCOMB_X87_Y34_N26  ; 32      ; Clock enable ; no     ; --                   ; --               ; --                        ;
; data_ram:DRAM|Decoder0~614  ; LCCOMB_X102_Y35_N12 ; 32      ; Clock enable ; no     ; --                   ; --               ; --                        ;
; data_ram:DRAM|Decoder0~615  ; LCCOMB_X77_Y33_N8   ; 32      ; Clock enable ; no     ; --                   ; --               ; --                        ;
; data_ram:DRAM|Decoder0~616  ; LCCOMB_X87_Y34_N16  ; 32      ; Clock enable ; no     ; --                   ; --               ; --                        ;
; data_ram:DRAM|Decoder0~617  ; LCCOMB_X87_Y34_N8   ; 32      ; Clock enable ; no     ; --                   ; --               ; --                        ;
; data_ram:DRAM|Decoder0~618  ; LCCOMB_X105_Y34_N16 ; 32      ; Clock enable ; no     ; --                   ; --               ; --                        ;
; data_ram:DRAM|Decoder0~619  ; LCCOMB_X82_Y34_N4   ; 32      ; Clock enable ; no     ; --                   ; --               ; --                        ;
; data_ram:DRAM|Decoder0~62   ; LCCOMB_X60_Y33_N0   ; 32      ; Clock enable ; no     ; --                   ; --               ; --                        ;
; data_ram:DRAM|Decoder0~620  ; LCCOMB_X87_Y34_N14  ; 32      ; Clock enable ; no     ; --                   ; --               ; --                        ;
; data_ram:DRAM|Decoder0~621  ; LCCOMB_X87_Y34_N6   ; 32      ; Clock enable ; no     ; --                   ; --               ; --                        ;
; data_ram:DRAM|Decoder0~622  ; LCCOMB_X103_Y34_N22 ; 32      ; Clock enable ; no     ; --                   ; --               ; --                        ;
; data_ram:DRAM|Decoder0~623  ; LCCOMB_X80_Y34_N20  ; 32      ; Clock enable ; no     ; --                   ; --               ; --                        ;
; data_ram:DRAM|Decoder0~624  ; LCCOMB_X87_Y34_N0   ; 32      ; Clock enable ; no     ; --                   ; --               ; --                        ;
; data_ram:DRAM|Decoder0~625  ; LCCOMB_X81_Y34_N2   ; 32      ; Clock enable ; no     ; --                   ; --               ; --                        ;
; data_ram:DRAM|Decoder0~626  ; LCCOMB_X87_Y34_N28  ; 32      ; Clock enable ; no     ; --                   ; --               ; --                        ;
; data_ram:DRAM|Decoder0~627  ; LCCOMB_X81_Y32_N20  ; 32      ; Clock enable ; no     ; --                   ; --               ; --                        ;
; data_ram:DRAM|Decoder0~628  ; LCCOMB_X87_Y34_N30  ; 32      ; Clock enable ; no     ; --                   ; --               ; --                        ;
; data_ram:DRAM|Decoder0~63   ; LCCOMB_X57_Y33_N10  ; 32      ; Clock enable ; no     ; --                   ; --               ; --                        ;
; data_ram:DRAM|Decoder0~630  ; LCCOMB_X50_Y55_N12  ; 32      ; Clock enable ; no     ; --                   ; --               ; --                        ;
; data_ram:DRAM|Decoder0~632  ; LCCOMB_X50_Y54_N18  ; 32      ; Clock enable ; no     ; --                   ; --               ; --                        ;
; data_ram:DRAM|Decoder0~633  ; LCCOMB_X55_Y35_N26  ; 32      ; Clock enable ; no     ; --                   ; --               ; --                        ;
; data_ram:DRAM|Decoder0~634  ; LCCOMB_X49_Y54_N4   ; 32      ; Clock enable ; no     ; --                   ; --               ; --                        ;
; data_ram:DRAM|Decoder0~635  ; LCCOMB_X50_Y35_N22  ; 32      ; Clock enable ; no     ; --                   ; --               ; --                        ;
; data_ram:DRAM|Decoder0~636  ; LCCOMB_X42_Y58_N18  ; 32      ; Clock enable ; no     ; --                   ; --               ; --                        ;
; data_ram:DRAM|Decoder0~637  ; LCCOMB_X43_Y55_N26  ; 32      ; Clock enable ; no     ; --                   ; --               ; --                        ;
; data_ram:DRAM|Decoder0~638  ; LCCOMB_X41_Y57_N0   ; 32      ; Clock enable ; no     ; --                   ; --               ; --                        ;
; data_ram:DRAM|Decoder0~639  ; LCCOMB_X38_Y57_N0   ; 32      ; Clock enable ; no     ; --                   ; --               ; --                        ;
; data_ram:DRAM|Decoder0~64   ; LCCOMB_X54_Y32_N20  ; 32      ; Clock enable ; no     ; --                   ; --               ; --                        ;
; data_ram:DRAM|Decoder0~640  ; LCCOMB_X46_Y54_N24  ; 32      ; Clock enable ; no     ; --                   ; --               ; --                        ;
; data_ram:DRAM|Decoder0~641  ; LCCOMB_X46_Y55_N16  ; 32      ; Clock enable ; no     ; --                   ; --               ; --                        ;
; data_ram:DRAM|Decoder0~642  ; LCCOMB_X45_Y53_N0   ; 32      ; Clock enable ; no     ; --                   ; --               ; --                        ;
; data_ram:DRAM|Decoder0~643  ; LCCOMB_X49_Y55_N24  ; 32      ; Clock enable ; no     ; --                   ; --               ; --                        ;
; data_ram:DRAM|Decoder0~644  ; LCCOMB_X47_Y62_N28  ; 32      ; Clock enable ; no     ; --                   ; --               ; --                        ;
; data_ram:DRAM|Decoder0~645  ; LCCOMB_X52_Y55_N6   ; 32      ; Clock enable ; no     ; --                   ; --               ; --                        ;
; data_ram:DRAM|Decoder0~646  ; LCCOMB_X49_Y57_N2   ; 32      ; Clock enable ; no     ; --                   ; --               ; --                        ;
; data_ram:DRAM|Decoder0~648  ; LCCOMB_X49_Y45_N8   ; 32      ; Clock enable ; no     ; --                   ; --               ; --                        ;
; data_ram:DRAM|Decoder0~65   ; LCCOMB_X55_Y29_N12  ; 32      ; Clock enable ; no     ; --                   ; --               ; --                        ;
; data_ram:DRAM|Decoder0~650  ; LCCOMB_X52_Y42_N0   ; 32      ; Clock enable ; no     ; --                   ; --               ; --                        ;
; data_ram:DRAM|Decoder0~651  ; LCCOMB_X53_Y42_N30  ; 32      ; Clock enable ; no     ; --                   ; --               ; --                        ;
; data_ram:DRAM|Decoder0~652  ; LCCOMB_X53_Y45_N6   ; 32      ; Clock enable ; no     ; --                   ; --               ; --                        ;
; data_ram:DRAM|Decoder0~653  ; LCCOMB_X52_Y36_N8   ; 32      ; Clock enable ; no     ; --                   ; --               ; --                        ;
; data_ram:DRAM|Decoder0~654  ; LCCOMB_X42_Y46_N30  ; 32      ; Clock enable ; no     ; --                   ; --               ; --                        ;
; data_ram:DRAM|Decoder0~655  ; LCCOMB_X42_Y40_N0   ; 32      ; Clock enable ; no     ; --                   ; --               ; --                        ;
; data_ram:DRAM|Decoder0~656  ; LCCOMB_X43_Y47_N12  ; 32      ; Clock enable ; no     ; --                   ; --               ; --                        ;
; data_ram:DRAM|Decoder0~657  ; LCCOMB_X38_Y49_N4   ; 32      ; Clock enable ; no     ; --                   ; --               ; --                        ;
; data_ram:DRAM|Decoder0~658  ; LCCOMB_X52_Y36_N10  ; 32      ; Clock enable ; no     ; --                   ; --               ; --                        ;
; data_ram:DRAM|Decoder0~659  ; LCCOMB_X54_Y35_N4   ; 32      ; Clock enable ; no     ; --                   ; --               ; --                        ;
; data_ram:DRAM|Decoder0~66   ; LCCOMB_X54_Y33_N8   ; 32      ; Clock enable ; no     ; --                   ; --               ; --                        ;
; data_ram:DRAM|Decoder0~660  ; LCCOMB_X39_Y49_N20  ; 32      ; Clock enable ; no     ; --                   ; --               ; --                        ;
; data_ram:DRAM|Decoder0~661  ; LCCOMB_X52_Y43_N24  ; 32      ; Clock enable ; no     ; --                   ; --               ; --                        ;
; data_ram:DRAM|Decoder0~662  ; LCCOMB_X55_Y43_N0   ; 32      ; Clock enable ; no     ; --                   ; --               ; --                        ;
; data_ram:DRAM|Decoder0~663  ; LCCOMB_X53_Y41_N30  ; 32      ; Clock enable ; no     ; --                   ; --               ; --                        ;
; data_ram:DRAM|Decoder0~664  ; LCCOMB_X53_Y47_N8   ; 32      ; Clock enable ; no     ; --                   ; --               ; --                        ;
; data_ram:DRAM|Decoder0~665  ; LCCOMB_X54_Y41_N24  ; 32      ; Clock enable ; no     ; --                   ; --               ; --                        ;
; data_ram:DRAM|Decoder0~666  ; LCCOMB_X50_Y35_N8   ; 32      ; Clock enable ; no     ; --                   ; --               ; --                        ;
; data_ram:DRAM|Decoder0~667  ; LCCOMB_X52_Y38_N0   ; 32      ; Clock enable ; no     ; --                   ; --               ; --                        ;
; data_ram:DRAM|Decoder0~668  ; LCCOMB_X53_Y37_N30  ; 32      ; Clock enable ; no     ; --                   ; --               ; --                        ;
; data_ram:DRAM|Decoder0~669  ; LCCOMB_X50_Y35_N0   ; 32      ; Clock enable ; no     ; --                   ; --               ; --                        ;
; data_ram:DRAM|Decoder0~67   ; LCCOMB_X57_Y29_N18  ; 32      ; Clock enable ; no     ; --                   ; --               ; --                        ;
; data_ram:DRAM|Decoder0~670  ; LCCOMB_X55_Y35_N28  ; 32      ; Clock enable ; no     ; --                   ; --               ; --                        ;
; data_ram:DRAM|Decoder0~671  ; LCCOMB_X55_Y35_N20  ; 32      ; Clock enable ; no     ; --                   ; --               ; --                        ;
; data_ram:DRAM|Decoder0~672  ; LCCOMB_X42_Y49_N2   ; 32      ; Clock enable ; no     ; --                   ; --               ; --                        ;
; data_ram:DRAM|Decoder0~673  ; LCCOMB_X46_Y49_N24  ; 32      ; Clock enable ; no     ; --                   ; --               ; --                        ;
; data_ram:DRAM|Decoder0~674  ; LCCOMB_X46_Y37_N18  ; 32      ; Clock enable ; no     ; --                   ; --               ; --                        ;
; data_ram:DRAM|Decoder0~675  ; LCCOMB_X47_Y38_N14  ; 32      ; Clock enable ; no     ; --                   ; --               ; --                        ;
; data_ram:DRAM|Decoder0~676  ; LCCOMB_X45_Y49_N6   ; 32      ; Clock enable ; no     ; --                   ; --               ; --                        ;
; data_ram:DRAM|Decoder0~677  ; LCCOMB_X49_Y43_N12  ; 32      ; Clock enable ; no     ; --                   ; --               ; --                        ;
; data_ram:DRAM|Decoder0~678  ; LCCOMB_X55_Y35_N22  ; 32      ; Clock enable ; no     ; --                   ; --               ; --                        ;
; data_ram:DRAM|Decoder0~679  ; LCCOMB_X53_Y39_N8   ; 32      ; Clock enable ; no     ; --                   ; --               ; --                        ;
; data_ram:DRAM|Decoder0~680  ; LCCOMB_X49_Y46_N28  ; 32      ; Clock enable ; no     ; --                   ; --               ; --                        ;
; data_ram:DRAM|Decoder0~681  ; LCCOMB_X52_Y65_N6   ; 32      ; Clock enable ; no     ; --                   ; --               ; --                        ;
; data_ram:DRAM|Decoder0~682  ; LCCOMB_X49_Y62_N0   ; 32      ; Clock enable ; no     ; --                   ; --               ; --                        ;
; data_ram:DRAM|Decoder0~683  ; LCCOMB_X53_Y65_N26  ; 32      ; Clock enable ; no     ; --                   ; --               ; --                        ;
; data_ram:DRAM|Decoder0~684  ; LCCOMB_X48_Y63_N14  ; 32      ; Clock enable ; no     ; --                   ; --               ; --                        ;
; data_ram:DRAM|Decoder0~685  ; LCCOMB_X42_Y52_N12  ; 32      ; Clock enable ; no     ; --                   ; --               ; --                        ;
; data_ram:DRAM|Decoder0~686  ; LCCOMB_X36_Y55_N30  ; 32      ; Clock enable ; no     ; --                   ; --               ; --                        ;
; data_ram:DRAM|Decoder0~687  ; LCCOMB_X52_Y36_N0   ; 32      ; Clock enable ; no     ; --                   ; --               ; --                        ;
; data_ram:DRAM|Decoder0~688  ; LCCOMB_X43_Y52_N4   ; 32      ; Clock enable ; no     ; --                   ; --               ; --                        ;
; data_ram:DRAM|Decoder0~689  ; LCCOMB_X34_Y56_N14  ; 32      ; Clock enable ; no     ; --                   ; --               ; --                        ;
; data_ram:DRAM|Decoder0~69   ; LCCOMB_X61_Y27_N4   ; 32      ; Clock enable ; no     ; --                   ; --               ; --                        ;
; data_ram:DRAM|Decoder0~690  ; LCCOMB_X38_Y55_N30  ; 32      ; Clock enable ; no     ; --                   ; --               ; --                        ;
; data_ram:DRAM|Decoder0~691  ; LCCOMB_X55_Y36_N10  ; 32      ; Clock enable ; no     ; --                   ; --               ; --                        ;
; data_ram:DRAM|Decoder0~692  ; LCCOMB_X38_Y54_N16  ; 32      ; Clock enable ; no     ; --                   ; --               ; --                        ;
; data_ram:DRAM|Decoder0~693  ; LCCOMB_X50_Y49_N8   ; 32      ; Clock enable ; no     ; --                   ; --               ; --                        ;
; data_ram:DRAM|Decoder0~694  ; LCCOMB_X48_Y53_N16  ; 32      ; Clock enable ; no     ; --                   ; --               ; --                        ;
; data_ram:DRAM|Decoder0~695  ; LCCOMB_X52_Y50_N8   ; 32      ; Clock enable ; no     ; --                   ; --               ; --                        ;
; data_ram:DRAM|Decoder0~696  ; LCCOMB_X50_Y52_N30  ; 32      ; Clock enable ; no     ; --                   ; --               ; --                        ;
; data_ram:DRAM|Decoder0~698  ; LCCOMB_X47_Y67_N20  ; 32      ; Clock enable ; no     ; --                   ; --               ; --                        ;
; data_ram:DRAM|Decoder0~699  ; LCCOMB_X50_Y65_N0   ; 32      ; Clock enable ; no     ; --                   ; --               ; --                        ;
; data_ram:DRAM|Decoder0~7    ; LCCOMB_X57_Y24_N8   ; 32      ; Clock enable ; no     ; --                   ; --               ; --                        ;
; data_ram:DRAM|Decoder0~700  ; LCCOMB_X49_Y67_N28  ; 32      ; Clock enable ; no     ; --                   ; --               ; --                        ;
; data_ram:DRAM|Decoder0~701  ; LCCOMB_X47_Y65_N16  ; 32      ; Clock enable ; no     ; --                   ; --               ; --                        ;
; data_ram:DRAM|Decoder0~703  ; LCCOMB_X34_Y58_N14  ; 32      ; Clock enable ; no     ; --                   ; --               ; --                        ;
; data_ram:DRAM|Decoder0~704  ; LCCOMB_X33_Y60_N4   ; 32      ; Clock enable ; no     ; --                   ; --               ; --                        ;
; data_ram:DRAM|Decoder0~705  ; LCCOMB_X34_Y59_N6   ; 32      ; Clock enable ; no     ; --                   ; --               ; --                        ;
; data_ram:DRAM|Decoder0~706  ; LCCOMB_X35_Y60_N4   ; 32      ; Clock enable ; no     ; --                   ; --               ; --                        ;
; data_ram:DRAM|Decoder0~707  ; LCCOMB_X39_Y59_N28  ; 32      ; Clock enable ; no     ; --                   ; --               ; --                        ;
; data_ram:DRAM|Decoder0~708  ; LCCOMB_X43_Y62_N0   ; 32      ; Clock enable ; no     ; --                   ; --               ; --                        ;
; data_ram:DRAM|Decoder0~709  ; LCCOMB_X47_Y55_N6   ; 32      ; Clock enable ; no     ; --                   ; --               ; --                        ;
; data_ram:DRAM|Decoder0~71   ; LCCOMB_X74_Y24_N8   ; 32      ; Clock enable ; no     ; --                   ; --               ; --                        ;
; data_ram:DRAM|Decoder0~710  ; LCCOMB_X38_Y59_N8   ; 32      ; Clock enable ; no     ; --                   ; --               ; --                        ;
; data_ram:DRAM|Decoder0~711  ; LCCOMB_X49_Y61_N0   ; 32      ; Clock enable ; no     ; --                   ; --               ; --                        ;
; data_ram:DRAM|Decoder0~712  ; LCCOMB_X47_Y68_N30  ; 32      ; Clock enable ; no     ; --                   ; --               ; --                        ;
; data_ram:DRAM|Decoder0~713  ; LCCOMB_X49_Y68_N24  ; 32      ; Clock enable ; no     ; --                   ; --               ; --                        ;
; data_ram:DRAM|Decoder0~714  ; LCCOMB_X49_Y60_N16  ; 32      ; Clock enable ; no     ; --                   ; --               ; --                        ;
; data_ram:DRAM|Decoder0~716  ; LCCOMB_X43_Y49_N16  ; 32      ; Clock enable ; no     ; --                   ; --               ; --                        ;
; data_ram:DRAM|Decoder0~717  ; LCCOMB_X48_Y43_N20  ; 32      ; Clock enable ; no     ; --                   ; --               ; --                        ;
; data_ram:DRAM|Decoder0~718  ; LCCOMB_X46_Y43_N10  ; 32      ; Clock enable ; no     ; --                   ; --               ; --                        ;
; data_ram:DRAM|Decoder0~719  ; LCCOMB_X47_Y46_N14  ; 32      ; Clock enable ; no     ; --                   ; --               ; --                        ;
; data_ram:DRAM|Decoder0~72   ; LCCOMB_X61_Y24_N4   ; 32      ; Clock enable ; no     ; --                   ; --               ; --                        ;
; data_ram:DRAM|Decoder0~721  ; LCCOMB_X54_Y50_N16  ; 32      ; Clock enable ; no     ; --                   ; --               ; --                        ;
; data_ram:DRAM|Decoder0~722  ; LCCOMB_X54_Y34_N10  ; 32      ; Clock enable ; no     ; --                   ; --               ; --                        ;
; data_ram:DRAM|Decoder0~723  ; LCCOMB_X54_Y34_N8   ; 32      ; Clock enable ; no     ; --                   ; --               ; --                        ;
; data_ram:DRAM|Decoder0~724  ; LCCOMB_X53_Y38_N22  ; 32      ; Clock enable ; no     ; --                   ; --               ; --                        ;
; data_ram:DRAM|Decoder0~725  ; LCCOMB_X43_Y51_N24  ; 32      ; Clock enable ; no     ; --                   ; --               ; --                        ;
; data_ram:DRAM|Decoder0~726  ; LCCOMB_X48_Y42_N12  ; 32      ; Clock enable ; no     ; --                   ; --               ; --                        ;
; data_ram:DRAM|Decoder0~727  ; LCCOMB_X49_Y37_N10  ; 32      ; Clock enable ; no     ; --                   ; --               ; --                        ;
; data_ram:DRAM|Decoder0~728  ; LCCOMB_X47_Y48_N10  ; 32      ; Clock enable ; no     ; --                   ; --               ; --                        ;
; data_ram:DRAM|Decoder0~729  ; LCCOMB_X45_Y47_N0   ; 32      ; Clock enable ; no     ; --                   ; --               ; --                        ;
; data_ram:DRAM|Decoder0~73   ; LCCOMB_X68_Y29_N12  ; 32      ; Clock enable ; no     ; --                   ; --               ; --                        ;
; data_ram:DRAM|Decoder0~730  ; LCCOMB_X53_Y38_N24  ; 32      ; Clock enable ; no     ; --                   ; --               ; --                        ;
; data_ram:DRAM|Decoder0~731  ; LCCOMB_X45_Y42_N22  ; 32      ; Clock enable ; no     ; --                   ; --               ; --                        ;
; data_ram:DRAM|Decoder0~732  ; LCCOMB_X55_Y38_N22  ; 32      ; Clock enable ; no     ; --                   ; --               ; --                        ;
; data_ram:DRAM|Decoder0~733  ; LCCOMB_X41_Y52_N0   ; 32      ; Clock enable ; no     ; --                   ; --               ; --                        ;
; data_ram:DRAM|Decoder0~734  ; LCCOMB_X54_Y40_N0   ; 32      ; Clock enable ; no     ; --                   ; --               ; --                        ;
; data_ram:DRAM|Decoder0~735  ; LCCOMB_X42_Y39_N0   ; 32      ; Clock enable ; no     ; --                   ; --               ; --                        ;
; data_ram:DRAM|Decoder0~736  ; LCCOMB_X50_Y50_N16  ; 32      ; Clock enable ; no     ; --                   ; --               ; --                        ;
; data_ram:DRAM|Decoder0~737  ; LCCOMB_X48_Y36_N6   ; 32      ; Clock enable ; no     ; --                   ; --               ; --                        ;
; data_ram:DRAM|Decoder0~738  ; LCCOMB_X56_Y39_N0   ; 32      ; Clock enable ; no     ; --                   ; --               ; --                        ;
; data_ram:DRAM|Decoder0~739  ; LCCOMB_X45_Y39_N2   ; 32      ; Clock enable ; no     ; --                   ; --               ; --                        ;
; data_ram:DRAM|Decoder0~740  ; LCCOMB_X55_Y37_N28  ; 32      ; Clock enable ; no     ; --                   ; --               ; --                        ;
; data_ram:DRAM|Decoder0~741  ; LCCOMB_X56_Y35_N0   ; 32      ; Clock enable ; no     ; --                   ; --               ; --                        ;
; data_ram:DRAM|Decoder0~742  ; LCCOMB_X55_Y39_N22  ; 32      ; Clock enable ; no     ; --                   ; --               ; --                        ;
; data_ram:DRAM|Decoder0~743  ; LCCOMB_X46_Y38_N16  ; 32      ; Clock enable ; no     ; --                   ; --               ; --                        ;
; data_ram:DRAM|Decoder0~744  ; LCCOMB_X48_Y51_N20  ; 32      ; Clock enable ; no     ; --                   ; --               ; --                        ;
; data_ram:DRAM|Decoder0~745  ; LCCOMB_X41_Y47_N0   ; 32      ; Clock enable ; no     ; --                   ; --               ; --                        ;
; data_ram:DRAM|Decoder0~746  ; LCCOMB_X53_Y44_N14  ; 32      ; Clock enable ; no     ; --                   ; --               ; --                        ;
; data_ram:DRAM|Decoder0~747  ; LCCOMB_X45_Y44_N0   ; 32      ; Clock enable ; no     ; --                   ; --               ; --                        ;
; data_ram:DRAM|Decoder0~748  ; LCCOMB_X52_Y47_N4   ; 32      ; Clock enable ; no     ; --                   ; --               ; --                        ;
; data_ram:DRAM|Decoder0~749  ; LCCOMB_X53_Y38_N30  ; 32      ; Clock enable ; no     ; --                   ; --               ; --                        ;
; data_ram:DRAM|Decoder0~75   ; LCCOMB_X61_Y19_N20  ; 32      ; Clock enable ; no     ; --                   ; --               ; --                        ;
; data_ram:DRAM|Decoder0~750  ; LCCOMB_X54_Y34_N0   ; 32      ; Clock enable ; no     ; --                   ; --               ; --                        ;
; data_ram:DRAM|Decoder0~751  ; LCCOMB_X36_Y56_N16  ; 32      ; Clock enable ; no     ; --                   ; --               ; --                        ;
; data_ram:DRAM|Decoder0~752  ; LCCOMB_X54_Y34_N2   ; 32      ; Clock enable ; no     ; --                   ; --               ; --                        ;
; data_ram:DRAM|Decoder0~753  ; LCCOMB_X43_Y59_N16  ; 32      ; Clock enable ; no     ; --                   ; --               ; --                        ;
; data_ram:DRAM|Decoder0~754  ; LCCOMB_X45_Y63_N10  ; 32      ; Clock enable ; no     ; --                   ; --               ; --                        ;
; data_ram:DRAM|Decoder0~755  ; LCCOMB_X43_Y63_N14  ; 32      ; Clock enable ; no     ; --                   ; --               ; --                        ;
; data_ram:DRAM|Decoder0~756  ; LCCOMB_X46_Y63_N16  ; 32      ; Clock enable ; no     ; --                   ; --               ; --                        ;
; data_ram:DRAM|Decoder0~757  ; LCCOMB_X43_Y60_N0   ; 32      ; Clock enable ; no     ; --                   ; --               ; --                        ;
; data_ram:DRAM|Decoder0~758  ; LCCOMB_X45_Y60_N12  ; 32      ; Clock enable ; no     ; --                   ; --               ; --                        ;
; data_ram:DRAM|Decoder0~759  ; LCCOMB_X45_Y57_N30  ; 32      ; Clock enable ; no     ; --                   ; --               ; --                        ;
; data_ram:DRAM|Decoder0~760  ; LCCOMB_X46_Y64_N16  ; 32      ; Clock enable ; no     ; --                   ; --               ; --                        ;
; data_ram:DRAM|Decoder0~761  ; LCCOMB_X53_Y37_N16  ; 32      ; Clock enable ; no     ; --                   ; --               ; --                        ;
; data_ram:DRAM|Decoder0~762  ; LCCOMB_X54_Y34_N28  ; 32      ; Clock enable ; no     ; --                   ; --               ; --                        ;
; data_ram:DRAM|Decoder0~763  ; LCCOMB_X54_Y34_N16  ; 32      ; Clock enable ; no     ; --                   ; --               ; --                        ;
; data_ram:DRAM|Decoder0~764  ; LCCOMB_X54_Y34_N14  ; 32      ; Clock enable ; no     ; --                   ; --               ; --                        ;
; data_ram:DRAM|Decoder0~766  ; LCCOMB_X80_Y32_N8   ; 32      ; Clock enable ; no     ; --                   ; --               ; --                        ;
; data_ram:DRAM|Decoder0~768  ; LCCOMB_X83_Y31_N18  ; 32      ; Clock enable ; no     ; --                   ; --               ; --                        ;
; data_ram:DRAM|Decoder0~769  ; LCCOMB_X83_Y29_N28  ; 32      ; Clock enable ; no     ; --                   ; --               ; --                        ;
; data_ram:DRAM|Decoder0~77   ; LCCOMB_X74_Y19_N12  ; 32      ; Clock enable ; no     ; --                   ; --               ; --                        ;
; data_ram:DRAM|Decoder0~770  ; LCCOMB_X80_Y35_N30  ; 32      ; Clock enable ; no     ; --                   ; --               ; --                        ;
; data_ram:DRAM|Decoder0~771  ; LCCOMB_X79_Y28_N20  ; 32      ; Clock enable ; no     ; --                   ; --               ; --                        ;
; data_ram:DRAM|Decoder0~772  ; LCCOMB_X84_Y28_N24  ; 32      ; Clock enable ; no     ; --                   ; --               ; --                        ;
; data_ram:DRAM|Decoder0~773  ; LCCOMB_X82_Y25_N4   ; 32      ; Clock enable ; no     ; --                   ; --               ; --                        ;
; data_ram:DRAM|Decoder0~774  ; LCCOMB_X80_Y31_N14  ; 32      ; Clock enable ; no     ; --                   ; --               ; --                        ;
; data_ram:DRAM|Decoder0~775  ; LCCOMB_X80_Y35_N10  ; 32      ; Clock enable ; no     ; --                   ; --               ; --                        ;
; data_ram:DRAM|Decoder0~776  ; LCCOMB_X99_Y28_N24  ; 32      ; Clock enable ; no     ; --                   ; --               ; --                        ;
; data_ram:DRAM|Decoder0~777  ; LCCOMB_X83_Y31_N14  ; 32      ; Clock enable ; no     ; --                   ; --               ; --                        ;
; data_ram:DRAM|Decoder0~778  ; LCCOMB_X98_Y31_N4   ; 32      ; Clock enable ; no     ; --                   ; --               ; --                        ;
; data_ram:DRAM|Decoder0~779  ; LCCOMB_X80_Y29_N24  ; 32      ; Clock enable ; no     ; --                   ; --               ; --                        ;
; data_ram:DRAM|Decoder0~78   ; LCCOMB_X60_Y19_N30  ; 32      ; Clock enable ; no     ; --                   ; --               ; --                        ;
; data_ram:DRAM|Decoder0~780  ; LCCOMB_X83_Y31_N16  ; 32      ; Clock enable ; no     ; --                   ; --               ; --                        ;
; data_ram:DRAM|Decoder0~781  ; LCCOMB_X83_Y31_N30  ; 32      ; Clock enable ; no     ; --                   ; --               ; --                        ;
; data_ram:DRAM|Decoder0~782  ; LCCOMB_X81_Y31_N22  ; 32      ; Clock enable ; no     ; --                   ; --               ; --                        ;
; data_ram:DRAM|Decoder0~784  ; LCCOMB_X91_Y23_N26  ; 32      ; Clock enable ; no     ; --                   ; --               ; --                        ;
; data_ram:DRAM|Decoder0~785  ; LCCOMB_X84_Y22_N18  ; 32      ; Clock enable ; no     ; --                   ; --               ; --                        ;
; data_ram:DRAM|Decoder0~786  ; LCCOMB_X84_Y20_N24  ; 32      ; Clock enable ; no     ; --                   ; --               ; --                        ;
; data_ram:DRAM|Decoder0~787  ; LCCOMB_X83_Y23_N24  ; 32      ; Clock enable ; no     ; --                   ; --               ; --                        ;
; data_ram:DRAM|Decoder0~789  ; LCCOMB_X100_Y30_N24 ; 32      ; Clock enable ; no     ; --                   ; --               ; --                        ;
; data_ram:DRAM|Decoder0~79   ; LCCOMB_X73_Y22_N26  ; 32      ; Clock enable ; no     ; --                   ; --               ; --                        ;
; data_ram:DRAM|Decoder0~790  ; LCCOMB_X100_Y22_N18 ; 32      ; Clock enable ; no     ; --                   ; --               ; --                        ;
; data_ram:DRAM|Decoder0~791  ; LCCOMB_X101_Y30_N20 ; 32      ; Clock enable ; no     ; --                   ; --               ; --                        ;
; data_ram:DRAM|Decoder0~792  ; LCCOMB_X99_Y27_N8   ; 32      ; Clock enable ; no     ; --                   ; --               ; --                        ;
; data_ram:DRAM|Decoder0~793  ; LCCOMB_X91_Y27_N16  ; 32      ; Clock enable ; no     ; --                   ; --               ; --                        ;
; data_ram:DRAM|Decoder0~794  ; LCCOMB_X83_Y19_N0   ; 32      ; Clock enable ; no     ; --                   ; --               ; --                        ;
; data_ram:DRAM|Decoder0~795  ; LCCOMB_X77_Y31_N14  ; 32      ; Clock enable ; no     ; --                   ; --               ; --                        ;
; data_ram:DRAM|Decoder0~796  ; LCCOMB_X87_Y27_N20  ; 32      ; Clock enable ; no     ; --                   ; --               ; --                        ;
; data_ram:DRAM|Decoder0~797  ; LCCOMB_X95_Y25_N28  ; 32      ; Clock enable ; no     ; --                   ; --               ; --                        ;
; data_ram:DRAM|Decoder0~798  ; LCCOMB_X94_Y22_N0   ; 32      ; Clock enable ; no     ; --                   ; --               ; --                        ;
; data_ram:DRAM|Decoder0~799  ; LCCOMB_X96_Y22_N16  ; 32      ; Clock enable ; no     ; --                   ; --               ; --                        ;
; data_ram:DRAM|Decoder0~8    ; LCCOMB_X59_Y27_N2   ; 32      ; Clock enable ; no     ; --                   ; --               ; --                        ;
; data_ram:DRAM|Decoder0~80   ; LCCOMB_X65_Y22_N30  ; 32      ; Clock enable ; no     ; --                   ; --               ; --                        ;
; data_ram:DRAM|Decoder0~800  ; LCCOMB_X96_Y25_N0   ; 32      ; Clock enable ; no     ; --                   ; --               ; --                        ;
; data_ram:DRAM|Decoder0~801  ; LCCOMB_X83_Y31_N12  ; 32      ; Clock enable ; no     ; --                   ; --               ; --                        ;
; data_ram:DRAM|Decoder0~802  ; LCCOMB_X80_Y35_N2   ; 32      ; Clock enable ; no     ; --                   ; --               ; --                        ;
; data_ram:DRAM|Decoder0~803  ; LCCOMB_X103_Y31_N0  ; 32      ; Clock enable ; no     ; --                   ; --               ; --                        ;
; data_ram:DRAM|Decoder0~804  ; LCCOMB_X106_Y32_N14 ; 32      ; Clock enable ; no     ; --                   ; --               ; --                        ;
; data_ram:DRAM|Decoder0~805  ; LCCOMB_X82_Y27_N16  ; 32      ; Clock enable ; no     ; --                   ; --               ; --                        ;
; data_ram:DRAM|Decoder0~806  ; LCCOMB_X80_Y28_N16  ; 32      ; Clock enable ; no     ; --                   ; --               ; --                        ;
; data_ram:DRAM|Decoder0~807  ; LCCOMB_X83_Y31_N26  ; 32      ; Clock enable ; no     ; --                   ; --               ; --                        ;
; data_ram:DRAM|Decoder0~808  ; LCCOMB_X81_Y29_N16  ; 32      ; Clock enable ; no     ; --                   ; --               ; --                        ;
; data_ram:DRAM|Decoder0~809  ; LCCOMB_X83_Y27_N14  ; 32      ; Clock enable ; no     ; --                   ; --               ; --                        ;
; data_ram:DRAM|Decoder0~81   ; LCCOMB_X63_Y19_N0   ; 32      ; Clock enable ; no     ; --                   ; --               ; --                        ;
; data_ram:DRAM|Decoder0~810  ; LCCOMB_X80_Y35_N0   ; 32      ; Clock enable ; no     ; --                   ; --               ; --                        ;
; data_ram:DRAM|Decoder0~811  ; LCCOMB_X83_Y31_N0   ; 32      ; Clock enable ; no     ; --                   ; --               ; --                        ;
; data_ram:DRAM|Decoder0~812  ; LCCOMB_X80_Y35_N18  ; 32      ; Clock enable ; no     ; --                   ; --               ; --                        ;
; data_ram:DRAM|Decoder0~813  ; LCCOMB_X83_Y31_N6   ; 32      ; Clock enable ; no     ; --                   ; --               ; --                        ;
; data_ram:DRAM|Decoder0~814  ; LCCOMB_X79_Y31_N24  ; 32      ; Clock enable ; no     ; --                   ; --               ; --                        ;
; data_ram:DRAM|Decoder0~815  ; LCCOMB_X82_Y28_N6   ; 32      ; Clock enable ; no     ; --                   ; --               ; --                        ;
; data_ram:DRAM|Decoder0~816  ; LCCOMB_X103_Y32_N24 ; 32      ; Clock enable ; no     ; --                   ; --               ; --                        ;
; data_ram:DRAM|Decoder0~817  ; LCCOMB_X89_Y23_N20  ; 32      ; Clock enable ; no     ; --                   ; --               ; --                        ;
; data_ram:DRAM|Decoder0~818  ; LCCOMB_X101_Y29_N14 ; 32      ; Clock enable ; no     ; --                   ; --               ; --                        ;
; data_ram:DRAM|Decoder0~819  ; LCCOMB_X91_Y24_N2   ; 32      ; Clock enable ; no     ; --                   ; --               ; --                        ;
; data_ram:DRAM|Decoder0~82   ; LCCOMB_X65_Y19_N10  ; 32      ; Clock enable ; no     ; --                   ; --               ; --                        ;
; data_ram:DRAM|Decoder0~820  ; LCCOMB_X92_Y30_N30  ; 32      ; Clock enable ; no     ; --                   ; --               ; --                        ;
; data_ram:DRAM|Decoder0~821  ; LCCOMB_X97_Y24_N18  ; 32      ; Clock enable ; no     ; --                   ; --               ; --                        ;
; data_ram:DRAM|Decoder0~822  ; LCCOMB_X85_Y22_N2   ; 32      ; Clock enable ; no     ; --                   ; --               ; --                        ;
; data_ram:DRAM|Decoder0~823  ; LCCOMB_X86_Y22_N30  ; 32      ; Clock enable ; no     ; --                   ; --               ; --                        ;
; data_ram:DRAM|Decoder0~824  ; LCCOMB_X85_Y23_N24  ; 32      ; Clock enable ; no     ; --                   ; --               ; --                        ;
; data_ram:DRAM|Decoder0~825  ; LCCOMB_X96_Y31_N2   ; 32      ; Clock enable ; no     ; --                   ; --               ; --                        ;
; data_ram:DRAM|Decoder0~826  ; LCCOMB_X84_Y23_N6   ; 32      ; Clock enable ; no     ; --                   ; --               ; --                        ;
; data_ram:DRAM|Decoder0~827  ; LCCOMB_X85_Y24_N24  ; 32      ; Clock enable ; no     ; --                   ; --               ; --                        ;
; data_ram:DRAM|Decoder0~828  ; LCCOMB_X88_Y23_N12  ; 32      ; Clock enable ; no     ; --                   ; --               ; --                        ;
; data_ram:DRAM|Decoder0~829  ; LCCOMB_X85_Y25_N0   ; 32      ; Clock enable ; no     ; --                   ; --               ; --                        ;
; data_ram:DRAM|Decoder0~83   ; LCCOMB_X68_Y24_N30  ; 32      ; Clock enable ; no     ; --                   ; --               ; --                        ;
; data_ram:DRAM|Decoder0~830  ; LCCOMB_X99_Y31_N0   ; 32      ; Clock enable ; no     ; --                   ; --               ; --                        ;
; data_ram:DRAM|Decoder0~831  ; LCCOMB_X87_Y24_N0   ; 32      ; Clock enable ; no     ; --                   ; --               ; --                        ;
; data_ram:DRAM|Decoder0~832  ; LCCOMB_X91_Y30_N0   ; 32      ; Clock enable ; no     ; --                   ; --               ; --                        ;
; data_ram:DRAM|Decoder0~834  ; LCCOMB_X52_Y35_N2   ; 32      ; Clock enable ; no     ; --                   ; --               ; --                        ;
; data_ram:DRAM|Decoder0~835  ; LCCOMB_X62_Y42_N14  ; 32      ; Clock enable ; no     ; --                   ; --               ; --                        ;
; data_ram:DRAM|Decoder0~836  ; LCCOMB_X80_Y39_N30  ; 32      ; Clock enable ; no     ; --                   ; --               ; --                        ;
; data_ram:DRAM|Decoder0~837  ; LCCOMB_X58_Y37_N30  ; 32      ; Clock enable ; no     ; --                   ; --               ; --                        ;
; data_ram:DRAM|Decoder0~839  ; LCCOMB_X72_Y41_N30  ; 32      ; Clock enable ; no     ; --                   ; --               ; --                        ;
; data_ram:DRAM|Decoder0~84   ; LCCOMB_X59_Y22_N0   ; 32      ; Clock enable ; no     ; --                   ; --               ; --                        ;
; data_ram:DRAM|Decoder0~840  ; LCCOMB_X76_Y48_N10  ; 32      ; Clock enable ; no     ; --                   ; --               ; --                        ;
; data_ram:DRAM|Decoder0~841  ; LCCOMB_X76_Y41_N30  ; 32      ; Clock enable ; no     ; --                   ; --               ; --                        ;
; data_ram:DRAM|Decoder0~842  ; LCCOMB_X70_Y41_N10  ; 32      ; Clock enable ; no     ; --                   ; --               ; --                        ;
; data_ram:DRAM|Decoder0~843  ; LCCOMB_X57_Y35_N2   ; 32      ; Clock enable ; no     ; --                   ; --               ; --                        ;
; data_ram:DRAM|Decoder0~844  ; LCCOMB_X54_Y36_N26  ; 32      ; Clock enable ; no     ; --                   ; --               ; --                        ;
; data_ram:DRAM|Decoder0~845  ; LCCOMB_X57_Y40_N6   ; 32      ; Clock enable ; no     ; --                   ; --               ; --                        ;
; data_ram:DRAM|Decoder0~846  ; LCCOMB_X55_Y38_N2   ; 32      ; Clock enable ; no     ; --                   ; --               ; --                        ;
; data_ram:DRAM|Decoder0~847  ; LCCOMB_X73_Y46_N30  ; 32      ; Clock enable ; no     ; --                   ; --               ; --                        ;
; data_ram:DRAM|Decoder0~848  ; LCCOMB_X79_Y48_N14  ; 32      ; Clock enable ; no     ; --                   ; --               ; --                        ;
; data_ram:DRAM|Decoder0~849  ; LCCOMB_X75_Y49_N18  ; 32      ; Clock enable ; no     ; --                   ; --               ; --                        ;
; data_ram:DRAM|Decoder0~85   ; LCCOMB_X75_Y21_N4   ; 32      ; Clock enable ; no     ; --                   ; --               ; --                        ;
; data_ram:DRAM|Decoder0~850  ; LCCOMB_X73_Y42_N6   ; 32      ; Clock enable ; no     ; --                   ; --               ; --                        ;
; data_ram:DRAM|Decoder0~852  ; LCCOMB_X80_Y38_N18  ; 32      ; Clock enable ; no     ; --                   ; --               ; --                        ;
; data_ram:DRAM|Decoder0~853  ; LCCOMB_X55_Y38_N12  ; 32      ; Clock enable ; no     ; --                   ; --               ; --                        ;
; data_ram:DRAM|Decoder0~854  ; LCCOMB_X55_Y38_N30  ; 32      ; Clock enable ; no     ; --                   ; --               ; --                        ;
; data_ram:DRAM|Decoder0~855  ; LCCOMB_X83_Y39_N26  ; 32      ; Clock enable ; no     ; --                   ; --               ; --                        ;
; data_ram:DRAM|Decoder0~857  ; LCCOMB_X79_Y39_N14  ; 32      ; Clock enable ; no     ; --                   ; --               ; --                        ;
; data_ram:DRAM|Decoder0~858  ; LCCOMB_X59_Y34_N30  ; 32      ; Clock enable ; no     ; --                   ; --               ; --                        ;
; data_ram:DRAM|Decoder0~859  ; LCCOMB_X52_Y35_N0   ; 32      ; Clock enable ; no     ; --                   ; --               ; --                        ;
; data_ram:DRAM|Decoder0~86   ; LCCOMB_X60_Y21_N0   ; 32      ; Clock enable ; no     ; --                   ; --               ; --                        ;
; data_ram:DRAM|Decoder0~860  ; LCCOMB_X75_Y36_N6   ; 32      ; Clock enable ; no     ; --                   ; --               ; --                        ;
; data_ram:DRAM|Decoder0~861  ; LCCOMB_X87_Y39_N14  ; 32      ; Clock enable ; no     ; --                   ; --               ; --                        ;
; data_ram:DRAM|Decoder0~862  ; LCCOMB_X87_Y40_N18  ; 32      ; Clock enable ; no     ; --                   ; --               ; --                        ;
; data_ram:DRAM|Decoder0~863  ; LCCOMB_X85_Y38_N18  ; 32      ; Clock enable ; no     ; --                   ; --               ; --                        ;
; data_ram:DRAM|Decoder0~864  ; LCCOMB_X83_Y37_N26  ; 32      ; Clock enable ; no     ; --                   ; --               ; --                        ;
; data_ram:DRAM|Decoder0~865  ; LCCOMB_X54_Y34_N4   ; 32      ; Clock enable ; no     ; --                   ; --               ; --                        ;
; data_ram:DRAM|Decoder0~866  ; LCCOMB_X77_Y39_N2   ; 32      ; Clock enable ; no     ; --                   ; --               ; --                        ;
; data_ram:DRAM|Decoder0~867  ; LCCOMB_X60_Y39_N6   ; 32      ; Clock enable ; no     ; --                   ; --               ; --                        ;
; data_ram:DRAM|Decoder0~868  ; LCCOMB_X60_Y36_N22  ; 32      ; Clock enable ; no     ; --                   ; --               ; --                        ;
; data_ram:DRAM|Decoder0~87   ; LCCOMB_X73_Y19_N22  ; 32      ; Clock enable ; no     ; --                   ; --               ; --                        ;
; data_ram:DRAM|Decoder0~870  ; LCCOMB_X54_Y39_N10  ; 32      ; Clock enable ; no     ; --                   ; --               ; --                        ;
; data_ram:DRAM|Decoder0~872  ; LCCOMB_X55_Y36_N24  ; 32      ; Clock enable ; no     ; --                   ; --               ; --                        ;
; data_ram:DRAM|Decoder0~873  ; LCCOMB_X82_Y42_N6   ; 32      ; Clock enable ; no     ; --                   ; --               ; --                        ;
; data_ram:DRAM|Decoder0~874  ; LCCOMB_X83_Y48_N30  ; 32      ; Clock enable ; no     ; --                   ; --               ; --                        ;
; data_ram:DRAM|Decoder0~875  ; LCCOMB_X58_Y40_N14  ; 32      ; Clock enable ; no     ; --                   ; --               ; --                        ;
; data_ram:DRAM|Decoder0~876  ; LCCOMB_X60_Y43_N14  ; 32      ; Clock enable ; no     ; --                   ; --               ; --                        ;
; data_ram:DRAM|Decoder0~877  ; LCCOMB_X58_Y39_N30  ; 32      ; Clock enable ; no     ; --                   ; --               ; --                        ;
; data_ram:DRAM|Decoder0~878  ; LCCOMB_X58_Y38_N0   ; 32      ; Clock enable ; no     ; --                   ; --               ; --                        ;
; data_ram:DRAM|Decoder0~879  ; LCCOMB_X54_Y36_N4   ; 32      ; Clock enable ; no     ; --                   ; --               ; --                        ;
; data_ram:DRAM|Decoder0~880  ; LCCOMB_X55_Y36_N30  ; 32      ; Clock enable ; no     ; --                   ; --               ; --                        ;
; data_ram:DRAM|Decoder0~881  ; LCCOMB_X54_Y39_N0   ; 32      ; Clock enable ; no     ; --                   ; --               ; --                        ;
; data_ram:DRAM|Decoder0~882  ; LCCOMB_X87_Y42_N6   ; 32      ; Clock enable ; no     ; --                   ; --               ; --                        ;
; data_ram:DRAM|Decoder0~883  ; LCCOMB_X52_Y36_N30  ; 32      ; Clock enable ; no     ; --                   ; --               ; --                        ;
; data_ram:DRAM|Decoder0~884  ; LCCOMB_X80_Y46_N30  ; 32      ; Clock enable ; no     ; --                   ; --               ; --                        ;
; data_ram:DRAM|Decoder0~885  ; LCCOMB_X79_Y42_N30  ; 32      ; Clock enable ; no     ; --                   ; --               ; --                        ;
; data_ram:DRAM|Decoder0~886  ; LCCOMB_X72_Y42_N2   ; 32      ; Clock enable ; no     ; --                   ; --               ; --                        ;
; data_ram:DRAM|Decoder0~888  ; LCCOMB_X81_Y36_N18  ; 32      ; Clock enable ; no     ; --                   ; --               ; --                        ;
; data_ram:DRAM|Decoder0~889  ; LCCOMB_X54_Y35_N26  ; 32      ; Clock enable ; no     ; --                   ; --               ; --                        ;
; data_ram:DRAM|Decoder0~890  ; LCCOMB_X77_Y36_N28  ; 32      ; Clock enable ; no     ; --                   ; --               ; --                        ;
; data_ram:DRAM|Decoder0~891  ; LCCOMB_X80_Y36_N26  ; 32      ; Clock enable ; no     ; --                   ; --               ; --                        ;
; data_ram:DRAM|Decoder0~892  ; LCCOMB_X60_Y35_N2   ; 32      ; Clock enable ; no     ; --                   ; --               ; --                        ;
; data_ram:DRAM|Decoder0~893  ; LCCOMB_X63_Y34_N4   ; 32      ; Clock enable ; no     ; --                   ; --               ; --                        ;
; data_ram:DRAM|Decoder0~894  ; LCCOMB_X61_Y35_N6   ; 32      ; Clock enable ; no     ; --                   ; --               ; --                        ;
; data_ram:DRAM|Decoder0~895  ; LCCOMB_X58_Y34_N30  ; 32      ; Clock enable ; no     ; --                   ; --               ; --                        ;
; data_ram:DRAM|Decoder0~896  ; LCCOMB_X57_Y36_N0   ; 32      ; Clock enable ; no     ; --                   ; --               ; --                        ;
; data_ram:DRAM|Decoder0~897  ; LCCOMB_X63_Y36_N8   ; 32      ; Clock enable ; no     ; --                   ; --               ; --                        ;
; data_ram:DRAM|Decoder0~898  ; LCCOMB_X63_Y35_N6   ; 32      ; Clock enable ; no     ; --                   ; --               ; --                        ;
; data_ram:DRAM|Decoder0~899  ; LCCOMB_X62_Y36_N14  ; 32      ; Clock enable ; no     ; --                   ; --               ; --                        ;
; data_ram:DRAM|Decoder0~9    ; LCCOMB_X56_Y24_N26  ; 32      ; Clock enable ; no     ; --                   ; --               ; --                        ;
; data_ram:DRAM|Decoder0~90   ; LCCOMB_X50_Y16_N28  ; 32      ; Clock enable ; no     ; --                   ; --               ; --                        ;
; data_ram:DRAM|Decoder0~900  ; LCCOMB_X73_Y36_N6   ; 32      ; Clock enable ; no     ; --                   ; --               ; --                        ;
; data_ram:DRAM|Decoder0~901  ; LCCOMB_X75_Y34_N0   ; 32      ; Clock enable ; no     ; --                   ; --               ; --                        ;
; data_ram:DRAM|Decoder0~902  ; LCCOMB_X75_Y35_N24  ; 32      ; Clock enable ; no     ; --                   ; --               ; --                        ;
; data_ram:DRAM|Decoder0~903  ; LCCOMB_X74_Y36_N16  ; 32      ; Clock enable ; no     ; --                   ; --               ; --                        ;
; data_ram:DRAM|Decoder0~905  ; LCCOMB_X70_Y52_N30  ; 32      ; Clock enable ; no     ; --                   ; --               ; --                        ;
; data_ram:DRAM|Decoder0~907  ; LCCOMB_X59_Y59_N24  ; 32      ; Clock enable ; no     ; --                   ; --               ; --                        ;
; data_ram:DRAM|Decoder0~908  ; LCCOMB_X70_Y54_N14  ; 32      ; Clock enable ; no     ; --                   ; --               ; --                        ;
; data_ram:DRAM|Decoder0~910  ; LCCOMB_X54_Y35_N30  ; 32      ; Clock enable ; no     ; --                   ; --               ; --                        ;
; data_ram:DRAM|Decoder0~912  ; LCCOMB_X75_Y52_N2   ; 32      ; Clock enable ; no     ; --                   ; --               ; --                        ;
; data_ram:DRAM|Decoder0~914  ; LCCOMB_X73_Y59_N6   ; 32      ; Clock enable ; no     ; --                   ; --               ; --                        ;
; data_ram:DRAM|Decoder0~915  ; LCCOMB_X77_Y55_N10  ; 32      ; Clock enable ; no     ; --                   ; --               ; --                        ;
; data_ram:DRAM|Decoder0~916  ; LCCOMB_X69_Y60_N6   ; 32      ; Clock enable ; no     ; --                   ; --               ; --                        ;
; data_ram:DRAM|Decoder0~917  ; LCCOMB_X63_Y55_N6   ; 32      ; Clock enable ; no     ; --                   ; --               ; --                        ;
; data_ram:DRAM|Decoder0~918  ; LCCOMB_X56_Y59_N10  ; 32      ; Clock enable ; no     ; --                   ; --               ; --                        ;
; data_ram:DRAM|Decoder0~919  ; LCCOMB_X60_Y55_N30  ; 32      ; Clock enable ; no     ; --                   ; --               ; --                        ;
; data_ram:DRAM|Decoder0~920  ; LCCOMB_X53_Y38_N6   ; 32      ; Clock enable ; no     ; --                   ; --               ; --                        ;
; data_ram:DRAM|Decoder0~921  ; LCCOMB_X69_Y52_N18  ; 32      ; Clock enable ; no     ; --                   ; --               ; --                        ;
; data_ram:DRAM|Decoder0~923  ; LCCOMB_X70_Y59_N8   ; 32      ; Clock enable ; no     ; --                   ; --               ; --                        ;
; data_ram:DRAM|Decoder0~924  ; LCCOMB_X70_Y55_N2   ; 32      ; Clock enable ; no     ; --                   ; --               ; --                        ;
; data_ram:DRAM|Decoder0~926  ; LCCOMB_X69_Y57_N30  ; 32      ; Clock enable ; no     ; --                   ; --               ; --                        ;
; data_ram:DRAM|Decoder0~928  ; LCCOMB_X56_Y36_N0   ; 32      ; Clock enable ; no     ; --                   ; --               ; --                        ;
; data_ram:DRAM|Decoder0~93   ; LCCOMB_X53_Y14_N28  ; 32      ; Clock enable ; no     ; --                   ; --               ; --                        ;
; data_ram:DRAM|Decoder0~930  ; LCCOMB_X58_Y54_N28  ; 32      ; Clock enable ; no     ; --                   ; --               ; --                        ;
; data_ram:DRAM|Decoder0~931  ; LCCOMB_X57_Y58_N18  ; 32      ; Clock enable ; no     ; --                   ; --               ; --                        ;
; data_ram:DRAM|Decoder0~932  ; LCCOMB_X54_Y38_N4   ; 32      ; Clock enable ; no     ; --                   ; --               ; --                        ;
; data_ram:DRAM|Decoder0~934  ; LCCOMB_X63_Y47_N30  ; 32      ; Clock enable ; no     ; --                   ; --               ; --                        ;
; data_ram:DRAM|Decoder0~936  ; LCCOMB_X75_Y54_N18  ; 32      ; Clock enable ; no     ; --                   ; --               ; --                        ;
; data_ram:DRAM|Decoder0~937  ; LCCOMB_X76_Y54_N10  ; 32      ; Clock enable ; no     ; --                   ; --               ; --                        ;
; data_ram:DRAM|Decoder0~938  ; LCCOMB_X62_Y50_N2   ; 32      ; Clock enable ; no     ; --                   ; --               ; --                        ;
; data_ram:DRAM|Decoder0~939  ; LCCOMB_X63_Y52_N2   ; 32      ; Clock enable ; no     ; --                   ; --               ; --                        ;
; data_ram:DRAM|Decoder0~94   ; LCCOMB_X55_Y14_N2   ; 32      ; Clock enable ; no     ; --                   ; --               ; --                        ;
; data_ram:DRAM|Decoder0~940  ; LCCOMB_X61_Y54_N6   ; 32      ; Clock enable ; no     ; --                   ; --               ; --                        ;
; data_ram:DRAM|Decoder0~941  ; LCCOMB_X60_Y54_N6   ; 32      ; Clock enable ; no     ; --                   ; --               ; --                        ;
; data_ram:DRAM|Decoder0~942  ; LCCOMB_X61_Y52_N6   ; 32      ; Clock enable ; no     ; --                   ; --               ; --                        ;
; data_ram:DRAM|Decoder0~943  ; LCCOMB_X63_Y62_N30  ; 32      ; Clock enable ; no     ; --                   ; --               ; --                        ;
; data_ram:DRAM|Decoder0~944  ; LCCOMB_X75_Y58_N14  ; 32      ; Clock enable ; no     ; --                   ; --               ; --                        ;
; data_ram:DRAM|Decoder0~945  ; LCCOMB_X74_Y58_N14  ; 32      ; Clock enable ; no     ; --                   ; --               ; --                        ;
; data_ram:DRAM|Decoder0~946  ; LCCOMB_X54_Y38_N18  ; 32      ; Clock enable ; no     ; --                   ; --               ; --                        ;
; data_ram:DRAM|Decoder0~947  ; LCCOMB_X58_Y52_N26  ; 32      ; Clock enable ; no     ; --                   ; --               ; --                        ;
; data_ram:DRAM|Decoder0~949  ; LCCOMB_X57_Y59_N4   ; 32      ; Clock enable ; no     ; --                   ; --               ; --                        ;
; data_ram:DRAM|Decoder0~95   ; LCCOMB_X47_Y16_N24  ; 32      ; Clock enable ; no     ; --                   ; --               ; --                        ;
; data_ram:DRAM|Decoder0~950  ; LCCOMB_X61_Y55_N2   ; 32      ; Clock enable ; no     ; --                   ; --               ; --                        ;
; data_ram:DRAM|Decoder0~952  ; LCCOMB_X58_Y56_N28  ; 32      ; Clock enable ; no     ; --                   ; --               ; --                        ;
; data_ram:DRAM|Decoder0~953  ; LCCOMB_X63_Y50_N18  ; 32      ; Clock enable ; no     ; --                   ; --               ; --                        ;
; data_ram:DRAM|Decoder0~954  ; LCCOMB_X53_Y38_N4   ; 32      ; Clock enable ; no     ; --                   ; --               ; --                        ;
; data_ram:DRAM|Decoder0~955  ; LCCOMB_X73_Y55_N26  ; 32      ; Clock enable ; no     ; --                   ; --               ; --                        ;
; data_ram:DRAM|Decoder0~956  ; LCCOMB_X53_Y38_N2   ; 32      ; Clock enable ; no     ; --                   ; --               ; --                        ;
; data_ram:DRAM|Decoder0~957  ; LCCOMB_X58_Y36_N18  ; 32      ; Clock enable ; no     ; --                   ; --               ; --                        ;
; data_ram:DRAM|Decoder0~958  ; LCCOMB_X53_Y38_N16  ; 32      ; Clock enable ; no     ; --                   ; --               ; --                        ;
; data_ram:DRAM|Decoder0~959  ; LCCOMB_X57_Y55_N14  ; 32      ; Clock enable ; no     ; --                   ; --               ; --                        ;
; data_ram:DRAM|Decoder0~960  ; LCCOMB_X53_Y38_N14  ; 32      ; Clock enable ; no     ; --                   ; --               ; --                        ;
; data_ram:DRAM|Decoder0~961  ; LCCOMB_X61_Y50_N18  ; 32      ; Clock enable ; no     ; --                   ; --               ; --                        ;
; data_ram:DRAM|Decoder0~963  ; LCCOMB_X53_Y59_N30  ; 32      ; Clock enable ; no     ; --                   ; --               ; --                        ;
; data_ram:DRAM|Decoder0~964  ; LCCOMB_X74_Y55_N26  ; 32      ; Clock enable ; no     ; --                   ; --               ; --                        ;
; data_ram:DRAM|Decoder0~966  ; LCCOMB_X57_Y54_N30  ; 32      ; Clock enable ; no     ; --                   ; --               ; --                        ;
; data_ram:DRAM|Decoder0~967  ; LCCOMB_X54_Y38_N16  ; 32      ; Clock enable ; no     ; --                   ; --               ; --                        ;
; data_ram:DRAM|Decoder0~968  ; LCCOMB_X74_Y53_N30  ; 32      ; Clock enable ; no     ; --                   ; --               ; --                        ;
; data_ram:DRAM|Decoder0~969  ; LCCOMB_X77_Y54_N2   ; 32      ; Clock enable ; no     ; --                   ; --               ; --                        ;
; data_ram:DRAM|Decoder0~970  ; LCCOMB_X54_Y38_N26  ; 32      ; Clock enable ; no     ; --                   ; --               ; --                        ;
; data_ram:DRAM|Decoder0~971  ; LCCOMB_X74_Y52_N30  ; 32      ; Clock enable ; no     ; --                   ; --               ; --                        ;
; data_ram:DRAM|Decoder0~972  ; LCCOMB_X74_Y59_N14  ; 32      ; Clock enable ; no     ; --                   ; --               ; --                        ;
; data_ram:DRAM|Decoder0~973  ; LCCOMB_X76_Y55_N30  ; 32      ; Clock enable ; no     ; --                   ; --               ; --                        ;
; data_ram:DRAM|Decoder0~974  ; LCCOMB_X65_Y60_N10  ; 32      ; Clock enable ; no     ; --                   ; --               ; --                        ;
; data_ram:DRAM|Decoder0~975  ; LCCOMB_X79_Y59_N10  ; 32      ; Clock enable ; no     ; --                   ; --               ; --                        ;
; data_ram:DRAM|Decoder0~976  ; LCCOMB_X67_Y55_N14  ; 32      ; Clock enable ; no     ; --                   ; --               ; --                        ;
; data_ram:DRAM|Decoder0~977  ; LCCOMB_X79_Y55_N10  ; 32      ; Clock enable ; no     ; --                   ; --               ; --                        ;
; data_ram:DRAM|Decoder0~978  ; LCCOMB_X63_Y60_N26  ; 32      ; Clock enable ; no     ; --                   ; --               ; --                        ;
; data_ram:DRAM|Decoder0~979  ; LCCOMB_X73_Y57_N10  ; 32      ; Clock enable ; no     ; --                   ; --               ; --                        ;
; data_ram:DRAM|Decoder0~98   ; LCCOMB_X54_Y8_N8    ; 32      ; Clock enable ; no     ; --                   ; --               ; --                        ;
; data_ram:DRAM|Decoder0~980  ; LCCOMB_X52_Y36_N16  ; 32      ; Clock enable ; no     ; --                   ; --               ; --                        ;
; data_ram:DRAM|Decoder0~981  ; LCCOMB_X73_Y54_N26  ; 32      ; Clock enable ; no     ; --                   ; --               ; --                        ;
; data_ram:DRAM|Decoder0~982  ; LCCOMB_X70_Y60_N4   ; 32      ; Clock enable ; no     ; --                   ; --               ; --                        ;
; data_ram:DRAM|Decoder0~983  ; LCCOMB_X59_Y46_N30  ; 32      ; Clock enable ; no     ; --                   ; --               ; --                        ;
; data_ram:DRAM|Decoder0~984  ; LCCOMB_X55_Y35_N24  ; 32      ; Clock enable ; no     ; --                   ; --               ; --                        ;
; data_ram:DRAM|Decoder0~985  ; LCCOMB_X60_Y51_N26  ; 32      ; Clock enable ; no     ; --                   ; --               ; --                        ;
; data_ram:DRAM|Decoder0~986  ; LCCOMB_X63_Y49_N14  ; 32      ; Clock enable ; no     ; --                   ; --               ; --                        ;
; data_ram:DRAM|Decoder0~987  ; LCCOMB_X60_Y47_N2   ; 32      ; Clock enable ; no     ; --                   ; --               ; --                        ;
; data_ram:DRAM|Decoder0~988  ; LCCOMB_X52_Y35_N10  ; 32      ; Clock enable ; no     ; --                   ; --               ; --                        ;
; data_ram:DRAM|Decoder0~989  ; LCCOMB_X61_Y49_N26  ; 32      ; Clock enable ; no     ; --                   ; --               ; --                        ;
; data_ram:DRAM|Decoder0~990  ; LCCOMB_X61_Y48_N18  ; 32      ; Clock enable ; no     ; --                   ; --               ; --                        ;
; data_ram:DRAM|Decoder0~991  ; LCCOMB_X57_Y49_N2   ; 32      ; Clock enable ; no     ; --                   ; --               ; --                        ;
; data_ram:DRAM|Decoder0~992  ; LCCOMB_X57_Y51_N30  ; 32      ; Clock enable ; no     ; --                   ; --               ; --                        ;
; data_ram:DRAM|Decoder0~993  ; LCCOMB_X60_Y49_N6   ; 32      ; Clock enable ; no     ; --                   ; --               ; --                        ;
; data_ram:DRAM|Decoder0~994  ; LCCOMB_X57_Y52_N2   ; 32      ; Clock enable ; no     ; --                   ; --               ; --                        ;
; data_ram:DRAM|Decoder0~995  ; LCCOMB_X60_Y50_N30  ; 32      ; Clock enable ; no     ; --                   ; --               ; --                        ;
; data_ram:DRAM|Decoder0~996  ; LCCOMB_X70_Y49_N14  ; 32      ; Clock enable ; no     ; --                   ; --               ; --                        ;
; data_ram:DRAM|Decoder0~997  ; LCCOMB_X68_Y49_N2   ; 32      ; Clock enable ; no     ; --                   ; --               ; --                        ;
; data_ram:DRAM|Decoder0~998  ; LCCOMB_X69_Y50_N30  ; 32      ; Clock enable ; no     ; --                   ; --               ; --                        ;
; data_ram:DRAM|Decoder0~999  ; LCCOMB_X60_Y64_N10  ; 32      ; Clock enable ; no     ; --                   ; --               ; --                        ;
; pc[0]~11                    ; LCCOMB_X27_Y30_N10  ; 32      ; Clock enable ; no     ; --                   ; --               ; --                        ;
; regfile64:RF|rf[10][22]~23  ; LCCOMB_X41_Y23_N28  ; 32      ; Clock enable ; no     ; --                   ; --               ; --                        ;
; regfile64:RF|rf[11][22]~110 ; LCCOMB_X34_Y23_N16  ; 32      ; Clock enable ; no     ; --                   ; --               ; --                        ;
; regfile64:RF|rf[12][10]~45  ; LCCOMB_X41_Y23_N0   ; 32      ; Clock enable ; no     ; --                   ; --               ; --                        ;
; regfile64:RF|rf[13][0]~115  ; LCCOMB_X34_Y23_N28  ; 32      ; Clock enable ; no     ; --                   ; --               ; --                        ;
; regfile64:RF|rf[14][23]~44  ; LCCOMB_X41_Y23_N26  ; 32      ; Clock enable ; no     ; --                   ; --               ; --                        ;
; regfile64:RF|rf[15][27]~116 ; LCCOMB_X34_Y23_N6   ; 32      ; Clock enable ; no     ; --                   ; --               ; --                        ;
; regfile64:RF|rf[16][17]~32  ; LCCOMB_X31_Y22_N16  ; 32      ; Clock enable ; no     ; --                   ; --               ; --                        ;
; regfile64:RF|rf[17][13]~27  ; LCCOMB_X34_Y23_N22  ; 32      ; Clock enable ; no     ; --                   ; --               ; --                        ;
; regfile64:RF|rf[18][16]~112 ; LCCOMB_X32_Y22_N10  ; 32      ; Clock enable ; no     ; --                   ; --               ; --                        ;
; regfile64:RF|rf[19][15]~36  ; LCCOMB_X34_Y23_N12  ; 32      ; Clock enable ; no     ; --                   ; --               ; --                        ;
; regfile64:RF|rf[1][26]~114  ; LCCOMB_X34_Y23_N26  ; 32      ; Clock enable ; no     ; --                   ; --               ; --                        ;
; regfile64:RF|rf[20][22]~113 ; LCCOMB_X32_Y22_N12  ; 32      ; Clock enable ; no     ; --                   ; --               ; --                        ;
; regfile64:RF|rf[21][19]~25  ; LCCOMB_X31_Y22_N20  ; 32      ; Clock enable ; no     ; --                   ; --               ; --                        ;
; regfile64:RF|rf[22][20]~111 ; LCCOMB_X32_Y22_N20  ; 32      ; Clock enable ; no     ; --                   ; --               ; --                        ;
; regfile64:RF|rf[23][24]~35  ; LCCOMB_X32_Y22_N28  ; 32      ; Clock enable ; no     ; --                   ; --               ; --                        ;
; regfile64:RF|rf[24][3]~31   ; LCCOMB_X41_Y23_N6   ; 32      ; Clock enable ; no     ; --                   ; --               ; --                        ;
; regfile64:RF|rf[25][28]~26  ; LCCOMB_X34_Y23_N20  ; 32      ; Clock enable ; no     ; --                   ; --               ; --                        ;
; regfile64:RF|rf[26][8]~29   ; LCCOMB_X41_Y23_N22  ; 32      ; Clock enable ; no     ; --                   ; --               ; --                        ;
; regfile64:RF|rf[27][13]~34  ; LCCOMB_X34_Y23_N18  ; 32      ; Clock enable ; no     ; --                   ; --               ; --                        ;
; regfile64:RF|rf[28][24]~33  ; LCCOMB_X41_Y23_N20  ; 32      ; Clock enable ; no     ; --                   ; --               ; --                        ;
; regfile64:RF|rf[29][24]~28  ; LCCOMB_X34_Y23_N4   ; 32      ; Clock enable ; no     ; --                   ; --               ; --                        ;
; regfile64:RF|rf[2][29]~38   ; LCCOMB_X32_Y22_N18  ; 32      ; Clock enable ; no     ; --                   ; --               ; --                        ;
; regfile64:RF|rf[30][8]~30   ; LCCOMB_X41_Y23_N24  ; 32      ; Clock enable ; no     ; --                   ; --               ; --                        ;
; regfile64:RF|rf[31][0]~37   ; LCCOMB_X34_Y23_N30  ; 32      ; Clock enable ; no     ; --                   ; --               ; --                        ;
; regfile64:RF|rf[3][4]~39    ; LCCOMB_X34_Y23_N8   ; 32      ; Clock enable ; no     ; --                   ; --               ; --                        ;
; regfile64:RF|rf[4][15]~42   ; LCCOMB_X32_Y22_N16  ; 32      ; Clock enable ; no     ; --                   ; --               ; --                        ;
; regfile64:RF|rf[5][12]~40   ; LCCOMB_X32_Y22_N8   ; 32      ; Clock enable ; no     ; --                   ; --               ; --                        ;
; regfile64:RF|rf[6][6]~41    ; LCCOMB_X32_Y22_N30  ; 32      ; Clock enable ; no     ; --                   ; --               ; --                        ;
; regfile64:RF|rf[7][2]~43    ; LCCOMB_X32_Y22_N6   ; 32      ; Clock enable ; no     ; --                   ; --               ; --                        ;
; regfile64:RF|rf[8][6]~24    ; LCCOMB_X41_Y23_N4   ; 32      ; Clock enable ; no     ; --                   ; --               ; --                        ;
; regfile64:RF|rf[9][22]~109  ; LCCOMB_X34_Y23_N14  ; 32      ; Clock enable ; no     ; --                   ; --               ; --                        ;
+-----------------------------+---------------------+---------+--------------+--------+----------------------+------------------+---------------------------+


+--------------------------------------------------------------------------------------------------------------------------------------------+
; Global & Other Fast Signals                                                                                                                ;
+----------+----------+---------+--------------------------------------+----------------------+------------------+---------------------------+
; Name     ; Location ; Fan-Out ; Fan-Out Using Intentional Clock Skew ; Global Resource Used ; Global Line Name ; Enable Signal Source Name ;
+----------+----------+---------+--------------------------------------+----------------------+------------------+---------------------------+
; CLOCK_50 ; PIN_Y2   ; 33796   ; 18314                                ; Global Clock         ; GCLK4            ; --                        ;
+----------+----------+---------+--------------------------------------+----------------------+------------------+---------------------------+


+------------------------------------+
; Non-Global High Fan-Out Signals    ;
+--------------------------+---------+
; Name                     ; Fan-Out ;
+--------------------------+---------+
; alu:ALU|Mux24~21         ; 4648    ;
; alu:ALU|Mux26~9          ; 4646    ;
; alu:ALU|Mux25~8          ; 4646    ;
; alu:ALU|Mux28~23         ; 4644    ;
; alu:ALU|Mux27~12         ; 4640    ;
; alu:ALU|Mux29~9          ; 4635    ;
; alu:ALU|Mux23~7          ; 4634    ;
; regfile64:RF|rd2[31]~645 ; 1024    ;
; regfile64:RF|rd2[0]~646  ; 1024    ;
; regfile64:RF|rd2[28]~647 ; 1024    ;
; regfile64:RF|rd2[29]~648 ; 1024    ;
; regfile64:RF|rd2[30]~649 ; 1024    ;
; regfile64:RF|rd2[25]~650 ; 1024    ;
; regfile64:RF|rd2[26]~651 ; 1024    ;
; regfile64:RF|rd2[27]~652 ; 1024    ;
; regfile64:RF|rd2[22]~653 ; 1024    ;
; regfile64:RF|rd2[23]~654 ; 1024    ;
; regfile64:RF|rd2[24]~655 ; 1024    ;
; regfile64:RF|rd2[19]~656 ; 1024    ;
; regfile64:RF|rd2[20]~657 ; 1024    ;
; regfile64:RF|rd2[21]~658 ; 1024    ;
; regfile64:RF|rd2[16]~659 ; 1024    ;
; regfile64:RF|rd2[17]~660 ; 1024    ;
; regfile64:RF|rd2[18]~661 ; 1024    ;
; regfile64:RF|rd2[13]~662 ; 1024    ;
; regfile64:RF|rd2[14]~663 ; 1024    ;
; regfile64:RF|rd2[15]~664 ; 1024    ;
; regfile64:RF|rd2[10]~665 ; 1024    ;
; regfile64:RF|rd2[11]~666 ; 1024    ;
; regfile64:RF|rd2[12]~667 ; 1024    ;
; regfile64:RF|rd2[7]~668  ; 1024    ;
; regfile64:RF|rd2[8]~669  ; 1024    ;
; regfile64:RF|rd2[9]~670  ; 1024    ;
; regfile64:RF|rd2[4]~671  ; 1024    ;
; regfile64:RF|rd2[5]~672  ; 1024    ;
; regfile64:RF|rd2[6]~673  ; 1024    ;
; regfile64:RF|rd2[1]~674  ; 1024    ;
; regfile64:RF|rd2[2]~675  ; 1024    ;
; regfile64:RF|rd2[3]~676  ; 1024    ;
+--------------------------+---------+


+--------------------------------------------------------------------------------------------------------------------------------------------------------------------------------------------------------------------------------------------------------------------------------------------------------------------------------------------------------------------------------------------------------------------------------------------------------------------------------------------------------------------------------------------------------------------------------------------------------------------------------------------------------------------------------------------------------------+
; Fitter RAM Summary                                                                                                                                                                                                                                                                                                                                                                                                                                                                                                                                                                                                                                                                                           ;
+------------------------------------------------------------------------------------+------+------+--------------+--------------+--------------+--------------+--------------+------------------------+-------------------------+------------------------+-------------------------+-------+-----------------------------+-----------------------------+-----------------------------+-----------------------------+---------------------+------+---------------------------------------------------------------+----------------------------------------------------------------+----------------------+------------------------+------------------------+----------+------------------------+---------------+
; Name                                                                               ; Type ; Mode ; Clock Mode   ; Port A Depth ; Port A Width ; Port B Depth ; Port B Width ; Port A Input Registers ; Port A Output Registers ; Port B Input Registers ; Port B Output Registers ; Size  ; Implementation Port A Depth ; Implementation Port A Width ; Implementation Port B Depth ; Implementation Port B Width ; Implementation Bits ; M9Ks ; MIF                                                           ; Location                                                       ; Mixed Width RDW Mode ; Port A RDW Mode        ; Port B RDW Mode        ; ECC Mode ; ECC Pipeline Registers ; Fits in MLABs ;
+------------------------------------------------------------------------------------+------+------+--------------+--------------+--------------+--------------+--------------+------------------------+-------------------------+------------------------+-------------------------+-------+-----------------------------+-----------------------------+-----------------------------+-----------------------------+---------------------+------+---------------------------------------------------------------+----------------------------------------------------------------+----------------------+------------------------+------------------------+----------+------------------------+---------------+
; single_port_rom:ROM|altsyncram:rom_rtl_0|altsyncram_ec91:auto_generated|ALTSYNCRAM ; AUTO ; ROM  ; Single Clock ; 1024         ; 32           ; --           ; --           ; yes                    ; no                      ; --                     ; --                      ; 32768 ; 1024                        ; 32                          ; --                          ; --                          ; 32768               ; 4    ; db/Processador_GUI_MIPS.ram0_single_port_rom_8cb1eed8.hdl.mif ; M9K_X37_Y30_N0, M9K_X37_Y31_N0, M9K_X37_Y28_N0, M9K_X37_Y32_N0 ; Don't care           ; New data with NBE Read ; New data with NBE Read ; Off      ; No                     ; No - Unknown  ;
+------------------------------------------------------------------------------------+------+------+--------------+--------------+--------------+--------------+--------------+------------------------+-------------------------+------------------------+-------------------------+-------+-----------------------------+-----------------------------+-----------------------------+-----------------------------+---------------------+------+---------------------------------------------------------------+----------------------------------------------------------------+----------------------+------------------------+------------------------+----------+------------------------+---------------+
Note: Fitter may spread logical memories into multiple blocks to improve timing. The actual required RAM blocks can be found in the Fitter Resource Usage section.


RAM content values are presented in the following format: (Binary) (Octal) (Decimal) (Hexadecimal) 
+------------------------------------------------------------------------------------------------------------------------------------------------------------------------------------------------------------------------------------------------------------------+
; |Processador_GUI_MIPS|single_port_rom:ROM|altsyncram:rom_rtl_0|altsyncram_ec91:auto_generated|ALTSYNCRAM                                                                                                                                                         ;
+------------------------------------------------------------------------------------------------------------------------------------------------------------------------------------------------------------------------------------------------------------------+
;   Addr   ;              +0              ;              +1              ;              +2              ;              +3              ;              +4              ;              +5              ;              +6              ;              +7              ;
+----------+------------------------------+------------------------------+------------------------------+------------------------------+------------------------------+------------------------------+------------------------------+------------------------------+
;0;(00111101000111001111111111111110) (-1082756816) (1025310718) (3D1CFFFE)    ;(00000101001000000000000000000000) (510000000) (85983232) (5200000)   ;(01011100000000000000000000000000) (1252516352) (1543503872) (5C000000)   ;(01010001010000000000000000000100) (-27483644) (1363148804) (51400004)   ;(00111101011111001111111111111010) (-1052756820) (1031602170) (3D7CFFFA)   ;(00000000000010110000000000000000) (2600000) (720896) (B0000)   ;(01001011111000000000000000000000) (-777483648) (1272971264) (4BE00000)   ;(01000100000000000000000000011001) (-1747483617) (1140850713) (44000019)   ;
;8;(00111101100111001111111111110110) (-1042756826) (1033699318) (3D9CFFF6)    ;(00000111101111011111111111111100) (757377774) (129892348) (7BDFFFC)   ;(01000001100111010000000000000000) (-2000283648) (1100808192) (419D0000)   ;(00111101101111001111111111110011) (-1032756829) (1035796467) (3DBCFFF3)   ;(00111101110111001111111111110010) (-1022756830) (1037893618) (3DDCFFF2)   ;(00111101111111001111111111110001) (-1012756831) (1039990769) (3DFCFFF1)   ;(00011010000011100111100000000000) (-1091493296) (437155840) (1A0E7800)   ;(00111110001111001111111111101111) (-972756835) (1044185071) (3E3CFFEF)   ;
;16;(00010001000100001000100000000000) (2104104000) (286296064) (11108800)    ;(00001001001011010100000000000000) (1113240000) (153960448) (92D4000)   ;(00000111101111011111111111111100) (757377774) (129892348) (7BDFFFC)   ;(01000001001111010000000000000000) (-2030283648) (1094516736) (413D0000)   ;(01001100000000000000000000000010) (-747483646) (1275068418) (4C000002)   ;(00000111101111010000000000001000) (757200010) (129826824) (7BD0008)   ;(00000001010000000000000000000000) (120000000) (20971520) (1400000)   ;(00000000000010100000000000000000) (2400000) (655360) (A0000)   ;
;24;(01001011111000000000000000000000) (-777483648) (1272971264) (4BE00000)    ;(00111101011111001111111111100101) (-1052756847) (1031602149) (3D7CFFE5)   ;(00000111101111011111111111111100) (757377774) (129892348) (7BDFFFC)   ;(01000001011111010000000000000000) (-2010283648) (1098711040) (417D0000)   ;(01001100000000000000000000000001) (-747483647) (1275068417) (4C000001)   ;(00000111101111010000000000000100) (757200004) (129826820) (7BD0004)   ;(00111101100111001111111111100000) (-1042756852) (1033699296) (3D9CFFE0)   ;(00000111101111011111111111111100) (757377774) (129892348) (7BDFFFC)   ;
;32;(01000001100111010000000000000000) (-2000283648) (1100808192) (419D0000)    ;(01001100000000000000000000000001) (-747483647) (1275068417) (4C000001)   ;(00000111101111010000000000000100) (757200004) (129826820) (7BD0004)   ;(01101000000000000000000000000000) (-1442450944) (1744830464) (68000000)   ;(01000001101111001111111111011010) (-1990305916) (1102905306) (41BCFFDA)   ;(01101000000000000000000000000000) (-1442450944) (1744830464) (68000000)   ;(01000001110111001111111111011000) (-1980305918) (1105002456) (41DCFFD8)   ;(00111101111111001111111111010111) (-1012756865) (1039990743) (3DFCFFD7)   ;
;40;(00000111101111011111111111111100) (757377774) (129892348) (7BDFFFC)    ;(01000001111111010000000000000000) (-1970283648) (1107099648) (41FD0000)   ;(00111110000111001111111111010100) (-982756868) (1042087892) (3E1CFFD4)   ;(00000111101111011111111111111100) (757377774) (129892348) (7BDFFFC)   ;(01000010000111010000000000000000) (-1940283648) (1109196800) (421D0000)   ;(01001100000000000000000000000010) (-747483646) (1275068418) (4C000002)   ;(00000111101111010000000000001000) (757200010) (129826824) (7BD0008)   ;(00000010001000000000000000000000) (210000000) (35651584) (2200000)   ;
;48;(00000111101111011111111111111100) (757377774) (129892348) (7BDFFFC)    ;(01000010001111010000000000000000) (-1930283648) (1111293952) (423D0000)   ;(01101100000000000000000000000000) (-1042450944) (1811939328) (6C000000)   ;(00111101000111001111111111001011) (-1082756879) (1025310667) (3D1CFFCB)   ;(00000111101111011111111111111100) (757377774) (129892348) (7BDFFFC)   ;(01000001000111010000000000000000) (-2040283648) (1092419584) (411D0000)   ;(01001100000000000000000000000001) (-747483647) (1275068417) (4C000001)   ;(00000111101111010000000000001000) (757200010) (129826824) (7BD0008)   ;
;56;(00111101001111001111111111000110) (-1072756886) (1027407814) (3D3CFFC6)    ;(00000111101111011111111111111100) (757377774) (129892348) (7BDFFFC)   ;(01000001001111010000000000000000) (-2030283648) (1094516736) (413D0000)   ;(01001100000000000000000000000001) (-747483647) (1275068417) (4C000001)   ;(00000111101111010000000000000100) (757200004) (129826820) (7BD0004)   ;(01101000000000000000000000000000) (-1442450944) (1744830464) (68000000)   ;(01000001010111001111111111000000) (-2020305948) (1096613824) (415CFFC0)   ;(01101000000000000000000000000000) (-1442450944) (1744830464) (68000000)   ;
;64;(01000001011111001111111110111110) (-2010305972) (1098710974) (417CFFBE)    ;(00111101100111001111111110111101) (-1042756917) (1033699261) (3D9CFFBD)   ;(00000111101111011111111111111100) (757377774) (129892348) (7BDFFFC)   ;(01000001100111010000000000000000) (-2000283648) (1100808192) (419D0000)   ;(00111101101111001111111110111010) (-1032756920) (1035796410) (3DBCFFBA)   ;(00000111101111011111111111111100) (757377774) (129892348) (7BDFFFC)   ;(01000001101111010000000000000000) (-1990283648) (1102905344) (41BD0000)   ;(01001100000000000000000000000010) (-747483646) (1275068418) (4C000002)   ;
;72;(00000111101111010000000000001000) (757200010) (129826824) (7BD0008)    ;(00000001110000000000000000000000) (160000000) (29360128) (1C00000)   ;(00000111101111011111111111111100) (757377774) (129892348) (7BDFFFC)   ;(01000001110111010000000000000000) (-1980283648) (1105002496) (41DD0000)   ;(01101100000000000000000000000000) (-1042450944) (1811939328) (6C000000)   ;(01100000000000000000000000000000) (1852516352) (1610612736) (60000000)   ;(00000000000000000000000000000000) (0) (0) (00)   ;(00000000000000000000000000000000) (0) (0) (00)   ;
;80;(00000000000000000000000000000000) (0) (0) (00)    ;(00000000000000000000000000000000) (0) (0) (00)   ;(00000000000000000000000000000000) (0) (0) (00)   ;(00000000000000000000000000000000) (0) (0) (00)   ;(00000000000000000000000000000000) (0) (0) (00)   ;(00000000000000000000000000000000) (0) (0) (00)   ;(00000000000000000000000000000000) (0) (0) (00)   ;(00000000000000000000000000000000) (0) (0) (00)   ;
;88;(00000000000000000000000000000000) (0) (0) (00)    ;(00000000000000000000000000000000) (0) (0) (00)   ;(00000000000000000000000000000000) (0) (0) (00)   ;(00000000000000000000000000000000) (0) (0) (00)   ;(00000000000000000000000000000000) (0) (0) (00)   ;(00000000000000000000000000000000) (0) (0) (00)   ;(00000000000000000000000000000000) (0) (0) (00)   ;(00000000000000000000000000000000) (0) (0) (00)   ;
;96;(00000000000000000000000000000000) (0) (0) (00)    ;(00000000000000000000000000000000) (0) (0) (00)   ;(00000000000000000000000000000000) (0) (0) (00)   ;(00000000000000000000000000000000) (0) (0) (00)   ;(00000000000000000000000000000000) (0) (0) (00)   ;(00000000000000000000000000000000) (0) (0) (00)   ;(00000000000000000000000000000000) (0) (0) (00)   ;(00000000000000000000000000000000) (0) (0) (00)   ;
;104;(00000000000000000000000000000000) (0) (0) (00)    ;(00000000000000000000000000000000) (0) (0) (00)   ;(00000000000000000000000000000000) (0) (0) (00)   ;(00000000000000000000000000000000) (0) (0) (00)   ;(00000000000000000000000000000000) (0) (0) (00)   ;(00000000000000000000000000000000) (0) (0) (00)   ;(00000000000000000000000000000000) (0) (0) (00)   ;(00000000000000000000000000000000) (0) (0) (00)   ;
;112;(00000000000000000000000000000000) (0) (0) (00)    ;(00000000000000000000000000000000) (0) (0) (00)   ;(00000000000000000000000000000000) (0) (0) (00)   ;(00000000000000000000000000000000) (0) (0) (00)   ;(00000000000000000000000000000000) (0) (0) (00)   ;(00000000000000000000000000000000) (0) (0) (00)   ;(00000000000000000000000000000000) (0) (0) (00)   ;(00000000000000000000000000000000) (0) (0) (00)   ;
;120;(00000000000000000000000000000000) (0) (0) (00)    ;(00000000000000000000000000000000) (0) (0) (00)   ;(00000000000000000000000000000000) (0) (0) (00)   ;(00000000000000000000000000000000) (0) (0) (00)   ;(00000000000000000000000000000000) (0) (0) (00)   ;(00000000000000000000000000000000) (0) (0) (00)   ;(00000000000000000000000000000000) (0) (0) (00)   ;(00000000000000000000000000000000) (0) (0) (00)   ;
;128;(00000000000000000000000000000000) (0) (0) (00)    ;(00000000000000000000000000000000) (0) (0) (00)   ;(00000000000000000000000000000000) (0) (0) (00)   ;(00000000000000000000000000000000) (0) (0) (00)   ;(00000000000000000000000000000000) (0) (0) (00)   ;(00000000000000000000000000000000) (0) (0) (00)   ;(00000000000000000000000000000000) (0) (0) (00)   ;(00000000000000000000000000000000) (0) (0) (00)   ;
;136;(00000000000000000000000000000000) (0) (0) (00)    ;(00000000000000000000000000000000) (0) (0) (00)   ;(00000000000000000000000000000000) (0) (0) (00)   ;(00000000000000000000000000000000) (0) (0) (00)   ;(00000000000000000000000000000000) (0) (0) (00)   ;(00000000000000000000000000000000) (0) (0) (00)   ;(00000000000000000000000000000000) (0) (0) (00)   ;(00000000000000000000000000000000) (0) (0) (00)   ;
;144;(00000000000000000000000000000000) (0) (0) (00)    ;(00000000000000000000000000000000) (0) (0) (00)   ;(00000000000000000000000000000000) (0) (0) (00)   ;(00000000000000000000000000000000) (0) (0) (00)   ;(00000000000000000000000000000000) (0) (0) (00)   ;(00000000000000000000000000000000) (0) (0) (00)   ;(00000000000000000000000000000000) (0) (0) (00)   ;(00000000000000000000000000000000) (0) (0) (00)   ;
;152;(00000000000000000000000000000000) (0) (0) (00)    ;(00000000000000000000000000000000) (0) (0) (00)   ;(00000000000000000000000000000000) (0) (0) (00)   ;(00000000000000000000000000000000) (0) (0) (00)   ;(00000000000000000000000000000000) (0) (0) (00)   ;(00000000000000000000000000000000) (0) (0) (00)   ;(00000000000000000000000000000000) (0) (0) (00)   ;(00000000000000000000000000000000) (0) (0) (00)   ;
;160;(00000000000000000000000000000000) (0) (0) (00)    ;(00000000000000000000000000000000) (0) (0) (00)   ;(00000000000000000000000000000000) (0) (0) (00)   ;(00000000000000000000000000000000) (0) (0) (00)   ;(00000000000000000000000000000000) (0) (0) (00)   ;(00000000000000000000000000000000) (0) (0) (00)   ;(00000000000000000000000000000000) (0) (0) (00)   ;(00000000000000000000000000000000) (0) (0) (00)   ;
;168;(00000000000000000000000000000000) (0) (0) (00)    ;(00000000000000000000000000000000) (0) (0) (00)   ;(00000000000000000000000000000000) (0) (0) (00)   ;(00000000000000000000000000000000) (0) (0) (00)   ;(00000000000000000000000000000000) (0) (0) (00)   ;(00000000000000000000000000000000) (0) (0) (00)   ;(00000000000000000000000000000000) (0) (0) (00)   ;(00000000000000000000000000000000) (0) (0) (00)   ;
;176;(00000000000000000000000000000000) (0) (0) (00)    ;(00000000000000000000000000000000) (0) (0) (00)   ;(00000000000000000000000000000000) (0) (0) (00)   ;(00000000000000000000000000000000) (0) (0) (00)   ;(00000000000000000000000000000000) (0) (0) (00)   ;(00000000000000000000000000000000) (0) (0) (00)   ;(00000000000000000000000000000000) (0) (0) (00)   ;(00000000000000000000000000000000) (0) (0) (00)   ;
;184;(00000000000000000000000000000000) (0) (0) (00)    ;(00000000000000000000000000000000) (0) (0) (00)   ;(00000000000000000000000000000000) (0) (0) (00)   ;(00000000000000000000000000000000) (0) (0) (00)   ;(00000000000000000000000000000000) (0) (0) (00)   ;(00000000000000000000000000000000) (0) (0) (00)   ;(00000000000000000000000000000000) (0) (0) (00)   ;(00000000000000000000000000000000) (0) (0) (00)   ;
;192;(00000000000000000000000000000000) (0) (0) (00)    ;(00000000000000000000000000000000) (0) (0) (00)   ;(00000000000000000000000000000000) (0) (0) (00)   ;(00000000000000000000000000000000) (0) (0) (00)   ;(00000000000000000000000000000000) (0) (0) (00)   ;(00000000000000000000000000000000) (0) (0) (00)   ;(00000000000000000000000000000000) (0) (0) (00)   ;(00000000000000000000000000000000) (0) (0) (00)   ;
;200;(00000000000000000000000000000000) (0) (0) (00)    ;(00000000000000000000000000000000) (0) (0) (00)   ;(00000000000000000000000000000000) (0) (0) (00)   ;(00000000000000000000000000000000) (0) (0) (00)   ;(00000000000000000000000000000000) (0) (0) (00)   ;(00000000000000000000000000000000) (0) (0) (00)   ;(00000000000000000000000000000000) (0) (0) (00)   ;(00000000000000000000000000000000) (0) (0) (00)   ;
;208;(00000000000000000000000000000000) (0) (0) (00)    ;(00000000000000000000000000000000) (0) (0) (00)   ;(00000000000000000000000000000000) (0) (0) (00)   ;(00000000000000000000000000000000) (0) (0) (00)   ;(00000000000000000000000000000000) (0) (0) (00)   ;(00000000000000000000000000000000) (0) (0) (00)   ;(00000000000000000000000000000000) (0) (0) (00)   ;(00000000000000000000000000000000) (0) (0) (00)   ;
;216;(00000000000000000000000000000000) (0) (0) (00)    ;(00000000000000000000000000000000) (0) (0) (00)   ;(00000000000000000000000000000000) (0) (0) (00)   ;(00000000000000000000000000000000) (0) (0) (00)   ;(00000000000000000000000000000000) (0) (0) (00)   ;(00000000000000000000000000000000) (0) (0) (00)   ;(00000000000000000000000000000000) (0) (0) (00)   ;(00000000000000000000000000000000) (0) (0) (00)   ;
;224;(00000000000000000000000000000000) (0) (0) (00)    ;(00000000000000000000000000000000) (0) (0) (00)   ;(00000000000000000000000000000000) (0) (0) (00)   ;(00000000000000000000000000000000) (0) (0) (00)   ;(00000000000000000000000000000000) (0) (0) (00)   ;(00000000000000000000000000000000) (0) (0) (00)   ;(00000000000000000000000000000000) (0) (0) (00)   ;(00000000000000000000000000000000) (0) (0) (00)   ;
;232;(00000000000000000000000000000000) (0) (0) (00)    ;(00000000000000000000000000000000) (0) (0) (00)   ;(00000000000000000000000000000000) (0) (0) (00)   ;(00000000000000000000000000000000) (0) (0) (00)   ;(00000000000000000000000000000000) (0) (0) (00)   ;(00000000000000000000000000000000) (0) (0) (00)   ;(00000000000000000000000000000000) (0) (0) (00)   ;(00000000000000000000000000000000) (0) (0) (00)   ;
;240;(00000000000000000000000000000000) (0) (0) (00)    ;(00000000000000000000000000000000) (0) (0) (00)   ;(00000000000000000000000000000000) (0) (0) (00)   ;(00000000000000000000000000000000) (0) (0) (00)   ;(00000000000000000000000000000000) (0) (0) (00)   ;(00000000000000000000000000000000) (0) (0) (00)   ;(00000000000000000000000000000000) (0) (0) (00)   ;(00000000000000000000000000000000) (0) (0) (00)   ;
;248;(00000000000000000000000000000000) (0) (0) (00)    ;(00000000000000000000000000000000) (0) (0) (00)   ;(00000000000000000000000000000000) (0) (0) (00)   ;(00000000000000000000000000000000) (0) (0) (00)   ;(00000000000000000000000000000000) (0) (0) (00)   ;(00000000000000000000000000000000) (0) (0) (00)   ;(00000000000000000000000000000000) (0) (0) (00)   ;(00000000000000000000000000000000) (0) (0) (00)   ;
;256;(00000000000000000000000000000000) (0) (0) (00)    ;(00000000000000000000000000000000) (0) (0) (00)   ;(00000000000000000000000000000000) (0) (0) (00)   ;(00000000000000000000000000000000) (0) (0) (00)   ;(00000000000000000000000000000000) (0) (0) (00)   ;(00000000000000000000000000000000) (0) (0) (00)   ;(00000000000000000000000000000000) (0) (0) (00)   ;(00000000000000000000000000000000) (0) (0) (00)   ;
;264;(00000000000000000000000000000000) (0) (0) (00)    ;(00000000000000000000000000000000) (0) (0) (00)   ;(00000000000000000000000000000000) (0) (0) (00)   ;(00000000000000000000000000000000) (0) (0) (00)   ;(00000000000000000000000000000000) (0) (0) (00)   ;(00000000000000000000000000000000) (0) (0) (00)   ;(00000000000000000000000000000000) (0) (0) (00)   ;(00000000000000000000000000000000) (0) (0) (00)   ;
;272;(00000000000000000000000000000000) (0) (0) (00)    ;(00000000000000000000000000000000) (0) (0) (00)   ;(00000000000000000000000000000000) (0) (0) (00)   ;(00000000000000000000000000000000) (0) (0) (00)   ;(00000000000000000000000000000000) (0) (0) (00)   ;(00000000000000000000000000000000) (0) (0) (00)   ;(00000000000000000000000000000000) (0) (0) (00)   ;(00000000000000000000000000000000) (0) (0) (00)   ;
;280;(00000000000000000000000000000000) (0) (0) (00)    ;(00000000000000000000000000000000) (0) (0) (00)   ;(00000000000000000000000000000000) (0) (0) (00)   ;(00000000000000000000000000000000) (0) (0) (00)   ;(00000000000000000000000000000000) (0) (0) (00)   ;(00000000000000000000000000000000) (0) (0) (00)   ;(00000000000000000000000000000000) (0) (0) (00)   ;(00000000000000000000000000000000) (0) (0) (00)   ;
;288;(00000000000000000000000000000000) (0) (0) (00)    ;(00000000000000000000000000000000) (0) (0) (00)   ;(00000000000000000000000000000000) (0) (0) (00)   ;(00000000000000000000000000000000) (0) (0) (00)   ;(00000000000000000000000000000000) (0) (0) (00)   ;(00000000000000000000000000000000) (0) (0) (00)   ;(00000000000000000000000000000000) (0) (0) (00)   ;(00000000000000000000000000000000) (0) (0) (00)   ;
;296;(00000000000000000000000000000000) (0) (0) (00)    ;(00000000000000000000000000000000) (0) (0) (00)   ;(00000000000000000000000000000000) (0) (0) (00)   ;(00000000000000000000000000000000) (0) (0) (00)   ;(00000000000000000000000000000000) (0) (0) (00)   ;(00000000000000000000000000000000) (0) (0) (00)   ;(00000000000000000000000000000000) (0) (0) (00)   ;(00000000000000000000000000000000) (0) (0) (00)   ;
;304;(00000000000000000000000000000000) (0) (0) (00)    ;(00000000000000000000000000000000) (0) (0) (00)   ;(00000000000000000000000000000000) (0) (0) (00)   ;(00000000000000000000000000000000) (0) (0) (00)   ;(00000000000000000000000000000000) (0) (0) (00)   ;(00000000000000000000000000000000) (0) (0) (00)   ;(00000000000000000000000000000000) (0) (0) (00)   ;(00000000000000000000000000000000) (0) (0) (00)   ;
;312;(00000000000000000000000000000000) (0) (0) (00)    ;(00000000000000000000000000000000) (0) (0) (00)   ;(00000000000000000000000000000000) (0) (0) (00)   ;(00000000000000000000000000000000) (0) (0) (00)   ;(00000000000000000000000000000000) (0) (0) (00)   ;(00000000000000000000000000000000) (0) (0) (00)   ;(00000000000000000000000000000000) (0) (0) (00)   ;(00000000000000000000000000000000) (0) (0) (00)   ;
;320;(00000000000000000000000000000000) (0) (0) (00)    ;(00000000000000000000000000000000) (0) (0) (00)   ;(00000000000000000000000000000000) (0) (0) (00)   ;(00000000000000000000000000000000) (0) (0) (00)   ;(00000000000000000000000000000000) (0) (0) (00)   ;(00000000000000000000000000000000) (0) (0) (00)   ;(00000000000000000000000000000000) (0) (0) (00)   ;(00000000000000000000000000000000) (0) (0) (00)   ;
;328;(00000000000000000000000000000000) (0) (0) (00)    ;(00000000000000000000000000000000) (0) (0) (00)   ;(00000000000000000000000000000000) (0) (0) (00)   ;(00000000000000000000000000000000) (0) (0) (00)   ;(00000000000000000000000000000000) (0) (0) (00)   ;(00000000000000000000000000000000) (0) (0) (00)   ;(00000000000000000000000000000000) (0) (0) (00)   ;(00000000000000000000000000000000) (0) (0) (00)   ;
;336;(00000000000000000000000000000000) (0) (0) (00)    ;(00000000000000000000000000000000) (0) (0) (00)   ;(00000000000000000000000000000000) (0) (0) (00)   ;(00000000000000000000000000000000) (0) (0) (00)   ;(00000000000000000000000000000000) (0) (0) (00)   ;(00000000000000000000000000000000) (0) (0) (00)   ;(00000000000000000000000000000000) (0) (0) (00)   ;(00000000000000000000000000000000) (0) (0) (00)   ;
;344;(00000000000000000000000000000000) (0) (0) (00)    ;(00000000000000000000000000000000) (0) (0) (00)   ;(00000000000000000000000000000000) (0) (0) (00)   ;(00000000000000000000000000000000) (0) (0) (00)   ;(00000000000000000000000000000000) (0) (0) (00)   ;(00000000000000000000000000000000) (0) (0) (00)   ;(00000000000000000000000000000000) (0) (0) (00)   ;(00000000000000000000000000000000) (0) (0) (00)   ;
;352;(00000000000000000000000000000000) (0) (0) (00)    ;(00000000000000000000000000000000) (0) (0) (00)   ;(00000000000000000000000000000000) (0) (0) (00)   ;(00000000000000000000000000000000) (0) (0) (00)   ;(00000000000000000000000000000000) (0) (0) (00)   ;(00000000000000000000000000000000) (0) (0) (00)   ;(00000000000000000000000000000000) (0) (0) (00)   ;(00000000000000000000000000000000) (0) (0) (00)   ;
;360;(00000000000000000000000000000000) (0) (0) (00)    ;(00000000000000000000000000000000) (0) (0) (00)   ;(00000000000000000000000000000000) (0) (0) (00)   ;(00000000000000000000000000000000) (0) (0) (00)   ;(00000000000000000000000000000000) (0) (0) (00)   ;(00000000000000000000000000000000) (0) (0) (00)   ;(00000000000000000000000000000000) (0) (0) (00)   ;(00000000000000000000000000000000) (0) (0) (00)   ;
;368;(00000000000000000000000000000000) (0) (0) (00)    ;(00000000000000000000000000000000) (0) (0) (00)   ;(00000000000000000000000000000000) (0) (0) (00)   ;(00000000000000000000000000000000) (0) (0) (00)   ;(00000000000000000000000000000000) (0) (0) (00)   ;(00000000000000000000000000000000) (0) (0) (00)   ;(00000000000000000000000000000000) (0) (0) (00)   ;(00000000000000000000000000000000) (0) (0) (00)   ;
;376;(00000000000000000000000000000000) (0) (0) (00)    ;(00000000000000000000000000000000) (0) (0) (00)   ;(00000000000000000000000000000000) (0) (0) (00)   ;(00000000000000000000000000000000) (0) (0) (00)   ;(00000000000000000000000000000000) (0) (0) (00)   ;(00000000000000000000000000000000) (0) (0) (00)   ;(00000000000000000000000000000000) (0) (0) (00)   ;(00000000000000000000000000000000) (0) (0) (00)   ;
;384;(00000000000000000000000000000000) (0) (0) (00)    ;(00000000000000000000000000000000) (0) (0) (00)   ;(00000000000000000000000000000000) (0) (0) (00)   ;(00000000000000000000000000000000) (0) (0) (00)   ;(00000000000000000000000000000000) (0) (0) (00)   ;(00000000000000000000000000000000) (0) (0) (00)   ;(00000000000000000000000000000000) (0) (0) (00)   ;(00000000000000000000000000000000) (0) (0) (00)   ;
;392;(00000000000000000000000000000000) (0) (0) (00)    ;(00000000000000000000000000000000) (0) (0) (00)   ;(00000000000000000000000000000000) (0) (0) (00)   ;(00000000000000000000000000000000) (0) (0) (00)   ;(00000000000000000000000000000000) (0) (0) (00)   ;(00000000000000000000000000000000) (0) (0) (00)   ;(00000000000000000000000000000000) (0) (0) (00)   ;(00000000000000000000000000000000) (0) (0) (00)   ;
;400;(00000000000000000000000000000000) (0) (0) (00)    ;(00000000000000000000000000000000) (0) (0) (00)   ;(00000000000000000000000000000000) (0) (0) (00)   ;(00000000000000000000000000000000) (0) (0) (00)   ;(00000000000000000000000000000000) (0) (0) (00)   ;(00000000000000000000000000000000) (0) (0) (00)   ;(00000000000000000000000000000000) (0) (0) (00)   ;(00000000000000000000000000000000) (0) (0) (00)   ;
;408;(00000000000000000000000000000000) (0) (0) (00)    ;(00000000000000000000000000000000) (0) (0) (00)   ;(00000000000000000000000000000000) (0) (0) (00)   ;(00000000000000000000000000000000) (0) (0) (00)   ;(00000000000000000000000000000000) (0) (0) (00)   ;(00000000000000000000000000000000) (0) (0) (00)   ;(00000000000000000000000000000000) (0) (0) (00)   ;(00000000000000000000000000000000) (0) (0) (00)   ;
;416;(00000000000000000000000000000000) (0) (0) (00)    ;(00000000000000000000000000000000) (0) (0) (00)   ;(00000000000000000000000000000000) (0) (0) (00)   ;(00000000000000000000000000000000) (0) (0) (00)   ;(00000000000000000000000000000000) (0) (0) (00)   ;(00000000000000000000000000000000) (0) (0) (00)   ;(00000000000000000000000000000000) (0) (0) (00)   ;(00000000000000000000000000000000) (0) (0) (00)   ;
;424;(00000000000000000000000000000000) (0) (0) (00)    ;(00000000000000000000000000000000) (0) (0) (00)   ;(00000000000000000000000000000000) (0) (0) (00)   ;(00000000000000000000000000000000) (0) (0) (00)   ;(00000000000000000000000000000000) (0) (0) (00)   ;(00000000000000000000000000000000) (0) (0) (00)   ;(00000000000000000000000000000000) (0) (0) (00)   ;(00000000000000000000000000000000) (0) (0) (00)   ;
;432;(00000000000000000000000000000000) (0) (0) (00)    ;(00000000000000000000000000000000) (0) (0) (00)   ;(00000000000000000000000000000000) (0) (0) (00)   ;(00000000000000000000000000000000) (0) (0) (00)   ;(00000000000000000000000000000000) (0) (0) (00)   ;(00000000000000000000000000000000) (0) (0) (00)   ;(00000000000000000000000000000000) (0) (0) (00)   ;(00000000000000000000000000000000) (0) (0) (00)   ;
;440;(00000000000000000000000000000000) (0) (0) (00)    ;(00000000000000000000000000000000) (0) (0) (00)   ;(00000000000000000000000000000000) (0) (0) (00)   ;(00000000000000000000000000000000) (0) (0) (00)   ;(00000000000000000000000000000000) (0) (0) (00)   ;(00000000000000000000000000000000) (0) (0) (00)   ;(00000000000000000000000000000000) (0) (0) (00)   ;(00000000000000000000000000000000) (0) (0) (00)   ;
;448;(00000000000000000000000000000000) (0) (0) (00)    ;(00000000000000000000000000000000) (0) (0) (00)   ;(00000000000000000000000000000000) (0) (0) (00)   ;(00000000000000000000000000000000) (0) (0) (00)   ;(00000000000000000000000000000000) (0) (0) (00)   ;(00000000000000000000000000000000) (0) (0) (00)   ;(00000000000000000000000000000000) (0) (0) (00)   ;(00000000000000000000000000000000) (0) (0) (00)   ;
;456;(00000000000000000000000000000000) (0) (0) (00)    ;(00000000000000000000000000000000) (0) (0) (00)   ;(00000000000000000000000000000000) (0) (0) (00)   ;(00000000000000000000000000000000) (0) (0) (00)   ;(00000000000000000000000000000000) (0) (0) (00)   ;(00000000000000000000000000000000) (0) (0) (00)   ;(00000000000000000000000000000000) (0) (0) (00)   ;(00000000000000000000000000000000) (0) (0) (00)   ;
;464;(00000000000000000000000000000000) (0) (0) (00)    ;(00000000000000000000000000000000) (0) (0) (00)   ;(00000000000000000000000000000000) (0) (0) (00)   ;(00000000000000000000000000000000) (0) (0) (00)   ;(00000000000000000000000000000000) (0) (0) (00)   ;(00000000000000000000000000000000) (0) (0) (00)   ;(00000000000000000000000000000000) (0) (0) (00)   ;(00000000000000000000000000000000) (0) (0) (00)   ;
;472;(00000000000000000000000000000000) (0) (0) (00)    ;(00000000000000000000000000000000) (0) (0) (00)   ;(00000000000000000000000000000000) (0) (0) (00)   ;(00000000000000000000000000000000) (0) (0) (00)   ;(00000000000000000000000000000000) (0) (0) (00)   ;(00000000000000000000000000000000) (0) (0) (00)   ;(00000000000000000000000000000000) (0) (0) (00)   ;(00000000000000000000000000000000) (0) (0) (00)   ;
;480;(00000000000000000000000000000000) (0) (0) (00)    ;(00000000000000000000000000000000) (0) (0) (00)   ;(00000000000000000000000000000000) (0) (0) (00)   ;(00000000000000000000000000000000) (0) (0) (00)   ;(00000000000000000000000000000000) (0) (0) (00)   ;(00000000000000000000000000000000) (0) (0) (00)   ;(00000000000000000000000000000000) (0) (0) (00)   ;(00000000000000000000000000000000) (0) (0) (00)   ;
;488;(00000000000000000000000000000000) (0) (0) (00)    ;(00000000000000000000000000000000) (0) (0) (00)   ;(00000000000000000000000000000000) (0) (0) (00)   ;(00000000000000000000000000000000) (0) (0) (00)   ;(00000000000000000000000000000000) (0) (0) (00)   ;(00000000000000000000000000000000) (0) (0) (00)   ;(00000000000000000000000000000000) (0) (0) (00)   ;(00000000000000000000000000000000) (0) (0) (00)   ;
;496;(00000000000000000000000000000000) (0) (0) (00)    ;(00000000000000000000000000000000) (0) (0) (00)   ;(00000000000000000000000000000000) (0) (0) (00)   ;(00000000000000000000000000000000) (0) (0) (00)   ;(00000000000000000000000000000000) (0) (0) (00)   ;(00000000000000000000000000000000) (0) (0) (00)   ;(00000000000000000000000000000000) (0) (0) (00)   ;(00000000000000000000000000000000) (0) (0) (00)   ;
;504;(00000000000000000000000000000000) (0) (0) (00)    ;(00000000000000000000000000000000) (0) (0) (00)   ;(00000000000000000000000000000000) (0) (0) (00)   ;(00000000000000000000000000000000) (0) (0) (00)   ;(00000000000000000000000000000000) (0) (0) (00)   ;(00000000000000000000000000000000) (0) (0) (00)   ;(00000000000000000000000000000000) (0) (0) (00)   ;(00000000000000000000000000000000) (0) (0) (00)   ;
;512;(00000000000000000000000000000000) (0) (0) (00)    ;(00000000000000000000000000000000) (0) (0) (00)   ;(00000000000000000000000000000000) (0) (0) (00)   ;(00000000000000000000000000000000) (0) (0) (00)   ;(00000000000000000000000000000000) (0) (0) (00)   ;(00000000000000000000000000000000) (0) (0) (00)   ;(00000000000000000000000000000000) (0) (0) (00)   ;(00000000000000000000000000000000) (0) (0) (00)   ;
;520;(00000000000000000000000000000000) (0) (0) (00)    ;(00000000000000000000000000000000) (0) (0) (00)   ;(00000000000000000000000000000000) (0) (0) (00)   ;(00000000000000000000000000000000) (0) (0) (00)   ;(00000000000000000000000000000000) (0) (0) (00)   ;(00000000000000000000000000000000) (0) (0) (00)   ;(00000000000000000000000000000000) (0) (0) (00)   ;(00000000000000000000000000000000) (0) (0) (00)   ;
;528;(00000000000000000000000000000000) (0) (0) (00)    ;(00000000000000000000000000000000) (0) (0) (00)   ;(00000000000000000000000000000000) (0) (0) (00)   ;(00000000000000000000000000000000) (0) (0) (00)   ;(00000000000000000000000000000000) (0) (0) (00)   ;(00000000000000000000000000000000) (0) (0) (00)   ;(00000000000000000000000000000000) (0) (0) (00)   ;(00000000000000000000000000000000) (0) (0) (00)   ;
;536;(00000000000000000000000000000000) (0) (0) (00)    ;(00000000000000000000000000000000) (0) (0) (00)   ;(00000000000000000000000000000000) (0) (0) (00)   ;(00000000000000000000000000000000) (0) (0) (00)   ;(00000000000000000000000000000000) (0) (0) (00)   ;(00000000000000000000000000000000) (0) (0) (00)   ;(00000000000000000000000000000000) (0) (0) (00)   ;(00000000000000000000000000000000) (0) (0) (00)   ;
;544;(00000000000000000000000000000000) (0) (0) (00)    ;(00000000000000000000000000000000) (0) (0) (00)   ;(00000000000000000000000000000000) (0) (0) (00)   ;(00000000000000000000000000000000) (0) (0) (00)   ;(00000000000000000000000000000000) (0) (0) (00)   ;(00000000000000000000000000000000) (0) (0) (00)   ;(00000000000000000000000000000000) (0) (0) (00)   ;(00000000000000000000000000000000) (0) (0) (00)   ;
;552;(00000000000000000000000000000000) (0) (0) (00)    ;(00000000000000000000000000000000) (0) (0) (00)   ;(00000000000000000000000000000000) (0) (0) (00)   ;(00000000000000000000000000000000) (0) (0) (00)   ;(00000000000000000000000000000000) (0) (0) (00)   ;(00000000000000000000000000000000) (0) (0) (00)   ;(00000000000000000000000000000000) (0) (0) (00)   ;(00000000000000000000000000000000) (0) (0) (00)   ;
;560;(00000000000000000000000000000000) (0) (0) (00)    ;(00000000000000000000000000000000) (0) (0) (00)   ;(00000000000000000000000000000000) (0) (0) (00)   ;(00000000000000000000000000000000) (0) (0) (00)   ;(00000000000000000000000000000000) (0) (0) (00)   ;(00000000000000000000000000000000) (0) (0) (00)   ;(00000000000000000000000000000000) (0) (0) (00)   ;(00000000000000000000000000000000) (0) (0) (00)   ;
;568;(00000000000000000000000000000000) (0) (0) (00)    ;(00000000000000000000000000000000) (0) (0) (00)   ;(00000000000000000000000000000000) (0) (0) (00)   ;(00000000000000000000000000000000) (0) (0) (00)   ;(00000000000000000000000000000000) (0) (0) (00)   ;(00000000000000000000000000000000) (0) (0) (00)   ;(00000000000000000000000000000000) (0) (0) (00)   ;(00000000000000000000000000000000) (0) (0) (00)   ;
;576;(00000000000000000000000000000000) (0) (0) (00)    ;(00000000000000000000000000000000) (0) (0) (00)   ;(00000000000000000000000000000000) (0) (0) (00)   ;(00000000000000000000000000000000) (0) (0) (00)   ;(00000000000000000000000000000000) (0) (0) (00)   ;(00000000000000000000000000000000) (0) (0) (00)   ;(00000000000000000000000000000000) (0) (0) (00)   ;(00000000000000000000000000000000) (0) (0) (00)   ;
;584;(00000000000000000000000000000000) (0) (0) (00)    ;(00000000000000000000000000000000) (0) (0) (00)   ;(00000000000000000000000000000000) (0) (0) (00)   ;(00000000000000000000000000000000) (0) (0) (00)   ;(00000000000000000000000000000000) (0) (0) (00)   ;(00000000000000000000000000000000) (0) (0) (00)   ;(00000000000000000000000000000000) (0) (0) (00)   ;(00000000000000000000000000000000) (0) (0) (00)   ;
;592;(00000000000000000000000000000000) (0) (0) (00)    ;(00000000000000000000000000000000) (0) (0) (00)   ;(00000000000000000000000000000000) (0) (0) (00)   ;(00000000000000000000000000000000) (0) (0) (00)   ;(00000000000000000000000000000000) (0) (0) (00)   ;(00000000000000000000000000000000) (0) (0) (00)   ;(00000000000000000000000000000000) (0) (0) (00)   ;(00000000000000000000000000000000) (0) (0) (00)   ;
;600;(00000000000000000000000000000000) (0) (0) (00)    ;(00000000000000000000000000000000) (0) (0) (00)   ;(00000000000000000000000000000000) (0) (0) (00)   ;(00000000000000000000000000000000) (0) (0) (00)   ;(00000000000000000000000000000000) (0) (0) (00)   ;(00000000000000000000000000000000) (0) (0) (00)   ;(00000000000000000000000000000000) (0) (0) (00)   ;(00000000000000000000000000000000) (0) (0) (00)   ;
;608;(00000000000000000000000000000000) (0) (0) (00)    ;(00000000000000000000000000000000) (0) (0) (00)   ;(00000000000000000000000000000000) (0) (0) (00)   ;(00000000000000000000000000000000) (0) (0) (00)   ;(00000000000000000000000000000000) (0) (0) (00)   ;(00000000000000000000000000000000) (0) (0) (00)   ;(00000000000000000000000000000000) (0) (0) (00)   ;(00000000000000000000000000000000) (0) (0) (00)   ;
;616;(00000000000000000000000000000000) (0) (0) (00)    ;(00000000000000000000000000000000) (0) (0) (00)   ;(00000000000000000000000000000000) (0) (0) (00)   ;(00000000000000000000000000000000) (0) (0) (00)   ;(00000000000000000000000000000000) (0) (0) (00)   ;(00000000000000000000000000000000) (0) (0) (00)   ;(00000000000000000000000000000000) (0) (0) (00)   ;(00000000000000000000000000000000) (0) (0) (00)   ;
;624;(00000000000000000000000000000000) (0) (0) (00)    ;(00000000000000000000000000000000) (0) (0) (00)   ;(00000000000000000000000000000000) (0) (0) (00)   ;(00000000000000000000000000000000) (0) (0) (00)   ;(00000000000000000000000000000000) (0) (0) (00)   ;(00000000000000000000000000000000) (0) (0) (00)   ;(00000000000000000000000000000000) (0) (0) (00)   ;(00000000000000000000000000000000) (0) (0) (00)   ;
;632;(00000000000000000000000000000000) (0) (0) (00)    ;(00000000000000000000000000000000) (0) (0) (00)   ;(00000000000000000000000000000000) (0) (0) (00)   ;(00000000000000000000000000000000) (0) (0) (00)   ;(00000000000000000000000000000000) (0) (0) (00)   ;(00000000000000000000000000000000) (0) (0) (00)   ;(00000000000000000000000000000000) (0) (0) (00)   ;(00000000000000000000000000000000) (0) (0) (00)   ;
;640;(00000000000000000000000000000000) (0) (0) (00)    ;(00000000000000000000000000000000) (0) (0) (00)   ;(00000000000000000000000000000000) (0) (0) (00)   ;(00000000000000000000000000000000) (0) (0) (00)   ;(00000000000000000000000000000000) (0) (0) (00)   ;(00000000000000000000000000000000) (0) (0) (00)   ;(00000000000000000000000000000000) (0) (0) (00)   ;(00000000000000000000000000000000) (0) (0) (00)   ;
;648;(00000000000000000000000000000000) (0) (0) (00)    ;(00000000000000000000000000000000) (0) (0) (00)   ;(00000000000000000000000000000000) (0) (0) (00)   ;(00000000000000000000000000000000) (0) (0) (00)   ;(00000000000000000000000000000000) (0) (0) (00)   ;(00000000000000000000000000000000) (0) (0) (00)   ;(00000000000000000000000000000000) (0) (0) (00)   ;(00000000000000000000000000000000) (0) (0) (00)   ;
;656;(00000000000000000000000000000000) (0) (0) (00)    ;(00000000000000000000000000000000) (0) (0) (00)   ;(00000000000000000000000000000000) (0) (0) (00)   ;(00000000000000000000000000000000) (0) (0) (00)   ;(00000000000000000000000000000000) (0) (0) (00)   ;(00000000000000000000000000000000) (0) (0) (00)   ;(00000000000000000000000000000000) (0) (0) (00)   ;(00000000000000000000000000000000) (0) (0) (00)   ;
;664;(00000000000000000000000000000000) (0) (0) (00)    ;(00000000000000000000000000000000) (0) (0) (00)   ;(00000000000000000000000000000000) (0) (0) (00)   ;(00000000000000000000000000000000) (0) (0) (00)   ;(00000000000000000000000000000000) (0) (0) (00)   ;(00000000000000000000000000000000) (0) (0) (00)   ;(00000000000000000000000000000000) (0) (0) (00)   ;(00000000000000000000000000000000) (0) (0) (00)   ;
;672;(00000000000000000000000000000000) (0) (0) (00)    ;(00000000000000000000000000000000) (0) (0) (00)   ;(00000000000000000000000000000000) (0) (0) (00)   ;(00000000000000000000000000000000) (0) (0) (00)   ;(00000000000000000000000000000000) (0) (0) (00)   ;(00000000000000000000000000000000) (0) (0) (00)   ;(00000000000000000000000000000000) (0) (0) (00)   ;(00000000000000000000000000000000) (0) (0) (00)   ;
;680;(00000000000000000000000000000000) (0) (0) (00)    ;(00000000000000000000000000000000) (0) (0) (00)   ;(00000000000000000000000000000000) (0) (0) (00)   ;(00000000000000000000000000000000) (0) (0) (00)   ;(00000000000000000000000000000000) (0) (0) (00)   ;(00000000000000000000000000000000) (0) (0) (00)   ;(00000000000000000000000000000000) (0) (0) (00)   ;(00000000000000000000000000000000) (0) (0) (00)   ;
;688;(00000000000000000000000000000000) (0) (0) (00)    ;(00000000000000000000000000000000) (0) (0) (00)   ;(00000000000000000000000000000000) (0) (0) (00)   ;(00000000000000000000000000000000) (0) (0) (00)   ;(00000000000000000000000000000000) (0) (0) (00)   ;(00000000000000000000000000000000) (0) (0) (00)   ;(00000000000000000000000000000000) (0) (0) (00)   ;(00000000000000000000000000000000) (0) (0) (00)   ;
;696;(00000000000000000000000000000000) (0) (0) (00)    ;(00000000000000000000000000000000) (0) (0) (00)   ;(00000000000000000000000000000000) (0) (0) (00)   ;(00000000000000000000000000000000) (0) (0) (00)   ;(00000000000000000000000000000000) (0) (0) (00)   ;(00000000000000000000000000000000) (0) (0) (00)   ;(00000000000000000000000000000000) (0) (0) (00)   ;(00000000000000000000000000000000) (0) (0) (00)   ;
;704;(00000000000000000000000000000000) (0) (0) (00)    ;(00000000000000000000000000000000) (0) (0) (00)   ;(00000000000000000000000000000000) (0) (0) (00)   ;(00000000000000000000000000000000) (0) (0) (00)   ;(00000000000000000000000000000000) (0) (0) (00)   ;(00000000000000000000000000000000) (0) (0) (00)   ;(00000000000000000000000000000000) (0) (0) (00)   ;(00000000000000000000000000000000) (0) (0) (00)   ;
;712;(00000000000000000000000000000000) (0) (0) (00)    ;(00000000000000000000000000000000) (0) (0) (00)   ;(00000000000000000000000000000000) (0) (0) (00)   ;(00000000000000000000000000000000) (0) (0) (00)   ;(00000000000000000000000000000000) (0) (0) (00)   ;(00000000000000000000000000000000) (0) (0) (00)   ;(00000000000000000000000000000000) (0) (0) (00)   ;(00000000000000000000000000000000) (0) (0) (00)   ;
;720;(00000000000000000000000000000000) (0) (0) (00)    ;(00000000000000000000000000000000) (0) (0) (00)   ;(00000000000000000000000000000000) (0) (0) (00)   ;(00000000000000000000000000000000) (0) (0) (00)   ;(00000000000000000000000000000000) (0) (0) (00)   ;(00000000000000000000000000000000) (0) (0) (00)   ;(00000000000000000000000000000000) (0) (0) (00)   ;(00000000000000000000000000000000) (0) (0) (00)   ;
;728;(00000000000000000000000000000000) (0) (0) (00)    ;(00000000000000000000000000000000) (0) (0) (00)   ;(00000000000000000000000000000000) (0) (0) (00)   ;(00000000000000000000000000000000) (0) (0) (00)   ;(00000000000000000000000000000000) (0) (0) (00)   ;(00000000000000000000000000000000) (0) (0) (00)   ;(00000000000000000000000000000000) (0) (0) (00)   ;(00000000000000000000000000000000) (0) (0) (00)   ;
;736;(00000000000000000000000000000000) (0) (0) (00)    ;(00000000000000000000000000000000) (0) (0) (00)   ;(00000000000000000000000000000000) (0) (0) (00)   ;(00000000000000000000000000000000) (0) (0) (00)   ;(00000000000000000000000000000000) (0) (0) (00)   ;(00000000000000000000000000000000) (0) (0) (00)   ;(00000000000000000000000000000000) (0) (0) (00)   ;(00000000000000000000000000000000) (0) (0) (00)   ;
;744;(00000000000000000000000000000000) (0) (0) (00)    ;(00000000000000000000000000000000) (0) (0) (00)   ;(00000000000000000000000000000000) (0) (0) (00)   ;(00000000000000000000000000000000) (0) (0) (00)   ;(00000000000000000000000000000000) (0) (0) (00)   ;(00000000000000000000000000000000) (0) (0) (00)   ;(00000000000000000000000000000000) (0) (0) (00)   ;(00000000000000000000000000000000) (0) (0) (00)   ;
;752;(00000000000000000000000000000000) (0) (0) (00)    ;(00000000000000000000000000000000) (0) (0) (00)   ;(00000000000000000000000000000000) (0) (0) (00)   ;(00000000000000000000000000000000) (0) (0) (00)   ;(00000000000000000000000000000000) (0) (0) (00)   ;(00000000000000000000000000000000) (0) (0) (00)   ;(00000000000000000000000000000000) (0) (0) (00)   ;(00000000000000000000000000000000) (0) (0) (00)   ;
;760;(00000000000000000000000000000000) (0) (0) (00)    ;(00000000000000000000000000000000) (0) (0) (00)   ;(00000000000000000000000000000000) (0) (0) (00)   ;(00000000000000000000000000000000) (0) (0) (00)   ;(00000000000000000000000000000000) (0) (0) (00)   ;(00000000000000000000000000000000) (0) (0) (00)   ;(00000000000000000000000000000000) (0) (0) (00)   ;(00000000000000000000000000000000) (0) (0) (00)   ;
;768;(00000000000000000000000000000000) (0) (0) (00)    ;(00000000000000000000000000000000) (0) (0) (00)   ;(00000000000000000000000000000000) (0) (0) (00)   ;(00000000000000000000000000000000) (0) (0) (00)   ;(00000000000000000000000000000000) (0) (0) (00)   ;(00000000000000000000000000000000) (0) (0) (00)   ;(00000000000000000000000000000000) (0) (0) (00)   ;(00000000000000000000000000000000) (0) (0) (00)   ;
;776;(00000000000000000000000000000000) (0) (0) (00)    ;(00000000000000000000000000000000) (0) (0) (00)   ;(00000000000000000000000000000000) (0) (0) (00)   ;(00000000000000000000000000000000) (0) (0) (00)   ;(00000000000000000000000000000000) (0) (0) (00)   ;(00000000000000000000000000000000) (0) (0) (00)   ;(00000000000000000000000000000000) (0) (0) (00)   ;(00000000000000000000000000000000) (0) (0) (00)   ;
;784;(00000000000000000000000000000000) (0) (0) (00)    ;(00000000000000000000000000000000) (0) (0) (00)   ;(00000000000000000000000000000000) (0) (0) (00)   ;(00000000000000000000000000000000) (0) (0) (00)   ;(00000000000000000000000000000000) (0) (0) (00)   ;(00000000000000000000000000000000) (0) (0) (00)   ;(00000000000000000000000000000000) (0) (0) (00)   ;(00000000000000000000000000000000) (0) (0) (00)   ;
;792;(00000000000000000000000000000000) (0) (0) (00)    ;(00000000000000000000000000000000) (0) (0) (00)   ;(00000000000000000000000000000000) (0) (0) (00)   ;(00000000000000000000000000000000) (0) (0) (00)   ;(00000000000000000000000000000000) (0) (0) (00)   ;(00000000000000000000000000000000) (0) (0) (00)   ;(00000000000000000000000000000000) (0) (0) (00)   ;(00000000000000000000000000000000) (0) (0) (00)   ;
;800;(00000000000000000000000000000000) (0) (0) (00)    ;(00000000000000000000000000000000) (0) (0) (00)   ;(00000000000000000000000000000000) (0) (0) (00)   ;(00000000000000000000000000000000) (0) (0) (00)   ;(00000000000000000000000000000000) (0) (0) (00)   ;(00000000000000000000000000000000) (0) (0) (00)   ;(00000000000000000000000000000000) (0) (0) (00)   ;(00000000000000000000000000000000) (0) (0) (00)   ;
;808;(00000000000000000000000000000000) (0) (0) (00)    ;(00000000000000000000000000000000) (0) (0) (00)   ;(00000000000000000000000000000000) (0) (0) (00)   ;(00000000000000000000000000000000) (0) (0) (00)   ;(00000000000000000000000000000000) (0) (0) (00)   ;(00000000000000000000000000000000) (0) (0) (00)   ;(00000000000000000000000000000000) (0) (0) (00)   ;(00000000000000000000000000000000) (0) (0) (00)   ;
;816;(00000000000000000000000000000000) (0) (0) (00)    ;(00000000000000000000000000000000) (0) (0) (00)   ;(00000000000000000000000000000000) (0) (0) (00)   ;(00000000000000000000000000000000) (0) (0) (00)   ;(00000000000000000000000000000000) (0) (0) (00)   ;(00000000000000000000000000000000) (0) (0) (00)   ;(00000000000000000000000000000000) (0) (0) (00)   ;(00000000000000000000000000000000) (0) (0) (00)   ;
;824;(00000000000000000000000000000000) (0) (0) (00)    ;(00000000000000000000000000000000) (0) (0) (00)   ;(00000000000000000000000000000000) (0) (0) (00)   ;(00000000000000000000000000000000) (0) (0) (00)   ;(00000000000000000000000000000000) (0) (0) (00)   ;(00000000000000000000000000000000) (0) (0) (00)   ;(00000000000000000000000000000000) (0) (0) (00)   ;(00000000000000000000000000000000) (0) (0) (00)   ;
;832;(00000000000000000000000000000000) (0) (0) (00)    ;(00000000000000000000000000000000) (0) (0) (00)   ;(00000000000000000000000000000000) (0) (0) (00)   ;(00000000000000000000000000000000) (0) (0) (00)   ;(00000000000000000000000000000000) (0) (0) (00)   ;(00000000000000000000000000000000) (0) (0) (00)   ;(00000000000000000000000000000000) (0) (0) (00)   ;(00000000000000000000000000000000) (0) (0) (00)   ;
;840;(00000000000000000000000000000000) (0) (0) (00)    ;(00000000000000000000000000000000) (0) (0) (00)   ;(00000000000000000000000000000000) (0) (0) (00)   ;(00000000000000000000000000000000) (0) (0) (00)   ;(00000000000000000000000000000000) (0) (0) (00)   ;(00000000000000000000000000000000) (0) (0) (00)   ;(00000000000000000000000000000000) (0) (0) (00)   ;(00000000000000000000000000000000) (0) (0) (00)   ;
;848;(00000000000000000000000000000000) (0) (0) (00)    ;(00000000000000000000000000000000) (0) (0) (00)   ;(00000000000000000000000000000000) (0) (0) (00)   ;(00000000000000000000000000000000) (0) (0) (00)   ;(00000000000000000000000000000000) (0) (0) (00)   ;(00000000000000000000000000000000) (0) (0) (00)   ;(00000000000000000000000000000000) (0) (0) (00)   ;(00000000000000000000000000000000) (0) (0) (00)   ;
;856;(00000000000000000000000000000000) (0) (0) (00)    ;(00000000000000000000000000000000) (0) (0) (00)   ;(00000000000000000000000000000000) (0) (0) (00)   ;(00000000000000000000000000000000) (0) (0) (00)   ;(00000000000000000000000000000000) (0) (0) (00)   ;(00000000000000000000000000000000) (0) (0) (00)   ;(00000000000000000000000000000000) (0) (0) (00)   ;(00000000000000000000000000000000) (0) (0) (00)   ;
;864;(00000000000000000000000000000000) (0) (0) (00)    ;(00000000000000000000000000000000) (0) (0) (00)   ;(00000000000000000000000000000000) (0) (0) (00)   ;(00000000000000000000000000000000) (0) (0) (00)   ;(00000000000000000000000000000000) (0) (0) (00)   ;(00000000000000000000000000000000) (0) (0) (00)   ;(00000000000000000000000000000000) (0) (0) (00)   ;(00000000000000000000000000000000) (0) (0) (00)   ;
;872;(00000000000000000000000000000000) (0) (0) (00)    ;(00000000000000000000000000000000) (0) (0) (00)   ;(00000000000000000000000000000000) (0) (0) (00)   ;(00000000000000000000000000000000) (0) (0) (00)   ;(00000000000000000000000000000000) (0) (0) (00)   ;(00000000000000000000000000000000) (0) (0) (00)   ;(00000000000000000000000000000000) (0) (0) (00)   ;(00000000000000000000000000000000) (0) (0) (00)   ;
;880;(00000000000000000000000000000000) (0) (0) (00)    ;(00000000000000000000000000000000) (0) (0) (00)   ;(00000000000000000000000000000000) (0) (0) (00)   ;(00000000000000000000000000000000) (0) (0) (00)   ;(00000000000000000000000000000000) (0) (0) (00)   ;(00000000000000000000000000000000) (0) (0) (00)   ;(00000000000000000000000000000000) (0) (0) (00)   ;(00000000000000000000000000000000) (0) (0) (00)   ;
;888;(00000000000000000000000000000000) (0) (0) (00)    ;(00000000000000000000000000000000) (0) (0) (00)   ;(00000000000000000000000000000000) (0) (0) (00)   ;(00000000000000000000000000000000) (0) (0) (00)   ;(00000000000000000000000000000000) (0) (0) (00)   ;(00000000000000000000000000000000) (0) (0) (00)   ;(00000000000000000000000000000000) (0) (0) (00)   ;(00000000000000000000000000000000) (0) (0) (00)   ;
;896;(00000000000000000000000000000000) (0) (0) (00)    ;(00000000000000000000000000000000) (0) (0) (00)   ;(00000000000000000000000000000000) (0) (0) (00)   ;(00000000000000000000000000000000) (0) (0) (00)   ;(00000000000000000000000000000000) (0) (0) (00)   ;(00000000000000000000000000000000) (0) (0) (00)   ;(00000000000000000000000000000000) (0) (0) (00)   ;(00000000000000000000000000000000) (0) (0) (00)   ;
;904;(00000000000000000000000000000000) (0) (0) (00)    ;(00000000000000000000000000000000) (0) (0) (00)   ;(00000000000000000000000000000000) (0) (0) (00)   ;(00000000000000000000000000000000) (0) (0) (00)   ;(00000000000000000000000000000000) (0) (0) (00)   ;(00000000000000000000000000000000) (0) (0) (00)   ;(00000000000000000000000000000000) (0) (0) (00)   ;(00000000000000000000000000000000) (0) (0) (00)   ;
;912;(00000000000000000000000000000000) (0) (0) (00)    ;(00000000000000000000000000000000) (0) (0) (00)   ;(00000000000000000000000000000000) (0) (0) (00)   ;(00000000000000000000000000000000) (0) (0) (00)   ;(00000000000000000000000000000000) (0) (0) (00)   ;(00000000000000000000000000000000) (0) (0) (00)   ;(00000000000000000000000000000000) (0) (0) (00)   ;(00000000000000000000000000000000) (0) (0) (00)   ;
;920;(00000000000000000000000000000000) (0) (0) (00)    ;(00000000000000000000000000000000) (0) (0) (00)   ;(00000000000000000000000000000000) (0) (0) (00)   ;(00000000000000000000000000000000) (0) (0) (00)   ;(00000000000000000000000000000000) (0) (0) (00)   ;(00000000000000000000000000000000) (0) (0) (00)   ;(00000000000000000000000000000000) (0) (0) (00)   ;(00000000000000000000000000000000) (0) (0) (00)   ;
;928;(00000000000000000000000000000000) (0) (0) (00)    ;(00000000000000000000000000000000) (0) (0) (00)   ;(00000000000000000000000000000000) (0) (0) (00)   ;(00000000000000000000000000000000) (0) (0) (00)   ;(00000000000000000000000000000000) (0) (0) (00)   ;(00000000000000000000000000000000) (0) (0) (00)   ;(00000000000000000000000000000000) (0) (0) (00)   ;(00000000000000000000000000000000) (0) (0) (00)   ;
;936;(00000000000000000000000000000000) (0) (0) (00)    ;(00000000000000000000000000000000) (0) (0) (00)   ;(00000000000000000000000000000000) (0) (0) (00)   ;(00000000000000000000000000000000) (0) (0) (00)   ;(00000000000000000000000000000000) (0) (0) (00)   ;(00000000000000000000000000000000) (0) (0) (00)   ;(00000000000000000000000000000000) (0) (0) (00)   ;(00000000000000000000000000000000) (0) (0) (00)   ;
;944;(00000000000000000000000000000000) (0) (0) (00)    ;(00000000000000000000000000000000) (0) (0) (00)   ;(00000000000000000000000000000000) (0) (0) (00)   ;(00000000000000000000000000000000) (0) (0) (00)   ;(00000000000000000000000000000000) (0) (0) (00)   ;(00000000000000000000000000000000) (0) (0) (00)   ;(00000000000000000000000000000000) (0) (0) (00)   ;(00000000000000000000000000000000) (0) (0) (00)   ;
;952;(00000000000000000000000000000000) (0) (0) (00)    ;(00000000000000000000000000000000) (0) (0) (00)   ;(00000000000000000000000000000000) (0) (0) (00)   ;(00000000000000000000000000000000) (0) (0) (00)   ;(00000000000000000000000000000000) (0) (0) (00)   ;(00000000000000000000000000000000) (0) (0) (00)   ;(00000000000000000000000000000000) (0) (0) (00)   ;(00000000000000000000000000000000) (0) (0) (00)   ;
;960;(00000000000000000000000000000000) (0) (0) (00)    ;(00000000000000000000000000000000) (0) (0) (00)   ;(00000000000000000000000000000000) (0) (0) (00)   ;(00000000000000000000000000000000) (0) (0) (00)   ;(00000000000000000000000000000000) (0) (0) (00)   ;(00000000000000000000000000000000) (0) (0) (00)   ;(00000000000000000000000000000000) (0) (0) (00)   ;(00000000000000000000000000000000) (0) (0) (00)   ;
;968;(00000000000000000000000000000000) (0) (0) (00)    ;(00000000000000000000000000000000) (0) (0) (00)   ;(00000000000000000000000000000000) (0) (0) (00)   ;(00000000000000000000000000000000) (0) (0) (00)   ;(00000000000000000000000000000000) (0) (0) (00)   ;(00000000000000000000000000000000) (0) (0) (00)   ;(00000000000000000000000000000000) (0) (0) (00)   ;(00000000000000000000000000000000) (0) (0) (00)   ;
;976;(00000000000000000000000000000000) (0) (0) (00)    ;(00000000000000000000000000000000) (0) (0) (00)   ;(00000000000000000000000000000000) (0) (0) (00)   ;(00000000000000000000000000000000) (0) (0) (00)   ;(00000000000000000000000000000000) (0) (0) (00)   ;(00000000000000000000000000000000) (0) (0) (00)   ;(00000000000000000000000000000000) (0) (0) (00)   ;(00000000000000000000000000000000) (0) (0) (00)   ;
;984;(00000000000000000000000000000000) (0) (0) (00)    ;(00000000000000000000000000000000) (0) (0) (00)   ;(00000000000000000000000000000000) (0) (0) (00)   ;(00000000000000000000000000000000) (0) (0) (00)   ;(00000000000000000000000000000000) (0) (0) (00)   ;(00000000000000000000000000000000) (0) (0) (00)   ;(00000000000000000000000000000000) (0) (0) (00)   ;(00000000000000000000000000000000) (0) (0) (00)   ;
;992;(00000000000000000000000000000000) (0) (0) (00)    ;(00000000000000000000000000000000) (0) (0) (00)   ;(00000000000000000000000000000000) (0) (0) (00)   ;(00000000000000000000000000000000) (0) (0) (00)   ;(00000000000000000000000000000000) (0) (0) (00)   ;(00000000000000000000000000000000) (0) (0) (00)   ;(00000000000000000000000000000000) (0) (0) (00)   ;(00000000000000000000000000000000) (0) (0) (00)   ;
;1000;(00000000000000000000000000000000) (0) (0) (00)    ;(00000000000000000000000000000000) (0) (0) (00)   ;(00000000000000000000000000000000) (0) (0) (00)   ;(00000000000000000000000000000000) (0) (0) (00)   ;(00000000000000000000000000000000) (0) (0) (00)   ;(00000000000000000000000000000000) (0) (0) (00)   ;(00000000000000000000000000000000) (0) (0) (00)   ;(00000000000000000000000000000000) (0) (0) (00)   ;
;1008;(00000000000000000000000000000000) (0) (0) (00)    ;(00000000000000000000000000000000) (0) (0) (00)   ;(00000000000000000000000000000000) (0) (0) (00)   ;(00000000000000000000000000000000) (0) (0) (00)   ;(00000000000000000000000000000000) (0) (0) (00)   ;(00000000000000000000000000000000) (0) (0) (00)   ;(00000000000000000000000000000000) (0) (0) (00)   ;(00000000000000000000000000000000) (0) (0) (00)   ;
;1016;(00000000000000000000000000000000) (0) (0) (00)    ;(00000000000000000000000000000000) (0) (0) (00)   ;(00000000000000000000000000000000) (0) (0) (00)   ;(00000000000000000000000000000000) (0) (0) (00)   ;(00000000000000000000000000000000) (0) (0) (00)   ;(00000000000000000000000000000000) (0) (0) (00)   ;(00000000000000000000000000000000) (0) (0) (00)   ;(00000000000000000000000000000000) (0) (0) (00)   ;


+-----------------------------------------------------------------------------------------------+
; Fitter DSP Block Usage Summary                                                                ;
+---------------------------------------+-------------+---------------------+-------------------+
; Statistic                             ; Number Used ; Available per Block ; Maximum Available ;
+---------------------------------------+-------------+---------------------+-------------------+
; Simple Multipliers (9-bit)            ; 0           ; 2                   ; 532               ;
; Simple Multipliers (18-bit)           ; 3           ; 1                   ; 266               ;
; Embedded Multiplier Blocks            ; 3           ; --                  ; 266               ;
; Embedded Multiplier 9-bit elements    ; 6           ; 2                   ; 532               ;
; Signed Embedded Multipliers           ; 0           ; --                  ; --                ;
; Unsigned Embedded Multipliers         ; 3           ; --                  ; --                ;
; Mixed Sign Embedded Multipliers       ; 0           ; --                  ; --                ;
; Variable Sign Embedded Multipliers    ; 0           ; --                  ; --                ;
; Dedicated Input Shift Register Chains ; 0           ; --                  ; --                ;
+---------------------------------------+-------------+---------------------+-------------------+


+------------------------------------------------------------------------------------------------------------------------------------------------------------------------------------------------------------------------------------------------------------+
; DSP Block Details                                                                                                                                                                                                                                          ;
+-------------------------------------------------------------+----------------------------+--------------------+---------------------+--------------------------------+-----------------------+-----------------------+-------------------+-----------------+
; Name                                                        ; Mode                       ; Location           ; Sign Representation ; Has Input Shift Register Chain ; Data A Input Register ; Data B Input Register ; Pipeline Register ; Output Register ;
+-------------------------------------------------------------+----------------------------+--------------------+---------------------+--------------------------------+-----------------------+-----------------------+-------------------+-----------------+
; alu:ALU|lpm_mult:Mult0|mult_7dt:auto_generated|w513w[0]     ; Simple Multiplier (18-bit) ; DSPOUT_X22_Y37_N2  ;                     ; No                             ;                       ;                       ;                   ; no              ;
;    alu:ALU|lpm_mult:Mult0|mult_7dt:auto_generated|mac_mult1 ;                            ; DSPMULT_X22_Y37_N0 ; Unsigned            ;                                ; no                    ; no                    ; no                ;                 ;
; alu:ALU|lpm_mult:Mult0|mult_7dt:auto_generated|mac_out4     ; Simple Multiplier (18-bit) ; DSPOUT_X22_Y36_N2  ;                     ; No                             ;                       ;                       ;                   ; no              ;
;    alu:ALU|lpm_mult:Mult0|mult_7dt:auto_generated|mac_mult3 ;                            ; DSPMULT_X22_Y36_N0 ; Unsigned            ;                                ; no                    ; no                    ; no                ;                 ;
; alu:ALU|lpm_mult:Mult0|mult_7dt:auto_generated|mac_out6     ; Simple Multiplier (18-bit) ; DSPOUT_X22_Y35_N2  ;                     ; No                             ;                       ;                       ;                   ; no              ;
;    alu:ALU|lpm_mult:Mult0|mult_7dt:auto_generated|mac_mult5 ;                            ; DSPMULT_X22_Y35_N0 ; Unsigned            ;                                ; no                    ; no                    ; no                ;                 ;
+-------------------------------------------------------------+----------------------------+--------------------+---------------------+--------------------------------+-----------------------+-----------------------+-------------------+-----------------+


+---------------------------------------------------+
; Routing Usage Summary                             ;
+-----------------------+---------------------------+
; Routing Resource Type ; Usage                     ;
+-----------------------+---------------------------+
; Block interconnects   ; 92,785 / 342,891 ( 27 % ) ;
; C16 interconnects     ; 3,423 / 10,120 ( 34 % )   ;
; C4 interconnects      ; 69,684 / 209,544 ( 33 % ) ;
; Direct links          ; 3,836 / 342,891 ( 1 % )   ;
; Global clocks         ; 1 / 20 ( 5 % )            ;
; Local interconnects   ; 14,948 / 119,088 ( 13 % ) ;
; R24 interconnects     ; 3,672 / 9,963 ( 37 % )    ;
; R4 interconnects      ; 85,573 / 289,782 ( 30 % ) ;
+-----------------------+---------------------------+


+------------------------------------------------------------------------------+
; LAB Logic Elements                                                           ;
+---------------------------------------------+--------------------------------+
; Number of Logic Elements  (Average = 10.88) ; Number of LABs  (Total = 4254) ;
+---------------------------------------------+--------------------------------+
; 1                                           ; 62                             ;
; 2                                           ; 171                            ;
; 3                                           ; 180                            ;
; 4                                           ; 239                            ;
; 5                                           ; 225                            ;
; 6                                           ; 240                            ;
; 7                                           ; 213                            ;
; 8                                           ; 214                            ;
; 9                                           ; 174                            ;
; 10                                          ; 162                            ;
; 11                                          ; 155                            ;
; 12                                          ; 176                            ;
; 13                                          ; 163                            ;
; 14                                          ; 191                            ;
; 15                                          ; 211                            ;
; 16                                          ; 1478                           ;
+---------------------------------------------+--------------------------------+


+---------------------------------------------------------------------+
; LAB-wide Signals                                                    ;
+------------------------------------+--------------------------------+
; LAB-wide Signals  (Average = 1.89) ; Number of LABs  (Total = 4254) ;
+------------------------------------+--------------------------------+
; 1 Clock                            ; 4124                           ;
; 1 Clock enable                     ; 932                            ;
; 1 Sync. clear                      ; 7                              ;
; 2 Clock enables                    ; 2984                           ;
+------------------------------------+--------------------------------+


+-------------------------------------------------------------------------------+
; LAB Signals Sourced                                                           ;
+----------------------------------------------+--------------------------------+
; Number of Signals Sourced  (Average = 16.85) ; Number of LABs  (Total = 4254) ;
+----------------------------------------------+--------------------------------+
; 0                                            ; 2                              ;
; 1                                            ; 23                             ;
; 2                                            ; 61                             ;
; 3                                            ; 56                             ;
; 4                                            ; 153                            ;
; 5                                            ; 103                            ;
; 6                                            ; 161                            ;
; 7                                            ; 109                            ;
; 8                                            ; 172                            ;
; 9                                            ; 140                            ;
; 10                                           ; 151                            ;
; 11                                           ; 154                            ;
; 12                                           ; 152                            ;
; 13                                           ; 108                            ;
; 14                                           ; 144                            ;
; 15                                           ; 121                            ;
; 16                                           ; 215                            ;
; 17                                           ; 153                            ;
; 18                                           ; 241                            ;
; 19                                           ; 162                            ;
; 20                                           ; 174                            ;
; 21                                           ; 146                            ;
; 22                                           ; 124                            ;
; 23                                           ; 110                            ;
; 24                                           ; 111                            ;
; 25                                           ; 164                            ;
; 26                                           ; 195                            ;
; 27                                           ; 207                            ;
; 28                                           ; 152                            ;
; 29                                           ; 137                            ;
; 30                                           ; 81                             ;
; 31                                           ; 49                             ;
; 32                                           ; 23                             ;
+----------------------------------------------+--------------------------------+


+----------------------------------------------------------------------------------+
; LAB Signals Sourced Out                                                          ;
+-------------------------------------------------+--------------------------------+
; Number of Signals Sourced Out  (Average = 7.91) ; Number of LABs  (Total = 4254) ;
+-------------------------------------------------+--------------------------------+
; 0                                               ; 2                              ;
; 1                                               ; 254                            ;
; 2                                               ; 360                            ;
; 3                                               ; 460                            ;
; 4                                               ; 409                            ;
; 5                                               ; 343                            ;
; 6                                               ; 277                            ;
; 7                                               ; 257                            ;
; 8                                               ; 234                            ;
; 9                                               ; 200                            ;
; 10                                              ; 154                            ;
; 11                                              ; 130                            ;
; 12                                              ; 114                            ;
; 13                                              ; 100                            ;
; 14                                              ; 144                            ;
; 15                                              ; 200                            ;
; 16                                              ; 388                            ;
; 17                                              ; 208                            ;
; 18                                              ; 6                              ;
; 19                                              ; 3                              ;
; 20                                              ; 3                              ;
; 21                                              ; 1                              ;
; 22                                              ; 2                              ;
; 23                                              ; 1                              ;
; 24                                              ; 2                              ;
; 25                                              ; 0                              ;
; 26                                              ; 2                              ;
+-------------------------------------------------+--------------------------------+


+-------------------------------------------------------------------------------+
; LAB Distinct Inputs                                                           ;
+----------------------------------------------+--------------------------------+
; Number of Distinct Inputs  (Average = 20.81) ; Number of LABs  (Total = 4254) ;
+----------------------------------------------+--------------------------------+
; 0                                            ; 0                              ;
; 1                                            ; 0                              ;
; 2                                            ; 0                              ;
; 3                                            ; 41                             ;
; 4                                            ; 64                             ;
; 5                                            ; 66                             ;
; 6                                            ; 78                             ;
; 7                                            ; 65                             ;
; 8                                            ; 165                            ;
; 9                                            ; 137                            ;
; 10                                           ; 143                            ;
; 11                                           ; 157                            ;
; 12                                           ; 142                            ;
; 13                                           ; 104                            ;
; 14                                           ; 127                            ;
; 15                                           ; 115                            ;
; 16                                           ; 135                            ;
; 17                                           ; 108                            ;
; 18                                           ; 114                            ;
; 19                                           ; 145                            ;
; 20                                           ; 139                            ;
; 21                                           ; 116                            ;
; 22                                           ; 127                            ;
; 23                                           ; 150                            ;
; 24                                           ; 138                            ;
; 25                                           ; 157                            ;
; 26                                           ; 143                            ;
; 27                                           ; 134                            ;
; 28                                           ; 150                            ;
; 29                                           ; 156                            ;
; 30                                           ; 132                            ;
; 31                                           ; 139                            ;
; 32                                           ; 127                            ;
; 33                                           ; 142                            ;
; 34                                           ; 128                            ;
; 35                                           ; 107                            ;
; 36                                           ; 93                             ;
; 37                                           ; 70                             ;
+----------------------------------------------+--------------------------------+


+------------------------------------------+
; I/O Rules Summary                        ;
+----------------------------------+-------+
; I/O Rules Statistic              ; Total ;
+----------------------------------+-------+
; Total I/O Rules                  ; 30    ;
; Number of I/O Rules Passed       ; 12    ;
; Number of I/O Rules Failed       ; 0     ;
; Number of I/O Rules Unchecked    ; 0     ;
; Number of I/O Rules Inapplicable ; 18    ;
+----------------------------------+-------+


+-----------------------------------------------------------------------------------------------------------------------------------------------------------------------------------------------------------------------------------------------------------------------------------------------------+
; I/O Rules Details                                                                                                                                                                                                                                                                                   ;
+--------------+-----------+-----------------------------------+------------------------------------------------------------------------------------------------------+----------+--------------------------------------------------------------------------+---------------------+-------------------+
; Status       ; ID        ; Category                          ; Rule Description                                                                                     ; Severity ; Information                                                              ; Area                ; Extra Information ;
+--------------+-----------+-----------------------------------+------------------------------------------------------------------------------------------------------+----------+--------------------------------------------------------------------------+---------------------+-------------------+
; Pass         ; IO_000001 ; Capacity Checks                   ; Number of pins in an I/O bank should not exceed the number of locations available.                   ; Critical ; 0 such failures found.                                                   ; I/O                 ;                   ;
; Inapplicable ; IO_000002 ; Capacity Checks                   ; Number of clocks in an I/O bank should not exceed the number of clocks available.                    ; Critical ; No Global Signal assignments found.                                      ; I/O                 ;                   ;
; Pass         ; IO_000003 ; Capacity Checks                   ; Number of pins in a Vrefgroup should not exceed the number of locations available.                   ; Critical ; 0 such failures found.                                                   ; I/O                 ;                   ;
; Inapplicable ; IO_000004 ; Voltage Compatibility Checks      ; The I/O bank should support the requested VCCIO.                                                     ; Critical ; No IOBANK_VCCIO assignments found.                                       ; I/O                 ;                   ;
; Inapplicable ; IO_000005 ; Voltage Compatibility Checks      ; The I/O bank should not have competing VREF values.                                                  ; Critical ; No VREF I/O Standard assignments found.                                  ; I/O                 ;                   ;
; Pass         ; IO_000006 ; Voltage Compatibility Checks      ; The I/O bank should not have competing VCCIO values.                                                 ; Critical ; 0 such failures found.                                                   ; I/O                 ;                   ;
; Pass         ; IO_000007 ; Valid Location Checks             ; Checks for unavailable locations.                                                                    ; Critical ; 0 such failures found.                                                   ; I/O                 ;                   ;
; Inapplicable ; IO_000008 ; Valid Location Checks             ; Checks for reserved locations.                                                                       ; Critical ; No reserved LogicLock region found.                                      ; I/O                 ;                   ;
; Pass         ; IO_000009 ; I/O Properties Checks for One I/O ; The location should support the requested I/O standard.                                              ; Critical ; 0 such failures found.                                                   ; I/O                 ;                   ;
; Pass         ; IO_000010 ; I/O Properties Checks for One I/O ; The location should support the requested I/O direction.                                             ; Critical ; 0 such failures found.                                                   ; I/O                 ;                   ;
; Inapplicable ; IO_000011 ; I/O Properties Checks for One I/O ; The location should support the requested Current Strength.                                          ; Critical ; No Current Strength assignments found.                                   ; I/O                 ;                   ;
; Pass         ; IO_000012 ; I/O Properties Checks for One I/O ; The location should support the requested On Chip Termination value.                                 ; Critical ; 0 such failures found.                                                   ; I/O                 ;                   ;
; Inapplicable ; IO_000013 ; I/O Properties Checks for One I/O ; The location should support the requested Bus Hold value.                                            ; Critical ; No Enable Bus-Hold Circuitry assignments found.                          ; I/O                 ;                   ;
; Inapplicable ; IO_000014 ; I/O Properties Checks for One I/O ; The location should support the requested Weak Pull Up value.                                        ; Critical ; No Weak Pull-Up Resistor assignments found.                              ; I/O                 ;                   ;
; Pass         ; IO_000015 ; I/O Properties Checks for One I/O ; The location should support the requested PCI Clamp Diode.                                           ; Critical ; 0 such failures found.                                                   ; I/O                 ;                   ;
; Inapplicable ; IO_000018 ; I/O Properties Checks for One I/O ; The I/O standard should support the requested Current Strength.                                      ; Critical ; No Current Strength assignments found.                                   ; I/O                 ;                   ;
; Pass         ; IO_000019 ; I/O Properties Checks for One I/O ; The I/O standard should support the requested On Chip Termination value.                             ; Critical ; 0 such failures found.                                                   ; I/O                 ;                   ;
; Pass         ; IO_000020 ; I/O Properties Checks for One I/O ; The I/O standard should support the requested PCI Clamp Diode.                                       ; Critical ; 0 such failures found.                                                   ; I/O                 ;                   ;
; Inapplicable ; IO_000021 ; I/O Properties Checks for One I/O ; The I/O standard should support the requested Weak Pull Up value.                                    ; Critical ; No Weak Pull-Up Resistor assignments found.                              ; I/O                 ;                   ;
; Inapplicable ; IO_000022 ; I/O Properties Checks for One I/O ; The I/O standard should support the requested Bus Hold value.                                        ; Critical ; No Enable Bus-Hold Circuitry assignments found.                          ; I/O                 ;                   ;
; Inapplicable ; IO_000023 ; I/O Properties Checks for One I/O ; The I/O standard should support the Open Drain value.                                                ; Critical ; No open drain assignments found.                                         ; I/O                 ;                   ;
; Pass         ; IO_000024 ; I/O Properties Checks for One I/O ; The I/O direction should support the On Chip Termination value.                                      ; Critical ; 0 such failures found.                                                   ; I/O                 ;                   ;
; Inapplicable ; IO_000026 ; I/O Properties Checks for One I/O ; On Chip Termination and Current Strength should not be used at the same time.                        ; Critical ; No Current Strength assignments found.                                   ; I/O                 ;                   ;
; Inapplicable ; IO_000027 ; I/O Properties Checks for One I/O ; Weak Pull Up and Bus Hold should not be used at the same time.                                       ; Critical ; No Enable Bus-Hold Circuitry or Weak Pull-Up Resistor assignments found. ; I/O                 ;                   ;
; Inapplicable ; IO_000045 ; I/O Properties Checks for One I/O ; The I/O standard should support the requested Slew Rate value.                                       ; Critical ; No Slew Rate assignments found.                                          ; I/O                 ;                   ;
; Inapplicable ; IO_000046 ; I/O Properties Checks for One I/O ; The location should support the requested Slew Rate value.                                           ; Critical ; No Slew Rate assignments found.                                          ; I/O                 ;                   ;
; Inapplicable ; IO_000047 ; I/O Properties Checks for One I/O ; On Chip Termination and Slew Rate should not be used at the same time.                               ; Critical ; No Slew Rate assignments found.                                          ; I/O                 ;                   ;
; Pass         ; IO_000033 ; Electromigration Checks           ; Current density for consecutive I/Os should not exceed 240mA for row I/Os and 240mA for column I/Os. ; Critical ; 0 such failures found.                                                   ; I/O                 ;                   ;
; Inapplicable ; IO_000034 ; SI Related Distance Checks        ; Single-ended outputs should be 5 LAB row(s) away from a differential I/O.                            ; High     ; No Differential I/O Standard assignments found.                          ; I/O                 ;                   ;
; Inapplicable ; IO_000042 ; SI Related SSO Limit Checks       ; No more than 20 outputs are allowed in a VREF group when VREF is being read from.                    ; High     ; No VREF I/O Standard assignments found.                                  ; I/O                 ;                   ;
; ----         ; ----      ; Disclaimer                        ; OCT rules are checked but not reported.                                                              ; None     ; ----                                                                     ; On Chip Termination ;                   ;
+--------------+-----------+-----------------------------------+------------------------------------------------------------------------------------------------------+----------+--------------------------------------------------------------------------+---------------------+-------------------+


+--------------------------------------------------------------------------------------------------------------------------------------------------------------------------------------------------------------------------------------------------------------------------------------------------------------------------------------------------------------------------------------------------------------------------------------------------------------------------+
; I/O Rules Matrix                                                                                                                                                                                                                                                                                                                                                                                                                                                         ;
+--------------------+--------------+--------------+--------------+--------------+--------------+-----------+--------------+--------------+-----------+-----------+--------------+--------------+--------------+--------------+--------------+--------------+--------------+--------------+--------------+--------------+--------------+--------------+--------------+--------------+--------------+--------------+--------------+-----------+--------------+--------------+
; Pin/Rules          ; IO_000001    ; IO_000002    ; IO_000003    ; IO_000004    ; IO_000005    ; IO_000006 ; IO_000007    ; IO_000008    ; IO_000009 ; IO_000010 ; IO_000011    ; IO_000012    ; IO_000013    ; IO_000014    ; IO_000015    ; IO_000018    ; IO_000019    ; IO_000020    ; IO_000021    ; IO_000022    ; IO_000023    ; IO_000024    ; IO_000026    ; IO_000027    ; IO_000045    ; IO_000046    ; IO_000047    ; IO_000033 ; IO_000034    ; IO_000042    ;
+--------------------+--------------+--------------+--------------+--------------+--------------+-----------+--------------+--------------+-----------+-----------+--------------+--------------+--------------+--------------+--------------+--------------+--------------+--------------+--------------+--------------+--------------+--------------+--------------+--------------+--------------+--------------+--------------+-----------+--------------+--------------+
; Total Pass         ; 65           ; 0            ; 65           ; 0            ; 0            ; 83        ; 65           ; 0            ; 83        ; 83        ; 0            ; 60           ; 0            ; 0            ; 23           ; 0            ; 60           ; 23           ; 0            ; 0            ; 0            ; 60           ; 0            ; 0            ; 0            ; 0            ; 0            ; 83        ; 0            ; 0            ;
; Total Unchecked    ; 0            ; 0            ; 0            ; 0            ; 0            ; 0         ; 0            ; 0            ; 0         ; 0         ; 0            ; 0            ; 0            ; 0            ; 0            ; 0            ; 0            ; 0            ; 0            ; 0            ; 0            ; 0            ; 0            ; 0            ; 0            ; 0            ; 0            ; 0         ; 0            ; 0            ;
; Total Inapplicable ; 18           ; 83           ; 18           ; 83           ; 83           ; 0         ; 18           ; 83           ; 0         ; 0         ; 83           ; 23           ; 83           ; 83           ; 60           ; 83           ; 23           ; 60           ; 83           ; 83           ; 83           ; 23           ; 83           ; 83           ; 83           ; 83           ; 83           ; 0         ; 83           ; 83           ;
; Total Fail         ; 0            ; 0            ; 0            ; 0            ; 0            ; 0         ; 0            ; 0            ; 0         ; 0         ; 0            ; 0            ; 0            ; 0            ; 0            ; 0            ; 0            ; 0            ; 0            ; 0            ; 0            ; 0            ; 0            ; 0            ; 0            ; 0            ; 0            ; 0         ; 0            ; 0            ;
; SW[0]              ; Pass         ; Inapplicable ; Pass         ; Inapplicable ; Inapplicable ; Pass      ; Pass         ; Inapplicable ; Pass      ; Pass      ; Inapplicable ; Inapplicable ; Inapplicable ; Inapplicable ; Pass         ; Inapplicable ; Inapplicable ; Pass         ; Inapplicable ; Inapplicable ; Inapplicable ; Inapplicable ; Inapplicable ; Inapplicable ; Inapplicable ; Inapplicable ; Inapplicable ; Pass      ; Inapplicable ; Inapplicable ;
; SW[1]              ; Pass         ; Inapplicable ; Pass         ; Inapplicable ; Inapplicable ; Pass      ; Pass         ; Inapplicable ; Pass      ; Pass      ; Inapplicable ; Inapplicable ; Inapplicable ; Inapplicable ; Pass         ; Inapplicable ; Inapplicable ; Pass         ; Inapplicable ; Inapplicable ; Inapplicable ; Inapplicable ; Inapplicable ; Inapplicable ; Inapplicable ; Inapplicable ; Inapplicable ; Pass      ; Inapplicable ; Inapplicable ;
; SW[2]              ; Pass         ; Inapplicable ; Pass         ; Inapplicable ; Inapplicable ; Pass      ; Pass         ; Inapplicable ; Pass      ; Pass      ; Inapplicable ; Inapplicable ; Inapplicable ; Inapplicable ; Pass         ; Inapplicable ; Inapplicable ; Pass         ; Inapplicable ; Inapplicable ; Inapplicable ; Inapplicable ; Inapplicable ; Inapplicable ; Inapplicable ; Inapplicable ; Inapplicable ; Pass      ; Inapplicable ; Inapplicable ;
; SW[3]              ; Pass         ; Inapplicable ; Pass         ; Inapplicable ; Inapplicable ; Pass      ; Pass         ; Inapplicable ; Pass      ; Pass      ; Inapplicable ; Inapplicable ; Inapplicable ; Inapplicable ; Pass         ; Inapplicable ; Inapplicable ; Pass         ; Inapplicable ; Inapplicable ; Inapplicable ; Inapplicable ; Inapplicable ; Inapplicable ; Inapplicable ; Inapplicable ; Inapplicable ; Pass      ; Inapplicable ; Inapplicable ;
; SW[4]              ; Pass         ; Inapplicable ; Pass         ; Inapplicable ; Inapplicable ; Pass      ; Pass         ; Inapplicable ; Pass      ; Pass      ; Inapplicable ; Inapplicable ; Inapplicable ; Inapplicable ; Pass         ; Inapplicable ; Inapplicable ; Pass         ; Inapplicable ; Inapplicable ; Inapplicable ; Inapplicable ; Inapplicable ; Inapplicable ; Inapplicable ; Inapplicable ; Inapplicable ; Pass      ; Inapplicable ; Inapplicable ;
; SW[5]              ; Pass         ; Inapplicable ; Pass         ; Inapplicable ; Inapplicable ; Pass      ; Pass         ; Inapplicable ; Pass      ; Pass      ; Inapplicable ; Inapplicable ; Inapplicable ; Inapplicable ; Pass         ; Inapplicable ; Inapplicable ; Pass         ; Inapplicable ; Inapplicable ; Inapplicable ; Inapplicable ; Inapplicable ; Inapplicable ; Inapplicable ; Inapplicable ; Inapplicable ; Pass      ; Inapplicable ; Inapplicable ;
; SW[6]              ; Pass         ; Inapplicable ; Pass         ; Inapplicable ; Inapplicable ; Pass      ; Pass         ; Inapplicable ; Pass      ; Pass      ; Inapplicable ; Inapplicable ; Inapplicable ; Inapplicable ; Pass         ; Inapplicable ; Inapplicable ; Pass         ; Inapplicable ; Inapplicable ; Inapplicable ; Inapplicable ; Inapplicable ; Inapplicable ; Inapplicable ; Inapplicable ; Inapplicable ; Pass      ; Inapplicable ; Inapplicable ;
; SW[7]              ; Pass         ; Inapplicable ; Pass         ; Inapplicable ; Inapplicable ; Pass      ; Pass         ; Inapplicable ; Pass      ; Pass      ; Inapplicable ; Inapplicable ; Inapplicable ; Inapplicable ; Pass         ; Inapplicable ; Inapplicable ; Pass         ; Inapplicable ; Inapplicable ; Inapplicable ; Inapplicable ; Inapplicable ; Inapplicable ; Inapplicable ; Inapplicable ; Inapplicable ; Pass      ; Inapplicable ; Inapplicable ;
; SW[8]              ; Pass         ; Inapplicable ; Pass         ; Inapplicable ; Inapplicable ; Pass      ; Pass         ; Inapplicable ; Pass      ; Pass      ; Inapplicable ; Inapplicable ; Inapplicable ; Inapplicable ; Pass         ; Inapplicable ; Inapplicable ; Pass         ; Inapplicable ; Inapplicable ; Inapplicable ; Inapplicable ; Inapplicable ; Inapplicable ; Inapplicable ; Inapplicable ; Inapplicable ; Pass      ; Inapplicable ; Inapplicable ;
; SW[9]              ; Pass         ; Inapplicable ; Pass         ; Inapplicable ; Inapplicable ; Pass      ; Pass         ; Inapplicable ; Pass      ; Pass      ; Inapplicable ; Inapplicable ; Inapplicable ; Inapplicable ; Pass         ; Inapplicable ; Inapplicable ; Pass         ; Inapplicable ; Inapplicable ; Inapplicable ; Inapplicable ; Inapplicable ; Inapplicable ; Inapplicable ; Inapplicable ; Inapplicable ; Pass      ; Inapplicable ; Inapplicable ;
; SW[10]             ; Pass         ; Inapplicable ; Pass         ; Inapplicable ; Inapplicable ; Pass      ; Pass         ; Inapplicable ; Pass      ; Pass      ; Inapplicable ; Inapplicable ; Inapplicable ; Inapplicable ; Pass         ; Inapplicable ; Inapplicable ; Pass         ; Inapplicable ; Inapplicable ; Inapplicable ; Inapplicable ; Inapplicable ; Inapplicable ; Inapplicable ; Inapplicable ; Inapplicable ; Pass      ; Inapplicable ; Inapplicable ;
; SW[11]             ; Pass         ; Inapplicable ; Pass         ; Inapplicable ; Inapplicable ; Pass      ; Pass         ; Inapplicable ; Pass      ; Pass      ; Inapplicable ; Inapplicable ; Inapplicable ; Inapplicable ; Pass         ; Inapplicable ; Inapplicable ; Pass         ; Inapplicable ; Inapplicable ; Inapplicable ; Inapplicable ; Inapplicable ; Inapplicable ; Inapplicable ; Inapplicable ; Inapplicable ; Pass      ; Inapplicable ; Inapplicable ;
; SW[12]             ; Pass         ; Inapplicable ; Pass         ; Inapplicable ; Inapplicable ; Pass      ; Pass         ; Inapplicable ; Pass      ; Pass      ; Inapplicable ; Inapplicable ; Inapplicable ; Inapplicable ; Pass         ; Inapplicable ; Inapplicable ; Pass         ; Inapplicable ; Inapplicable ; Inapplicable ; Inapplicable ; Inapplicable ; Inapplicable ; Inapplicable ; Inapplicable ; Inapplicable ; Pass      ; Inapplicable ; Inapplicable ;
; SW[13]             ; Pass         ; Inapplicable ; Pass         ; Inapplicable ; Inapplicable ; Pass      ; Pass         ; Inapplicable ; Pass      ; Pass      ; Inapplicable ; Inapplicable ; Inapplicable ; Inapplicable ; Pass         ; Inapplicable ; Inapplicable ; Pass         ; Inapplicable ; Inapplicable ; Inapplicable ; Inapplicable ; Inapplicable ; Inapplicable ; Inapplicable ; Inapplicable ; Inapplicable ; Pass      ; Inapplicable ; Inapplicable ;
; SW[14]             ; Pass         ; Inapplicable ; Pass         ; Inapplicable ; Inapplicable ; Pass      ; Pass         ; Inapplicable ; Pass      ; Pass      ; Inapplicable ; Inapplicable ; Inapplicable ; Inapplicable ; Pass         ; Inapplicable ; Inapplicable ; Pass         ; Inapplicable ; Inapplicable ; Inapplicable ; Inapplicable ; Inapplicable ; Inapplicable ; Inapplicable ; Inapplicable ; Inapplicable ; Pass      ; Inapplicable ; Inapplicable ;
; SW[15]             ; Pass         ; Inapplicable ; Pass         ; Inapplicable ; Inapplicable ; Pass      ; Pass         ; Inapplicable ; Pass      ; Pass      ; Inapplicable ; Inapplicable ; Inapplicable ; Inapplicable ; Pass         ; Inapplicable ; Inapplicable ; Pass         ; Inapplicable ; Inapplicable ; Inapplicable ; Inapplicable ; Inapplicable ; Inapplicable ; Inapplicable ; Inapplicable ; Inapplicable ; Pass      ; Inapplicable ; Inapplicable ;
; SW[16]             ; Pass         ; Inapplicable ; Pass         ; Inapplicable ; Inapplicable ; Pass      ; Pass         ; Inapplicable ; Pass      ; Pass      ; Inapplicable ; Inapplicable ; Inapplicable ; Inapplicable ; Pass         ; Inapplicable ; Inapplicable ; Pass         ; Inapplicable ; Inapplicable ; Inapplicable ; Inapplicable ; Inapplicable ; Inapplicable ; Inapplicable ; Inapplicable ; Inapplicable ; Pass      ; Inapplicable ; Inapplicable ;
; SW[17]             ; Pass         ; Inapplicable ; Pass         ; Inapplicable ; Inapplicable ; Pass      ; Pass         ; Inapplicable ; Pass      ; Pass      ; Inapplicable ; Inapplicable ; Inapplicable ; Inapplicable ; Pass         ; Inapplicable ; Inapplicable ; Pass         ; Inapplicable ; Inapplicable ; Inapplicable ; Inapplicable ; Inapplicable ; Inapplicable ; Inapplicable ; Inapplicable ; Inapplicable ; Pass      ; Inapplicable ; Inapplicable ;
; KEY[1]             ; Pass         ; Inapplicable ; Pass         ; Inapplicable ; Inapplicable ; Pass      ; Pass         ; Inapplicable ; Pass      ; Pass      ; Inapplicable ; Inapplicable ; Inapplicable ; Inapplicable ; Pass         ; Inapplicable ; Inapplicable ; Pass         ; Inapplicable ; Inapplicable ; Inapplicable ; Inapplicable ; Inapplicable ; Inapplicable ; Inapplicable ; Inapplicable ; Inapplicable ; Pass      ; Inapplicable ; Inapplicable ;
; KEY[2]             ; Pass         ; Inapplicable ; Pass         ; Inapplicable ; Inapplicable ; Pass      ; Pass         ; Inapplicable ; Pass      ; Pass      ; Inapplicable ; Inapplicable ; Inapplicable ; Inapplicable ; Pass         ; Inapplicable ; Inapplicable ; Pass         ; Inapplicable ; Inapplicable ; Inapplicable ; Inapplicable ; Inapplicable ; Inapplicable ; Inapplicable ; Inapplicable ; Inapplicable ; Pass      ; Inapplicable ; Inapplicable ;
; KEY[3]             ; Pass         ; Inapplicable ; Pass         ; Inapplicable ; Inapplicable ; Pass      ; Pass         ; Inapplicable ; Pass      ; Pass      ; Inapplicable ; Inapplicable ; Inapplicable ; Inapplicable ; Pass         ; Inapplicable ; Inapplicable ; Pass         ; Inapplicable ; Inapplicable ; Inapplicable ; Inapplicable ; Inapplicable ; Inapplicable ; Inapplicable ; Inapplicable ; Inapplicable ; Pass      ; Inapplicable ; Inapplicable ;
; HEX0[0]            ; Pass         ; Inapplicable ; Pass         ; Inapplicable ; Inapplicable ; Pass      ; Pass         ; Inapplicable ; Pass      ; Pass      ; Inapplicable ; Pass         ; Inapplicable ; Inapplicable ; Inapplicable ; Inapplicable ; Pass         ; Inapplicable ; Inapplicable ; Inapplicable ; Inapplicable ; Pass         ; Inapplicable ; Inapplicable ; Inapplicable ; Inapplicable ; Inapplicable ; Pass      ; Inapplicable ; Inapplicable ;
; HEX0[1]            ; Pass         ; Inapplicable ; Pass         ; Inapplicable ; Inapplicable ; Pass      ; Pass         ; Inapplicable ; Pass      ; Pass      ; Inapplicable ; Pass         ; Inapplicable ; Inapplicable ; Inapplicable ; Inapplicable ; Pass         ; Inapplicable ; Inapplicable ; Inapplicable ; Inapplicable ; Pass         ; Inapplicable ; Inapplicable ; Inapplicable ; Inapplicable ; Inapplicable ; Pass      ; Inapplicable ; Inapplicable ;
; HEX0[2]            ; Pass         ; Inapplicable ; Pass         ; Inapplicable ; Inapplicable ; Pass      ; Pass         ; Inapplicable ; Pass      ; Pass      ; Inapplicable ; Pass         ; Inapplicable ; Inapplicable ; Inapplicable ; Inapplicable ; Pass         ; Inapplicable ; Inapplicable ; Inapplicable ; Inapplicable ; Pass         ; Inapplicable ; Inapplicable ; Inapplicable ; Inapplicable ; Inapplicable ; Pass      ; Inapplicable ; Inapplicable ;
; HEX0[3]            ; Pass         ; Inapplicable ; Pass         ; Inapplicable ; Inapplicable ; Pass      ; Pass         ; Inapplicable ; Pass      ; Pass      ; Inapplicable ; Pass         ; Inapplicable ; Inapplicable ; Inapplicable ; Inapplicable ; Pass         ; Inapplicable ; Inapplicable ; Inapplicable ; Inapplicable ; Pass         ; Inapplicable ; Inapplicable ; Inapplicable ; Inapplicable ; Inapplicable ; Pass      ; Inapplicable ; Inapplicable ;
; HEX0[4]            ; Pass         ; Inapplicable ; Pass         ; Inapplicable ; Inapplicable ; Pass      ; Pass         ; Inapplicable ; Pass      ; Pass      ; Inapplicable ; Pass         ; Inapplicable ; Inapplicable ; Inapplicable ; Inapplicable ; Pass         ; Inapplicable ; Inapplicable ; Inapplicable ; Inapplicable ; Pass         ; Inapplicable ; Inapplicable ; Inapplicable ; Inapplicable ; Inapplicable ; Pass      ; Inapplicable ; Inapplicable ;
; HEX0[5]            ; Pass         ; Inapplicable ; Pass         ; Inapplicable ; Inapplicable ; Pass      ; Pass         ; Inapplicable ; Pass      ; Pass      ; Inapplicable ; Pass         ; Inapplicable ; Inapplicable ; Inapplicable ; Inapplicable ; Pass         ; Inapplicable ; Inapplicable ; Inapplicable ; Inapplicable ; Pass         ; Inapplicable ; Inapplicable ; Inapplicable ; Inapplicable ; Inapplicable ; Pass      ; Inapplicable ; Inapplicable ;
; HEX0[6]            ; Pass         ; Inapplicable ; Pass         ; Inapplicable ; Inapplicable ; Pass      ; Pass         ; Inapplicable ; Pass      ; Pass      ; Inapplicable ; Pass         ; Inapplicable ; Inapplicable ; Inapplicable ; Inapplicable ; Pass         ; Inapplicable ; Inapplicable ; Inapplicable ; Inapplicable ; Pass         ; Inapplicable ; Inapplicable ; Inapplicable ; Inapplicable ; Inapplicable ; Pass      ; Inapplicable ; Inapplicable ;
; HEX1[0]            ; Pass         ; Inapplicable ; Pass         ; Inapplicable ; Inapplicable ; Pass      ; Pass         ; Inapplicable ; Pass      ; Pass      ; Inapplicable ; Pass         ; Inapplicable ; Inapplicable ; Inapplicable ; Inapplicable ; Pass         ; Inapplicable ; Inapplicable ; Inapplicable ; Inapplicable ; Pass         ; Inapplicable ; Inapplicable ; Inapplicable ; Inapplicable ; Inapplicable ; Pass      ; Inapplicable ; Inapplicable ;
; HEX1[1]            ; Pass         ; Inapplicable ; Pass         ; Inapplicable ; Inapplicable ; Pass      ; Pass         ; Inapplicable ; Pass      ; Pass      ; Inapplicable ; Pass         ; Inapplicable ; Inapplicable ; Inapplicable ; Inapplicable ; Pass         ; Inapplicable ; Inapplicable ; Inapplicable ; Inapplicable ; Pass         ; Inapplicable ; Inapplicable ; Inapplicable ; Inapplicable ; Inapplicable ; Pass      ; Inapplicable ; Inapplicable ;
; HEX1[2]            ; Pass         ; Inapplicable ; Pass         ; Inapplicable ; Inapplicable ; Pass      ; Pass         ; Inapplicable ; Pass      ; Pass      ; Inapplicable ; Pass         ; Inapplicable ; Inapplicable ; Inapplicable ; Inapplicable ; Pass         ; Inapplicable ; Inapplicable ; Inapplicable ; Inapplicable ; Pass         ; Inapplicable ; Inapplicable ; Inapplicable ; Inapplicable ; Inapplicable ; Pass      ; Inapplicable ; Inapplicable ;
; HEX1[3]            ; Pass         ; Inapplicable ; Pass         ; Inapplicable ; Inapplicable ; Pass      ; Pass         ; Inapplicable ; Pass      ; Pass      ; Inapplicable ; Pass         ; Inapplicable ; Inapplicable ; Inapplicable ; Inapplicable ; Pass         ; Inapplicable ; Inapplicable ; Inapplicable ; Inapplicable ; Pass         ; Inapplicable ; Inapplicable ; Inapplicable ; Inapplicable ; Inapplicable ; Pass      ; Inapplicable ; Inapplicable ;
; HEX1[4]            ; Pass         ; Inapplicable ; Pass         ; Inapplicable ; Inapplicable ; Pass      ; Pass         ; Inapplicable ; Pass      ; Pass      ; Inapplicable ; Pass         ; Inapplicable ; Inapplicable ; Inapplicable ; Inapplicable ; Pass         ; Inapplicable ; Inapplicable ; Inapplicable ; Inapplicable ; Pass         ; Inapplicable ; Inapplicable ; Inapplicable ; Inapplicable ; Inapplicable ; Pass      ; Inapplicable ; Inapplicable ;
; HEX1[5]            ; Pass         ; Inapplicable ; Pass         ; Inapplicable ; Inapplicable ; Pass      ; Pass         ; Inapplicable ; Pass      ; Pass      ; Inapplicable ; Pass         ; Inapplicable ; Inapplicable ; Inapplicable ; Inapplicable ; Pass         ; Inapplicable ; Inapplicable ; Inapplicable ; Inapplicable ; Pass         ; Inapplicable ; Inapplicable ; Inapplicable ; Inapplicable ; Inapplicable ; Pass      ; Inapplicable ; Inapplicable ;
; HEX1[6]            ; Pass         ; Inapplicable ; Pass         ; Inapplicable ; Inapplicable ; Pass      ; Pass         ; Inapplicable ; Pass      ; Pass      ; Inapplicable ; Pass         ; Inapplicable ; Inapplicable ; Inapplicable ; Inapplicable ; Pass         ; Inapplicable ; Inapplicable ; Inapplicable ; Inapplicable ; Pass         ; Inapplicable ; Inapplicable ; Inapplicable ; Inapplicable ; Inapplicable ; Pass      ; Inapplicable ; Inapplicable ;
; HEX2[0]            ; Pass         ; Inapplicable ; Pass         ; Inapplicable ; Inapplicable ; Pass      ; Pass         ; Inapplicable ; Pass      ; Pass      ; Inapplicable ; Pass         ; Inapplicable ; Inapplicable ; Inapplicable ; Inapplicable ; Pass         ; Inapplicable ; Inapplicable ; Inapplicable ; Inapplicable ; Pass         ; Inapplicable ; Inapplicable ; Inapplicable ; Inapplicable ; Inapplicable ; Pass      ; Inapplicable ; Inapplicable ;
; HEX2[1]            ; Pass         ; Inapplicable ; Pass         ; Inapplicable ; Inapplicable ; Pass      ; Pass         ; Inapplicable ; Pass      ; Pass      ; Inapplicable ; Pass         ; Inapplicable ; Inapplicable ; Inapplicable ; Inapplicable ; Pass         ; Inapplicable ; Inapplicable ; Inapplicable ; Inapplicable ; Pass         ; Inapplicable ; Inapplicable ; Inapplicable ; Inapplicable ; Inapplicable ; Pass      ; Inapplicable ; Inapplicable ;
; HEX2[2]            ; Pass         ; Inapplicable ; Pass         ; Inapplicable ; Inapplicable ; Pass      ; Pass         ; Inapplicable ; Pass      ; Pass      ; Inapplicable ; Pass         ; Inapplicable ; Inapplicable ; Inapplicable ; Inapplicable ; Pass         ; Inapplicable ; Inapplicable ; Inapplicable ; Inapplicable ; Pass         ; Inapplicable ; Inapplicable ; Inapplicable ; Inapplicable ; Inapplicable ; Pass      ; Inapplicable ; Inapplicable ;
; HEX2[3]            ; Pass         ; Inapplicable ; Pass         ; Inapplicable ; Inapplicable ; Pass      ; Pass         ; Inapplicable ; Pass      ; Pass      ; Inapplicable ; Pass         ; Inapplicable ; Inapplicable ; Inapplicable ; Inapplicable ; Pass         ; Inapplicable ; Inapplicable ; Inapplicable ; Inapplicable ; Pass         ; Inapplicable ; Inapplicable ; Inapplicable ; Inapplicable ; Inapplicable ; Pass      ; Inapplicable ; Inapplicable ;
; HEX2[4]            ; Pass         ; Inapplicable ; Pass         ; Inapplicable ; Inapplicable ; Pass      ; Pass         ; Inapplicable ; Pass      ; Pass      ; Inapplicable ; Pass         ; Inapplicable ; Inapplicable ; Inapplicable ; Inapplicable ; Pass         ; Inapplicable ; Inapplicable ; Inapplicable ; Inapplicable ; Pass         ; Inapplicable ; Inapplicable ; Inapplicable ; Inapplicable ; Inapplicable ; Pass      ; Inapplicable ; Inapplicable ;
; HEX2[5]            ; Pass         ; Inapplicable ; Pass         ; Inapplicable ; Inapplicable ; Pass      ; Pass         ; Inapplicable ; Pass      ; Pass      ; Inapplicable ; Pass         ; Inapplicable ; Inapplicable ; Inapplicable ; Inapplicable ; Pass         ; Inapplicable ; Inapplicable ; Inapplicable ; Inapplicable ; Pass         ; Inapplicable ; Inapplicable ; Inapplicable ; Inapplicable ; Inapplicable ; Pass      ; Inapplicable ; Inapplicable ;
; HEX2[6]            ; Pass         ; Inapplicable ; Pass         ; Inapplicable ; Inapplicable ; Pass      ; Pass         ; Inapplicable ; Pass      ; Pass      ; Inapplicable ; Pass         ; Inapplicable ; Inapplicable ; Inapplicable ; Inapplicable ; Pass         ; Inapplicable ; Inapplicable ; Inapplicable ; Inapplicable ; Pass         ; Inapplicable ; Inapplicable ; Inapplicable ; Inapplicable ; Inapplicable ; Pass      ; Inapplicable ; Inapplicable ;
; HEX3[0]            ; Pass         ; Inapplicable ; Pass         ; Inapplicable ; Inapplicable ; Pass      ; Pass         ; Inapplicable ; Pass      ; Pass      ; Inapplicable ; Pass         ; Inapplicable ; Inapplicable ; Inapplicable ; Inapplicable ; Pass         ; Inapplicable ; Inapplicable ; Inapplicable ; Inapplicable ; Pass         ; Inapplicable ; Inapplicable ; Inapplicable ; Inapplicable ; Inapplicable ; Pass      ; Inapplicable ; Inapplicable ;
; HEX3[1]            ; Pass         ; Inapplicable ; Pass         ; Inapplicable ; Inapplicable ; Pass      ; Pass         ; Inapplicable ; Pass      ; Pass      ; Inapplicable ; Pass         ; Inapplicable ; Inapplicable ; Inapplicable ; Inapplicable ; Pass         ; Inapplicable ; Inapplicable ; Inapplicable ; Inapplicable ; Pass         ; Inapplicable ; Inapplicable ; Inapplicable ; Inapplicable ; Inapplicable ; Pass      ; Inapplicable ; Inapplicable ;
; HEX3[2]            ; Pass         ; Inapplicable ; Pass         ; Inapplicable ; Inapplicable ; Pass      ; Pass         ; Inapplicable ; Pass      ; Pass      ; Inapplicable ; Pass         ; Inapplicable ; Inapplicable ; Inapplicable ; Inapplicable ; Pass         ; Inapplicable ; Inapplicable ; Inapplicable ; Inapplicable ; Pass         ; Inapplicable ; Inapplicable ; Inapplicable ; Inapplicable ; Inapplicable ; Pass      ; Inapplicable ; Inapplicable ;
; HEX3[3]            ; Pass         ; Inapplicable ; Pass         ; Inapplicable ; Inapplicable ; Pass      ; Pass         ; Inapplicable ; Pass      ; Pass      ; Inapplicable ; Pass         ; Inapplicable ; Inapplicable ; Inapplicable ; Inapplicable ; Pass         ; Inapplicable ; Inapplicable ; Inapplicable ; Inapplicable ; Pass         ; Inapplicable ; Inapplicable ; Inapplicable ; Inapplicable ; Inapplicable ; Pass      ; Inapplicable ; Inapplicable ;
; HEX3[4]            ; Pass         ; Inapplicable ; Pass         ; Inapplicable ; Inapplicable ; Pass      ; Pass         ; Inapplicable ; Pass      ; Pass      ; Inapplicable ; Pass         ; Inapplicable ; Inapplicable ; Inapplicable ; Inapplicable ; Pass         ; Inapplicable ; Inapplicable ; Inapplicable ; Inapplicable ; Pass         ; Inapplicable ; Inapplicable ; Inapplicable ; Inapplicable ; Inapplicable ; Pass      ; Inapplicable ; Inapplicable ;
; HEX3[5]            ; Pass         ; Inapplicable ; Pass         ; Inapplicable ; Inapplicable ; Pass      ; Pass         ; Inapplicable ; Pass      ; Pass      ; Inapplicable ; Pass         ; Inapplicable ; Inapplicable ; Inapplicable ; Inapplicable ; Pass         ; Inapplicable ; Inapplicable ; Inapplicable ; Inapplicable ; Pass         ; Inapplicable ; Inapplicable ; Inapplicable ; Inapplicable ; Inapplicable ; Pass      ; Inapplicable ; Inapplicable ;
; HEX3[6]            ; Pass         ; Inapplicable ; Pass         ; Inapplicable ; Inapplicable ; Pass      ; Pass         ; Inapplicable ; Pass      ; Pass      ; Inapplicable ; Pass         ; Inapplicable ; Inapplicable ; Inapplicable ; Inapplicable ; Pass         ; Inapplicable ; Inapplicable ; Inapplicable ; Inapplicable ; Pass         ; Inapplicable ; Inapplicable ; Inapplicable ; Inapplicable ; Inapplicable ; Pass      ; Inapplicable ; Inapplicable ;
; HEX4[0]            ; Pass         ; Inapplicable ; Pass         ; Inapplicable ; Inapplicable ; Pass      ; Pass         ; Inapplicable ; Pass      ; Pass      ; Inapplicable ; Pass         ; Inapplicable ; Inapplicable ; Inapplicable ; Inapplicable ; Pass         ; Inapplicable ; Inapplicable ; Inapplicable ; Inapplicable ; Pass         ; Inapplicable ; Inapplicable ; Inapplicable ; Inapplicable ; Inapplicable ; Pass      ; Inapplicable ; Inapplicable ;
; HEX4[1]            ; Pass         ; Inapplicable ; Pass         ; Inapplicable ; Inapplicable ; Pass      ; Pass         ; Inapplicable ; Pass      ; Pass      ; Inapplicable ; Pass         ; Inapplicable ; Inapplicable ; Inapplicable ; Inapplicable ; Pass         ; Inapplicable ; Inapplicable ; Inapplicable ; Inapplicable ; Pass         ; Inapplicable ; Inapplicable ; Inapplicable ; Inapplicable ; Inapplicable ; Pass      ; Inapplicable ; Inapplicable ;
; HEX4[2]            ; Pass         ; Inapplicable ; Pass         ; Inapplicable ; Inapplicable ; Pass      ; Pass         ; Inapplicable ; Pass      ; Pass      ; Inapplicable ; Pass         ; Inapplicable ; Inapplicable ; Inapplicable ; Inapplicable ; Pass         ; Inapplicable ; Inapplicable ; Inapplicable ; Inapplicable ; Pass         ; Inapplicable ; Inapplicable ; Inapplicable ; Inapplicable ; Inapplicable ; Pass      ; Inapplicable ; Inapplicable ;
; HEX4[3]            ; Pass         ; Inapplicable ; Pass         ; Inapplicable ; Inapplicable ; Pass      ; Pass         ; Inapplicable ; Pass      ; Pass      ; Inapplicable ; Pass         ; Inapplicable ; Inapplicable ; Inapplicable ; Inapplicable ; Pass         ; Inapplicable ; Inapplicable ; Inapplicable ; Inapplicable ; Pass         ; Inapplicable ; Inapplicable ; Inapplicable ; Inapplicable ; Inapplicable ; Pass      ; Inapplicable ; Inapplicable ;
; HEX4[4]            ; Pass         ; Inapplicable ; Pass         ; Inapplicable ; Inapplicable ; Pass      ; Pass         ; Inapplicable ; Pass      ; Pass      ; Inapplicable ; Pass         ; Inapplicable ; Inapplicable ; Inapplicable ; Inapplicable ; Pass         ; Inapplicable ; Inapplicable ; Inapplicable ; Inapplicable ; Pass         ; Inapplicable ; Inapplicable ; Inapplicable ; Inapplicable ; Inapplicable ; Pass      ; Inapplicable ; Inapplicable ;
; HEX4[5]            ; Pass         ; Inapplicable ; Pass         ; Inapplicable ; Inapplicable ; Pass      ; Pass         ; Inapplicable ; Pass      ; Pass      ; Inapplicable ; Pass         ; Inapplicable ; Inapplicable ; Inapplicable ; Inapplicable ; Pass         ; Inapplicable ; Inapplicable ; Inapplicable ; Inapplicable ; Pass         ; Inapplicable ; Inapplicable ; Inapplicable ; Inapplicable ; Inapplicable ; Pass      ; Inapplicable ; Inapplicable ;
; HEX4[6]            ; Pass         ; Inapplicable ; Pass         ; Inapplicable ; Inapplicable ; Pass      ; Pass         ; Inapplicable ; Pass      ; Pass      ; Inapplicable ; Pass         ; Inapplicable ; Inapplicable ; Inapplicable ; Inapplicable ; Pass         ; Inapplicable ; Inapplicable ; Inapplicable ; Inapplicable ; Pass         ; Inapplicable ; Inapplicable ; Inapplicable ; Inapplicable ; Inapplicable ; Pass      ; Inapplicable ; Inapplicable ;
; HEX5[0]            ; Pass         ; Inapplicable ; Pass         ; Inapplicable ; Inapplicable ; Pass      ; Pass         ; Inapplicable ; Pass      ; Pass      ; Inapplicable ; Pass         ; Inapplicable ; Inapplicable ; Inapplicable ; Inapplicable ; Pass         ; Inapplicable ; Inapplicable ; Inapplicable ; Inapplicable ; Pass         ; Inapplicable ; Inapplicable ; Inapplicable ; Inapplicable ; Inapplicable ; Pass      ; Inapplicable ; Inapplicable ;
; HEX5[1]            ; Pass         ; Inapplicable ; Pass         ; Inapplicable ; Inapplicable ; Pass      ; Pass         ; Inapplicable ; Pass      ; Pass      ; Inapplicable ; Pass         ; Inapplicable ; Inapplicable ; Inapplicable ; Inapplicable ; Pass         ; Inapplicable ; Inapplicable ; Inapplicable ; Inapplicable ; Pass         ; Inapplicable ; Inapplicable ; Inapplicable ; Inapplicable ; Inapplicable ; Pass      ; Inapplicable ; Inapplicable ;
; HEX5[2]            ; Pass         ; Inapplicable ; Pass         ; Inapplicable ; Inapplicable ; Pass      ; Pass         ; Inapplicable ; Pass      ; Pass      ; Inapplicable ; Pass         ; Inapplicable ; Inapplicable ; Inapplicable ; Inapplicable ; Pass         ; Inapplicable ; Inapplicable ; Inapplicable ; Inapplicable ; Pass         ; Inapplicable ; Inapplicable ; Inapplicable ; Inapplicable ; Inapplicable ; Pass      ; Inapplicable ; Inapplicable ;
; HEX5[3]            ; Pass         ; Inapplicable ; Pass         ; Inapplicable ; Inapplicable ; Pass      ; Pass         ; Inapplicable ; Pass      ; Pass      ; Inapplicable ; Pass         ; Inapplicable ; Inapplicable ; Inapplicable ; Inapplicable ; Pass         ; Inapplicable ; Inapplicable ; Inapplicable ; Inapplicable ; Pass         ; Inapplicable ; Inapplicable ; Inapplicable ; Inapplicable ; Inapplicable ; Pass      ; Inapplicable ; Inapplicable ;
; HEX5[4]            ; Pass         ; Inapplicable ; Pass         ; Inapplicable ; Inapplicable ; Pass      ; Pass         ; Inapplicable ; Pass      ; Pass      ; Inapplicable ; Pass         ; Inapplicable ; Inapplicable ; Inapplicable ; Inapplicable ; Pass         ; Inapplicable ; Inapplicable ; Inapplicable ; Inapplicable ; Pass         ; Inapplicable ; Inapplicable ; Inapplicable ; Inapplicable ; Inapplicable ; Pass      ; Inapplicable ; Inapplicable ;
; HEX5[5]            ; Pass         ; Inapplicable ; Pass         ; Inapplicable ; Inapplicable ; Pass      ; Pass         ; Inapplicable ; Pass      ; Pass      ; Inapplicable ; Pass         ; Inapplicable ; Inapplicable ; Inapplicable ; Inapplicable ; Pass         ; Inapplicable ; Inapplicable ; Inapplicable ; Inapplicable ; Pass         ; Inapplicable ; Inapplicable ; Inapplicable ; Inapplicable ; Inapplicable ; Pass      ; Inapplicable ; Inapplicable ;
; HEX5[6]            ; Pass         ; Inapplicable ; Pass         ; Inapplicable ; Inapplicable ; Pass      ; Pass         ; Inapplicable ; Pass      ; Pass      ; Inapplicable ; Pass         ; Inapplicable ; Inapplicable ; Inapplicable ; Inapplicable ; Pass         ; Inapplicable ; Inapplicable ; Inapplicable ; Inapplicable ; Pass         ; Inapplicable ; Inapplicable ; Inapplicable ; Inapplicable ; Inapplicable ; Pass      ; Inapplicable ; Inapplicable ;
; LEDR[0]            ; Inapplicable ; Inapplicable ; Inapplicable ; Inapplicable ; Inapplicable ; Pass      ; Inapplicable ; Inapplicable ; Pass      ; Pass      ; Inapplicable ; Pass         ; Inapplicable ; Inapplicable ; Inapplicable ; Inapplicable ; Pass         ; Inapplicable ; Inapplicable ; Inapplicable ; Inapplicable ; Pass         ; Inapplicable ; Inapplicable ; Inapplicable ; Inapplicable ; Inapplicable ; Pass      ; Inapplicable ; Inapplicable ;
; LEDR[1]            ; Inapplicable ; Inapplicable ; Inapplicable ; Inapplicable ; Inapplicable ; Pass      ; Inapplicable ; Inapplicable ; Pass      ; Pass      ; Inapplicable ; Pass         ; Inapplicable ; Inapplicable ; Inapplicable ; Inapplicable ; Pass         ; Inapplicable ; Inapplicable ; Inapplicable ; Inapplicable ; Pass         ; Inapplicable ; Inapplicable ; Inapplicable ; Inapplicable ; Inapplicable ; Pass      ; Inapplicable ; Inapplicable ;
; LEDR[2]            ; Inapplicable ; Inapplicable ; Inapplicable ; Inapplicable ; Inapplicable ; Pass      ; Inapplicable ; Inapplicable ; Pass      ; Pass      ; Inapplicable ; Pass         ; Inapplicable ; Inapplicable ; Inapplicable ; Inapplicable ; Pass         ; Inapplicable ; Inapplicable ; Inapplicable ; Inapplicable ; Pass         ; Inapplicable ; Inapplicable ; Inapplicable ; Inapplicable ; Inapplicable ; Pass      ; Inapplicable ; Inapplicable ;
; LEDR[3]            ; Inapplicable ; Inapplicable ; Inapplicable ; Inapplicable ; Inapplicable ; Pass      ; Inapplicable ; Inapplicable ; Pass      ; Pass      ; Inapplicable ; Pass         ; Inapplicable ; Inapplicable ; Inapplicable ; Inapplicable ; Pass         ; Inapplicable ; Inapplicable ; Inapplicable ; Inapplicable ; Pass         ; Inapplicable ; Inapplicable ; Inapplicable ; Inapplicable ; Inapplicable ; Pass      ; Inapplicable ; Inapplicable ;
; LEDR[4]            ; Inapplicable ; Inapplicable ; Inapplicable ; Inapplicable ; Inapplicable ; Pass      ; Inapplicable ; Inapplicable ; Pass      ; Pass      ; Inapplicable ; Pass         ; Inapplicable ; Inapplicable ; Inapplicable ; Inapplicable ; Pass         ; Inapplicable ; Inapplicable ; Inapplicable ; Inapplicable ; Pass         ; Inapplicable ; Inapplicable ; Inapplicable ; Inapplicable ; Inapplicable ; Pass      ; Inapplicable ; Inapplicable ;
; LEDR[5]            ; Inapplicable ; Inapplicable ; Inapplicable ; Inapplicable ; Inapplicable ; Pass      ; Inapplicable ; Inapplicable ; Pass      ; Pass      ; Inapplicable ; Pass         ; Inapplicable ; Inapplicable ; Inapplicable ; Inapplicable ; Pass         ; Inapplicable ; Inapplicable ; Inapplicable ; Inapplicable ; Pass         ; Inapplicable ; Inapplicable ; Inapplicable ; Inapplicable ; Inapplicable ; Pass      ; Inapplicable ; Inapplicable ;
; LEDR[6]            ; Inapplicable ; Inapplicable ; Inapplicable ; Inapplicable ; Inapplicable ; Pass      ; Inapplicable ; Inapplicable ; Pass      ; Pass      ; Inapplicable ; Pass         ; Inapplicable ; Inapplicable ; Inapplicable ; Inapplicable ; Pass         ; Inapplicable ; Inapplicable ; Inapplicable ; Inapplicable ; Pass         ; Inapplicable ; Inapplicable ; Inapplicable ; Inapplicable ; Inapplicable ; Pass      ; Inapplicable ; Inapplicable ;
; LEDR[7]            ; Inapplicable ; Inapplicable ; Inapplicable ; Inapplicable ; Inapplicable ; Pass      ; Inapplicable ; Inapplicable ; Pass      ; Pass      ; Inapplicable ; Pass         ; Inapplicable ; Inapplicable ; Inapplicable ; Inapplicable ; Pass         ; Inapplicable ; Inapplicable ; Inapplicable ; Inapplicable ; Pass         ; Inapplicable ; Inapplicable ; Inapplicable ; Inapplicable ; Inapplicable ; Pass      ; Inapplicable ; Inapplicable ;
; LEDR[8]            ; Inapplicable ; Inapplicable ; Inapplicable ; Inapplicable ; Inapplicable ; Pass      ; Inapplicable ; Inapplicable ; Pass      ; Pass      ; Inapplicable ; Pass         ; Inapplicable ; Inapplicable ; Inapplicable ; Inapplicable ; Pass         ; Inapplicable ; Inapplicable ; Inapplicable ; Inapplicable ; Pass         ; Inapplicable ; Inapplicable ; Inapplicable ; Inapplicable ; Inapplicable ; Pass      ; Inapplicable ; Inapplicable ;
; LEDR[9]            ; Inapplicable ; Inapplicable ; Inapplicable ; Inapplicable ; Inapplicable ; Pass      ; Inapplicable ; Inapplicable ; Pass      ; Pass      ; Inapplicable ; Pass         ; Inapplicable ; Inapplicable ; Inapplicable ; Inapplicable ; Pass         ; Inapplicable ; Inapplicable ; Inapplicable ; Inapplicable ; Pass         ; Inapplicable ; Inapplicable ; Inapplicable ; Inapplicable ; Inapplicable ; Pass      ; Inapplicable ; Inapplicable ;
; LEDR[10]           ; Inapplicable ; Inapplicable ; Inapplicable ; Inapplicable ; Inapplicable ; Pass      ; Inapplicable ; Inapplicable ; Pass      ; Pass      ; Inapplicable ; Pass         ; Inapplicable ; Inapplicable ; Inapplicable ; Inapplicable ; Pass         ; Inapplicable ; Inapplicable ; Inapplicable ; Inapplicable ; Pass         ; Inapplicable ; Inapplicable ; Inapplicable ; Inapplicable ; Inapplicable ; Pass      ; Inapplicable ; Inapplicable ;
; LEDR[11]           ; Inapplicable ; Inapplicable ; Inapplicable ; Inapplicable ; Inapplicable ; Pass      ; Inapplicable ; Inapplicable ; Pass      ; Pass      ; Inapplicable ; Pass         ; Inapplicable ; Inapplicable ; Inapplicable ; Inapplicable ; Pass         ; Inapplicable ; Inapplicable ; Inapplicable ; Inapplicable ; Pass         ; Inapplicable ; Inapplicable ; Inapplicable ; Inapplicable ; Inapplicable ; Pass      ; Inapplicable ; Inapplicable ;
; LEDR[12]           ; Inapplicable ; Inapplicable ; Inapplicable ; Inapplicable ; Inapplicable ; Pass      ; Inapplicable ; Inapplicable ; Pass      ; Pass      ; Inapplicable ; Pass         ; Inapplicable ; Inapplicable ; Inapplicable ; Inapplicable ; Pass         ; Inapplicable ; Inapplicable ; Inapplicable ; Inapplicable ; Pass         ; Inapplicable ; Inapplicable ; Inapplicable ; Inapplicable ; Inapplicable ; Pass      ; Inapplicable ; Inapplicable ;
; LEDR[13]           ; Inapplicable ; Inapplicable ; Inapplicable ; Inapplicable ; Inapplicable ; Pass      ; Inapplicable ; Inapplicable ; Pass      ; Pass      ; Inapplicable ; Pass         ; Inapplicable ; Inapplicable ; Inapplicable ; Inapplicable ; Pass         ; Inapplicable ; Inapplicable ; Inapplicable ; Inapplicable ; Pass         ; Inapplicable ; Inapplicable ; Inapplicable ; Inapplicable ; Inapplicable ; Pass      ; Inapplicable ; Inapplicable ;
; LEDR[14]           ; Inapplicable ; Inapplicable ; Inapplicable ; Inapplicable ; Inapplicable ; Pass      ; Inapplicable ; Inapplicable ; Pass      ; Pass      ; Inapplicable ; Pass         ; Inapplicable ; Inapplicable ; Inapplicable ; Inapplicable ; Pass         ; Inapplicable ; Inapplicable ; Inapplicable ; Inapplicable ; Pass         ; Inapplicable ; Inapplicable ; Inapplicable ; Inapplicable ; Inapplicable ; Pass      ; Inapplicable ; Inapplicable ;
; LEDR[15]           ; Inapplicable ; Inapplicable ; Inapplicable ; Inapplicable ; Inapplicable ; Pass      ; Inapplicable ; Inapplicable ; Pass      ; Pass      ; Inapplicable ; Pass         ; Inapplicable ; Inapplicable ; Inapplicable ; Inapplicable ; Pass         ; Inapplicable ; Inapplicable ; Inapplicable ; Inapplicable ; Pass         ; Inapplicable ; Inapplicable ; Inapplicable ; Inapplicable ; Inapplicable ; Pass      ; Inapplicable ; Inapplicable ;
; LEDR[16]           ; Inapplicable ; Inapplicable ; Inapplicable ; Inapplicable ; Inapplicable ; Pass      ; Inapplicable ; Inapplicable ; Pass      ; Pass      ; Inapplicable ; Pass         ; Inapplicable ; Inapplicable ; Inapplicable ; Inapplicable ; Pass         ; Inapplicable ; Inapplicable ; Inapplicable ; Inapplicable ; Pass         ; Inapplicable ; Inapplicable ; Inapplicable ; Inapplicable ; Inapplicable ; Pass      ; Inapplicable ; Inapplicable ;
; LEDR[17]           ; Inapplicable ; Inapplicable ; Inapplicable ; Inapplicable ; Inapplicable ; Pass      ; Inapplicable ; Inapplicable ; Pass      ; Pass      ; Inapplicable ; Pass         ; Inapplicable ; Inapplicable ; Inapplicable ; Inapplicable ; Pass         ; Inapplicable ; Inapplicable ; Inapplicable ; Inapplicable ; Pass         ; Inapplicable ; Inapplicable ; Inapplicable ; Inapplicable ; Inapplicable ; Pass      ; Inapplicable ; Inapplicable ;
; CLOCK_50           ; Pass         ; Inapplicable ; Pass         ; Inapplicable ; Inapplicable ; Pass      ; Pass         ; Inapplicable ; Pass      ; Pass      ; Inapplicable ; Inapplicable ; Inapplicable ; Inapplicable ; Pass         ; Inapplicable ; Inapplicable ; Pass         ; Inapplicable ; Inapplicable ; Inapplicable ; Inapplicable ; Inapplicable ; Inapplicable ; Inapplicable ; Inapplicable ; Inapplicable ; Pass      ; Inapplicable ; Inapplicable ;
; KEY[0]             ; Pass         ; Inapplicable ; Pass         ; Inapplicable ; Inapplicable ; Pass      ; Pass         ; Inapplicable ; Pass      ; Pass      ; Inapplicable ; Inapplicable ; Inapplicable ; Inapplicable ; Pass         ; Inapplicable ; Inapplicable ; Pass         ; Inapplicable ; Inapplicable ; Inapplicable ; Inapplicable ; Inapplicable ; Inapplicable ; Inapplicable ; Inapplicable ; Inapplicable ; Pass      ; Inapplicable ; Inapplicable ;
+--------------------+--------------+--------------+--------------+--------------+--------------+-----------+--------------+--------------+-----------+-----------+--------------+--------------+--------------+--------------+--------------+--------------+--------------+--------------+--------------+--------------+--------------+--------------+--------------+--------------+--------------+--------------+--------------+-----------+--------------+--------------+


+---------------------------------------------------------------------------------------------+
; Fitter Device Options                                                                       ;
+------------------------------------------------------------------+--------------------------+
; Option                                                           ; Setting                  ;
+------------------------------------------------------------------+--------------------------+
; Enable user-supplied start-up clock (CLKUSR)                     ; Off                      ;
; Enable device-wide reset (DEV_CLRn)                              ; Off                      ;
; Enable device-wide output enable (DEV_OE)                        ; Off                      ;
; Enable INIT_DONE output                                          ; Off                      ;
; Configuration scheme                                             ; Active Serial            ;
; Error detection CRC                                              ; Off                      ;
; Enable open drain on CRC_ERROR pin                               ; Off                      ;
; Enable input tri-state on active configuration pins in user mode ; Off                      ;
; Configuration Voltage Level                                      ; Auto                     ;
; Force Configuration Voltage Level                                ; Off                      ;
; nCEO                                                             ; As output driving ground ;
; Data[0]                                                          ; As input tri-stated      ;
; Data[1]/ASDO                                                     ; As input tri-stated      ;
; Data[7..2]                                                       ; Unreserved               ;
; FLASH_nCE/nCSO                                                   ; As input tri-stated      ;
; Other Active Parallel pins                                       ; Unreserved               ;
; DCLK                                                             ; As output driving ground ;
+------------------------------------------------------------------+--------------------------+


+------------------------------------+
; Operating Settings and Conditions  ;
+---------------------------+--------+
; Setting                   ; Value  ;
+---------------------------+--------+
; Nominal Core Voltage      ; 1.20 V ;
; Low Junction Temperature  ; 0 °C   ;
; High Junction Temperature ; 85 °C  ;
+---------------------------+--------+


+-----------------+
; Fitter Messages ;
+-----------------+
Warning (18236): Number of processors has not been specified which may cause overloading on shared machines.  Set the global assignment NUM_PARALLEL_PROCESSORS in your QSF to an appropriate value for best performance.
Info (20030): Parallel compilation is enabled and will use 6 of the 6 processors detected
Info (119006): Selected device EP4CE115F29C7 for design "Processador_GUI_MIPS"
Info (21077): Low junction temperature is 0 degrees C
Info (21077): High junction temperature is 85 degrees C
Info (171003): Fitter is performing an Auto Fit compilation, which may decrease Fitter effort to reduce compilation time
Warning (292013): Feature LogicLock is only available with a valid subscription license. You can purchase a software subscription to gain full access to this feature.
Info (176444): Device migration not selected. If you intend to use device migration later, you may need to change the pin assignments as they may be incompatible with other devices
    Info (176445): Device EP4CE40F29C7 is compatible
    Info (176445): Device EP4CE40F29I7 is compatible
    Info (176445): Device EP4CE30F29C7 is compatible
    Info (176445): Device EP4CE30F29I7 is compatible
    Info (176445): Device EP4CE55F29C7 is compatible
    Info (176445): Device EP4CE55F29I7 is compatible
    Info (176445): Device EP4CE75F29C7 is compatible
    Info (176445): Device EP4CE75F29I7 is compatible
    Info (176445): Device EP4CE115F29I7 is compatible
Info (169124): Fitter converted 5 user pins into dedicated programming pins
    Info (169125): Pin ~ALTERA_ASDO_DATA1~ is reserved at location F4
    Info (169125): Pin ~ALTERA_FLASH_nCE_nCSO~ is reserved at location E2
    Info (169125): Pin ~ALTERA_DCLK~ is reserved at location P3
    Info (169125): Pin ~ALTERA_DATA0~ is reserved at location N7
    Info (169125): Pin ~ALTERA_nCEO~ is reserved at location P28
Warning (15714): Some pins have incomplete I/O assignments. Refer to the I/O Assignment Warnings report for details
Info (176045): Design uses memory blocks. Violating setup or hold times of memory block address registers for either read or write operations could cause memory contents to be corrupted. Make sure that all memory block address registers meet the setup and hold time requirements.
Critical Warning (169085): No exact pin location assignment(s) for 18 pins of 83 total pins. For the list of pins please refer to the I/O Assignment Warnings table in the fitter report.
Critical Warning (332012): Synopsys Design Constraints File file not found: 'Processador_GUI_MIPS.sdc'. A Synopsys Design Constraints File is required by the TimeQuest Timing Analyzer to get proper timing constraints. Without it, the Compiler will not properly optimize the design.
Info (332144): No user constrained base clocks found in the design
Info (332143): No user constrained clock uncertainty found in the design. Calling "derive_clock_uncertainty"
Info (332154): The derive_clock_uncertainty command did not apply clock uncertainty to any clock-to-clock transfers.
Info (332130): Timing requirements not specified -- quality metrics such as performance may be sacrificed to reduce compilation time.
Info (176353): Automatically promoted node CLOCK_50~input (placed in PIN Y2 (CLK2, DIFFCLK_1p)) File: C:/Users/usuario/Desktop/Projeto Final/Nova pasta/Processador_GUI_MIPS.v Line: 7
    Info (176355): Automatically promoted destinations to use location or clock signal Global Clock CLKCTRL_G4
Info (176233): Starting register packing
Info (176235): Finished register packing
    Extra Info (176219): No registers were packed into other blocks
Info (176214): Statistics of I/O pins that need to be placed that use the same VCCIO and VREF, before I/O pin placement
    Info (176211): Number of I/O pins in group: 18 (unused VREF, 2.5V VCCIO, 0 input, 18 output, 0 bidirectional)
        Info (176212): I/O standards used: 2.5 V.
Info (176215): I/O bank details before I/O pin placement
    Info (176214): Statistics of I/O banks
        Info (176213): I/O bank number 1 does not use VREF pins and has undetermined VCCIO pins. 4 total pin(s) used --  52 pins available
        Info (176213): I/O bank number 2 does not use VREF pins and has undetermined VCCIO pins. 1 total pin(s) used --  62 pins available
        Info (176213): I/O bank number 3 does not use VREF pins and has undetermined VCCIO pins. 0 total pin(s) used --  73 pins available
        Info (176213): I/O bank number 4 does not use VREF pins and has 2.5V VCCIO pins. 41 total pin(s) used --  30 pins available
        Info (176213): I/O bank number 5 does not use VREF pins and has 2.5V VCCIO pins. 15 total pin(s) used --  50 pins available
        Info (176213): I/O bank number 6 does not use VREF pins and has 2.5V VCCIO pins. 6 total pin(s) used --  52 pins available
        Info (176213): I/O bank number 7 does not use VREF pins and has 2.5V VCCIO pins. 3 total pin(s) used --  69 pins available
        Info (176213): I/O bank number 8 does not use VREF pins and has undetermined VCCIO pins. 0 total pin(s) used --  71 pins available
Warning (15705): Ignored locations or region assignments to the following nodes
    Warning (15706): Node "HEX6[0]" is assigned to location or region, but does not exist in design
    Warning (15706): Node "HEX6[1]" is assigned to location or region, but does not exist in design
    Warning (15706): Node "HEX6[2]" is assigned to location or region, but does not exist in design
    Warning (15706): Node "HEX6[3]" is assigned to location or region, but does not exist in design
    Warning (15706): Node "HEX6[4]" is assigned to location or region, but does not exist in design
    Warning (15706): Node "HEX6[5]" is assigned to location or region, but does not exist in design
    Warning (15706): Node "HEX6[6]" is assigned to location or region, but does not exist in design
Info (171121): Fitter preparation operations ending: elapsed time is 00:00:57
Info (14896): Fitter has disabled Advanced Physical Optimization because it is not supported for the current family.
Info (170189): Fitter placement preparation operations beginning
Info (170190): Fitter placement preparation operations ending: elapsed time is 00:00:21
Info (170191): Fitter placement operations beginning
Info (170137): Fitter placement was successful
Info (170192): Fitter placement operations ending: elapsed time is 00:04:51
Info (170193): Fitter routing operations beginning
Info (170195): Router estimated average interconnect usage is 30% of the available device resources
    Info (170196): Router estimated peak interconnect usage is 81% of the available device resources in the region that extends from location X23_Y37 to location X33_Y48
Warning (16684): The router is trying to resolve an exceedingly large amount of congestion. At the moment, it predicts long routing run time and/or significant setup or hold timing failures. Congestion details can be found in the Chip Planner.
Info (170131): Fitter routing phase terminated due to predicted failure from regional routing congestion
    Info (170132): Routing phase ended with 4174 interconnect resources used by multiple signals
    Info (170196): Router estimated peak interconnect usage is 88% of the available device resources in the region that extends from location X58_Y37 to location X68_Y48
    Info (170133): The likelihood of this design fitting with aggressive routability optimizations is moderate
Warning (16618): Fitter routing phase terminated due to routing congestion. Congestion details can be found in Chip Planner.
Info (170134): Cannot fit design in device -- retrying with increased optimization that can result in longer processing time
Info (170199): The Fitter performed an Auto Fit compilation.  Optimizations were skipped to reduce compilation time.
    Info (170201): Optimizations that may affect the design's routability were skipped
Info (170194): Fitter routing operations ending: elapsed time is 00:11:41
Info (170197): The Fitter will not skip routability optimizations in all subsequent fit attempts
Info (170189): Fitter placement preparation operations beginning
Info (170190): Fitter placement preparation operations ending: elapsed time is 00:00:21
Info (170191): Fitter placement operations beginning
Info (170137): Fitter placement was successful
Info (170192): Fitter placement operations ending: elapsed time is 00:16:33
Info (170193): Fitter routing operations beginning
Info (170195): Router estimated average interconnect usage is 25% of the available device resources
    Info (170196): Router estimated peak interconnect usage is 59% of the available device resources in the region that extends from location X34_Y24 to location X45_Y36
Info (170202): The Fitter performed an Auto Fit compilation.  No optimizations were skipped because the design's timing and routability requirements required full optimization.
Info (170194): Fitter routing operations ending: elapsed time is 00:26:24
Info (11888): Total time spent on timing analysis during the Fitter is 302.07 seconds.
Info (334003): Started post-fitting delay annotation
Info (334004): Delay annotation completed successfully
Info (334003): Started post-fitting delay annotation
Info (334004): Delay annotation completed successfully
Info (11218): Fitter post-fit operations ending: elapsed time is 00:00:27
Warning (171167): Found invalid Fitter assignments. See the Ignored Assignments panel in the Fitter Compilation Report for more information.
Info (144001): Generated suppressed messages file C:/Users/usuario/Desktop/Projeto Final/Nova pasta/output_files/Processador_GUI_MIPS.fit.smsg
Info: Quartus Prime Fitter was successful. 0 errors, 16 warnings
    Info: Peak virtual memory: 6619 megabytes
    Info: Processing ended: Mon Jul 28 22:18:16 2025
    Info: Elapsed time: 01:03:07
    Info: Total CPU time (on all processors): 01:04:41


+----------------------------+
; Fitter Suppressed Messages ;
+----------------------------+
The suppressed messages can be found in C:/Users/usuario/Desktop/Projeto Final/Nova pasta/output_files/Processador_GUI_MIPS.fit.smsg.


